sha256	bytes	artifact_path
325963567d368b67ec8cc445c4d7ff764be3dfeb91738bcd4f0ba16a88945c3b	1670	154a7ee4-1d21-49a4-b8bf-7d2003a6c941-binaries.json
c28fc39966d761984cfc2ee72e63f6c8e32f9a985743c139814a2c2c6458ea77	9186	154a7ee4-1d21-49a4-b8bf-7d2003a6c941-junit.xml
fb71bf4ef37c7ee45ff8e69a60cf7963a227d5e7f56ec24b8c625832c56f425f	2046	2fb5ff24-2a7e-41e9-ae43-f84ebca56d06-binaries.json
3afdf3b1ccedf093be0fe5b759509c8d402c3f46aff14e2c66045807a827137a	10364	2fb5ff24-2a7e-41e9-ae43-f84ebca56d06-junit.xml
68944a413c93223a84fa8ccd5053bf5859008b006f5f93a61ee0eaf00777afd5	5985	2fb5ff24-2a7e-41e9-ae43-f84ebca56d06-test-summary.json
3a2c25c6a65de6e698fe661ea4b41eb8246627e1999f22efcfcb140ccaf12f97	1092	6254678d-b658-4320-90d8-0e5619139971-binaries.json
5c8c956b58e4b9c1642d8310751a701b4eba1e2218921ae1484fe66ea9c6331b	3652	6254678d-b658-4320-90d8-0e5619139971-junit.xml
5ce99078bd6eea87c88946c9fe9b28b963569dbb3aeabbd80d4d836f42efd73f	2046	668fb2d1-feeb-4d06-8c8a-ec804338d113-binaries.json
13220b28fbe6484aa664c1a2a8d540101a1d4748880b68562ccc1e2099e1850a	36886	668fb2d1-feeb-4d06-8c8a-ec804338d113-junit.xml
c67095122a110b5945abd26566d9fee1add94df79c801f188209a02a13349e65	279	a8e9d5d5-b3c2-437e-8135-3cef24e19635-binaries.json
66560774e80a019faa5621712e018e170cdcc14694303387eed0a917b3e7361c	335	a8e9d5d5-b3c2-437e-8135-3cef24e19635-junit.xml
d5ad7041bfdb65e6c684306ef7cfb19f999bdfc044aaf9fc0d4ead479dc93fa6	206	a8e9d5d5-b3c2-437e-8135-3cef24e19635-nbsd.json
946ae8b30739718d8ee55a5781fc7403ae162f58bb3eb9636563d5f4d21f4b3e	5006	a8e9d5d5-b3c2-437e-8135-3cef24e19635-terminal-proof.json
b76ea323609df833db69ee045c415e7a692b9c5f548cf2e852373fa3197fb5b3	117	a8e9d5d5-b3c2-437e-8135-3cef24e19635-tests.json
2fb8756be57b3b8e73d8864f11f62b9ab61829a1b394d7ee5f13e75cf8fe6edd	640	action-7a666275-junit.xml
b64a556fd07a125417c16e5925da56f114b77b18ba0870fa8f373014684a7efd	16273	action-7a666275.json
8893977b29889958400990238a115ea1573f6570e547d0a49a1b741be4682d3d	1241	action-final-audit-7a666275.json
9f8a30bfe0a72aed0f1117a267dc92cf0c4593c7ec640f0e4481689d658f4f7e	16273	action-fixed-7a666275.json
ccbc1c835485536c02816746fd669b8e8a5834ae7290c9bb576305d3f9807b13	4205	action-plan-7a666275.json
ae37d826aac2deb9f1268e02d89c948cb4329df0ee7889d23eb29713cb4947c0	4265	action-plan-fixed-7a666275.json
596bae996889ab1161b33bc0a7d01bf9786f0ff3b59e51312391f37bdd4d86f5	4247	action-plan-j16-7a666275.json
580cff4bb9864d4b47ff60470e231bdf3577b5c852f2d407fe31425f527c0b9c	1065	ada12002-0402-4270-809a-6147ea94215b-binaries.json
e983c3f6c23bd24029c5af19621ab6fca54d029f125455343084b0607358bec0	262	ada12002-0402-4270-809a-6147ea94215b-release-bench.json
950738d449e3084fa3754776249fca99f155313a2d146159399bc93511b2081e	3379	ada12002-0402-4270-809a-6147ea94215b-terminal-proof.json
cc612688bf0d21a5a1cf54372b73c070286b6bf438ab7800cc79a087a80f73a6	1047	baseline-abda65c9-junit.xml
8d0ae8640ea2ee9d71c608af72beb2aa2182d10d0b1a6cba5bec342cbc1bae5c	16075	baseline-abda65c9.json
61dbaeca4576594a71bc31f2fbe4f946d89a1968fbc3d6ac9aba90ffef9f618f	4258	baseline-plan-abda65c9.json
f5a6f86d46c0460015d845f03d159faf6a6a8595a5ebca0eddf0e3dfe37e5db3	5593	baseline2-abda65c9-junit.xml
e0b9a3d4c77b25ce64039612ecc927ba31130924c6ff36f0b9958b067c6885f2	16075	baseline2-abda65c9.json
46a3124ba9c6cc0e164d3b15601bf6aff0bd0e6cccdc6e15fbedd000f6f86fab	4293	baseline2-plan-abda65c9.json
00c321c971a2b6ea4b53bc1b2926b198d4305dbb6fe0f3687ee7dc6f67612dd3	5974	baseline3-abda65c9-junit.xml
79dc05c50b7c9499edb9f51ad05c603ea80e7cf49635adcaac0dbb0d0917e945	16075	baseline3-abda65c9.json
c355ad2d4e7115c76b42d04d90fcad77b3b50c785e0e5b10f1baa541ed81204f	4279	baseline3-plan-abda65c9.json
64deede32934091c27abb49281697a597651543a08a22b509558806870e42a30	6202	baseline4-abda65c9-junit.xml
b0ad2313b7d97aebd268f8973a390e4e85173f3c3ed6bf46e151202918db5f30	16075	baseline4-abda65c9.json
cb84f0e637eda817b1738a2c43336db51ff6b93a6d2f245ca0a7f5aa37fabd02	4251	baseline4-plan-abda65c9.json
4205d623abe6cd8b1cdf6bb9b4136c45f8c3802cfac7906e9f7e2849b92ce303	102881	completion-plan-154a7ee4-1d21-49a4-b8bf-7d2003a6c941.json
62a31c502215f118d5d0b38f0ceb418e71e69aae2f77ff8e754d9f3c407e6324	85286	completion-plan-6254678d-b658-4320-90d8-0e5619139971.json
4dab490fa276f77bfad9370a5d89953b53702c99800b2d088ea256add175537f	38579	completion-plan-6d4bed06-51e4-4392-848a-9c4b8ccab7b4.json
57e1c9c47c93d704bcae4afe9c7436d20c11d011f1c149a908f40020a5bb47dc	101347	completion-plan-a8e9d5d5-b3c2-437e-8135-3cef24e19635.json
e79cefc7e7740c12e2e22b04879d35ea280a269f3093f721e0ab8f068b5184b9	56032	completion-plan-ada12002-0402-4270-809a-6147ea94215b.json
0a6ad1894578027d6a28a11ae981bd1fe98ec9b78fdf188a00b79057ea43cdc0	16075	final-abda65c9.json
d39cacb334d3d6b5d4c307e386aedd4095638537a83bdf4ce17d5569fed858eb	6928	final-audit-abda65c9.json
333ab1db528309dd5284e55d6a1a4c93a7d43091c615fd7b48a3427b46d52158	4356	final-plan-abda65c9.json
5872669f5ac8421d94a72926d0c67629473c73e43ac506ecf2e08d42f4ec7139	3386	final2-abda65c9-junit.xml
0a6ad1894578027d6a28a11ae981bd1fe98ec9b78fdf188a00b79057ea43cdc0	16075	final2-abda65c9.json
f87d4907f526b913ca0f5f5a25d178ac589e6a6fe94461990b6924e28815bb6e	4360	final2-plan-abda65c9.json
427f1289b8c83a7f77e8e352e082358b11857b7dbbd03091f0af42bbc800f6ac	12981	helper-plan-204a0c68-3a42-47c8-974c-d12317fe4b39.json
741a0c4828b1f3530d4a197e4d8bab44e2bf6c9d5160229f26d7520d86d2ceec	12901	helper-plan-ea54fbe4-9364-4470-9539-09f79c1f172e.json
6fc7e831d4fb99a667d694c3805daf293fe9ccf367b46fc70a33b738014317dc	93475	integration-plan-2fb5ff24-2a7e-41e9-ae43-f84ebca56d06.json
61b95f13216ec57c6ec1ea386b600e7ab928cae897e7ea30b98476431d49acb6	63491	integration-plan-668fb2d1-feeb-4d06-8c8a-ec804338d113.json
86a71a211e87605979769d5396c6c0eadb6ba4ab1b0132ed036bdcab2b6b56b8	72772	integration-plan-8a693e54-2dd4-4593-bd9b-ec0c3d21b96d.json
bdc229db8fbfea7c0138cb72ecad31dafe046ecfeb32b011130d8f58e0d212bd	42121	integration-plan-df5c8107-3762-416f-b208-b50dea16aaa4.json
72db5ffc86eae38489918dc89d618ae3ae6a653bca9185039fee8d530708f5f6	72218	integration-plan-e1d4696b-124f-4da1-b597-27572fb0e2ea.json
2a962ba34bfc85933de4502908373f270e7d38f69114faf25156be70bccac11a	16273	protective-83e72dfd.json
586d7f5b82068772fe7e9171cc00ed1f3c850e1aebd35c7f19512b270b817af4	14697	snapshot-160a80ae-baa4-461a-ae7c-c02f55f0ebdd.json
8d99f36f4303de511bf0689844e7a3188d482a5756ae4f81dd863d7df4350e73	14697	snapshot-67002b14-c5df-45f0-aabc-fd4b5d58915f.json
0db33fdc6d43eefa9b20820d3565bc8d447e0f6cae1d856d0dab3bde040ca8bd	15837	snapshot-6c5f6d9b-e0fd-4017-b446-4fad6fe6b9e1.json
2bb4251281f7c1d523c0420e448337f0fbc7a584b3857dcdb9434a8280144fb0	16025	snapshot-891131de-7b6b-4a5a-8bcc-978a98e5abab.json
0269cc5669224a81787578466d3bba94fce946fb1991a188383f9331e44631b9	16025	snapshot-99cc10ba-f2ae-46ca-a762-67d24f73687a.json
bf28155ad5fc0f43f8c464e1a27d7ec463c51fa627f5f67ef0ac1d340e42a773	10496	snapshot-b500f712-a0f7-4e62-83aa-ad75ee48fb37.json
037db9fba82f4a67a6188d4b9bdb12401093328356da538685ce8b56c464a6ac	14502	snapshot-d44b66b5-539b-45be-bf50-40700bd93f9c.json
f0df98b1f06c629f51b56b5e8af8fde1cc2b4797b743019ae607ecef3a133853	16025	snapshot-e2724237-7299-4bc0-9b84-8918452bcdae.json
f36f2ee227c81561cfb16f053c438d726a86815b8cb7a4d81ea435eecc0ca02e	9072	snapshot-f2db648d-a7ac-4d04-996a-ecfbe9de4584.json
64dc6309e949287cf2cda3ed7f6b29e2ce1f43dcf96aaeb384d12062a8ecb7fa	102880	154a7ee4-1d21-49a4-b8bf-7d2003a6c941/plan.json
7d41bb560c267204c3597d22818dc28e660e669b8ffb8b56d22b42c901c800db	10285	154a7ee4-1d21-49a4-b8bf-7d2003a6c941/state.json
f35b5b76a19aaf7a101ecd537c901a36fbc2d10422c8e8446085c91876e29791	12980	204a0c68-3a42-47c8-974c-d12317fe4b39/plan.json
425bdb8c5de9b50c8a91e7903f4fce58edd98fff5cf837f62c47ed2e0ff91c68	5648	204a0c68-3a42-47c8-974c-d12317fe4b39/state.json
c97dd34db25fb251a4546e1930c5fd90bc2bde1ce23b65ef409d5e5102a134ac	93474	2fb5ff24-2a7e-41e9-ae43-f84ebca56d06/plan.json
8d139a8221549e5010bd98f7e57018384323d1486b41ed737b8789b6486d0f33	19244	2fb5ff24-2a7e-41e9-ae43-f84ebca56d06/state.json
847550a53ec1f77a5bcc0bd9a56eabc7667cbd1f2b03ef5d0df0a2921bfad46a	4204	505ba838-90e3-4d26-bb65-c1b23553473d/plan.json
b87bb48ad3ab7eec1e470d17a7986b648970bb9482bee9ba16abf0de99f899e3	3326	505ba838-90e3-4d26-bb65-c1b23553473d/state.json
e5ec866ea770b03fd1721e9f3bb069eb6309ccbd8ca7cc6cb448471bd458cb9c	85285	6254678d-b658-4320-90d8-0e5619139971/plan.json
192802b886c46cf4c5341106940ae9a23ab28fe00231266cc626760963a9c21c	10222	6254678d-b658-4320-90d8-0e5619139971/state.json
015af9393ca1ba2dbb45854b00d149b2076b912b7f0eb8ea47fe7fcd1a59107a	63490	668fb2d1-feeb-4d06-8c8a-ec804338d113/plan.json
824ebff64d672a3a137b760e8edff1f9667feab5d86adf8a93edcae3c5381329	10753	668fb2d1-feeb-4d06-8c8a-ec804338d113/state.json
669941dcc2988da4172d291edeab7dcea10564b6808160be0f97dd34728029cd	4292	6e4deb6f-ceae-44dc-b2db-2bd970ac794d/plan.json
a7c2d48f5cae1b4ae700384b08025a4d1a099de601eaf4d6c53f4375cf9eae76	5512	6e4deb6f-ceae-44dc-b2db-2bd970ac794d/state.json
660ae1bb47228fa03797a79ae79bb6ce16fc6b86287a525dcd6f60db3e7b644b	72771	8a693e54-2dd4-4593-bd9b-ec0c3d21b96d/plan.json
bdf395b83b1e0794e3bda3928baef5836848d503ab41a656342e301f970e687a	5385	8a693e54-2dd4-4593-bd9b-ec0c3d21b96d/state.json
279d259681b73e52b2086f2c2e03935912b7443daaa248879e7a4336bafa9b7c	4246	8de56bf8-a4ce-4887-bb6b-51c4fc194865/plan.json
90c3ef8f8ae51e23f24245e89071c809c2c1d33221ff46ef07b5f73f0f67ec43	2781	8de56bf8-a4ce-4887-bb6b-51c4fc194865/state.json
18337b0eb0664642166fc377c89be39c7204ea48c5ea62129c034ae5d49f20ba	4250	9942c65a-67a6-44d6-b94a-8ef2a1ea89a2/plan.json
65425b9c348e240bc47f45cbaef0896cba13194f3036ca4d96eafbeeae4b0cfb	5512	9942c65a-67a6-44d6-b94a-8ef2a1ea89a2/state.json
ccdf7f59c6483a179e8ad026a1b002e8789adab8a2c385d146bc862dbfb64190	5	a8e9d5d5-b3c2-437e-8135-3cef24e19635/build-release-bench.stderr
e3b0c44298fc1c149afbf4c8996fb92427ae41e4649b934ca495991b7852b855	0	a8e9d5d5-b3c2-437e-8135-3cef24e19635/build-release-bench.stdout
15100588c3e01d018d2604ba2d319624cad8868505190e694479a93f27a99fb7	101346	a8e9d5d5-b3c2-437e-8135-3cef24e19635/plan.json
38071dfdae623a9211bbc0f3ae2a45bd600cbece90982297f9e1fe7844a1a536	21045	a8e9d5d5-b3c2-437e-8135-3cef24e19635/state.json
a0807cae1f340ea0fcbd067a06cca2a4ff26659bc5c2674391916b6f1fecaac2	2427	a8e9d5d5-b3c2-437e-8135-3cef24e19635-tooling-smoke/executions.json
e3b0c44298fc1c149afbf4c8996fb92427ae41e4649b934ca495991b7852b855	0	a8e9d5d5-b3c2-437e-8135-3cef24e19635-tooling-smoke/report.stderr
e3b0c44298fc1c149afbf4c8996fb92427ae41e4649b934ca495991b7852b855	0	a8e9d5d5-b3c2-437e-8135-3cef24e19635-tooling-smoke/report.stdout
3c141a09d983fbaba7a0be4b52d9a23484b3e36e9b464dfa64d65e1116ecf3ba	2710	a8e9d5d5-b3c2-437e-8135-3cef24e19635-tooling-smoke/result.json
b36e9ac0bd2537a1c2f5cbf223dd1e9296c4e39e93172d6fde75851a6db9cbe6	1892	a8e9d5d5-b3c2-437e-8135-3cef24e19635-tooling-smoke/inputs/micro-smoke.json
22b77cf9b7a4707caf81d013462825c4b1f147bd884f704e5d870848d397ab80	703	a8e9d5d5-b3c2-437e-8135-3cef24e19635-tooling-smoke/inputs/read-profiles.json
04ca39fb1dbb1048a8105e16d3b6486fc3b10675ef7e8753debba2bd74d272f6	128	a8e9d5d5-b3c2-437e-8135-3cef24e19635-tooling-smoke/inputs/reads.tsv
e3b0c44298fc1c149afbf4c8996fb92427ae41e4649b934ca495991b7852b855	0	a8e9d5d5-b3c2-437e-8135-3cef24e19635-tooling-smoke/micro/0-fastlz-131072.stderr
5b49e9281d46aab7501f0ada7ab708e4364da804b1876284dd6b3894cbe32dd0	604	a8e9d5d5-b3c2-437e-8135-3cef24e19635-tooling-smoke/micro/0-fastlz-131072.tsv
e3b0c44298fc1c149afbf4c8996fb92427ae41e4649b934ca495991b7852b855	0	a8e9d5d5-b3c2-437e-8135-3cef24e19635-tooling-smoke/micro/0-fastlz-16384.stderr
4403e88d666bce2c89bf344db6594c9f4a5aa2db672a85b2b4d5181534067597	604	a8e9d5d5-b3c2-437e-8135-3cef24e19635-tooling-smoke/micro/0-fastlz-16384.tsv
e3b0c44298fc1c149afbf4c8996fb92427ae41e4649b934ca495991b7852b855	0	a8e9d5d5-b3c2-437e-8135-3cef24e19635-tooling-smoke/micro/0-fastlz-262144.stderr
b0f83c5207a752c0d29a33295603c51a7bf22123091e664a3d926302cb9151fa	606	a8e9d5d5-b3c2-437e-8135-3cef24e19635-tooling-smoke/micro/0-fastlz-262144.tsv
e3b0c44298fc1c149afbf4c8996fb92427ae41e4649b934ca495991b7852b855	0	a8e9d5d5-b3c2-437e-8135-3cef24e19635-tooling-smoke/micro/0-fastlz-32768.stderr
125ae54f6f9978c8061e9737abc5a09101fd52a143a60222370b2eb8779e74a2	604	a8e9d5d5-b3c2-437e-8135-3cef24e19635-tooling-smoke/micro/0-fastlz-32768.tsv
e3b0c44298fc1c149afbf4c8996fb92427ae41e4649b934ca495991b7852b855	0	a8e9d5d5-b3c2-437e-8135-3cef24e19635-tooling-smoke/micro/0-fastlz-4194304.stderr
758930ec451e2aa48791c91d4b23d8874ffb81d43e25dfaa769387f3ee1c0041	606	a8e9d5d5-b3c2-437e-8135-3cef24e19635-tooling-smoke/micro/0-fastlz-4194304.tsv
e3b0c44298fc1c149afbf4c8996fb92427ae41e4649b934ca495991b7852b855	0	a8e9d5d5-b3c2-437e-8135-3cef24e19635-tooling-smoke/micro/0-fastlz-65536.stderr
1926a8c80bbb2f1284330018dc8892696c4fcd7d57ba0fcd2eaa8b80ee074fc6	606	a8e9d5d5-b3c2-437e-8135-3cef24e19635-tooling-smoke/micro/0-fastlz-65536.tsv
e3b0c44298fc1c149afbf4c8996fb92427ae41e4649b934ca495991b7852b855	0	a8e9d5d5-b3c2-437e-8135-3cef24e19635-tooling-smoke/micro/0-lz4-131072.stderr
6fa956e08c02c4b3e21107c11ea847c3a2cdb6b84f21f4f5fae7f91427b1535e	600	a8e9d5d5-b3c2-437e-8135-3cef24e19635-tooling-smoke/micro/0-lz4-131072.tsv
e3b0c44298fc1c149afbf4c8996fb92427ae41e4649b934ca495991b7852b855	0	a8e9d5d5-b3c2-437e-8135-3cef24e19635-tooling-smoke/micro/0-lz4-16384.stderr
52d0b267d7562a3a18a3edccc20566f211bfdbe5b89fcc9033a3136f4adf17b2	602	a8e9d5d5-b3c2-437e-8135-3cef24e19635-tooling-smoke/micro/0-lz4-16384.tsv
e3b0c44298fc1c149afbf4c8996fb92427ae41e4649b934ca495991b7852b855	0	a8e9d5d5-b3c2-437e-8135-3cef24e19635-tooling-smoke/micro/0-lz4-262144.stderr
3bd25be825d5323e86d4af58ee86405bfc117bb159881a79a9d263052e3adbd2	600	a8e9d5d5-b3c2-437e-8135-3cef24e19635-tooling-smoke/micro/0-lz4-262144.tsv
e3b0c44298fc1c149afbf4c8996fb92427ae41e4649b934ca495991b7852b855	0	a8e9d5d5-b3c2-437e-8135-3cef24e19635-tooling-smoke/micro/0-lz4-32768.stderr
3ab720e70123b947d8ac6e6e52f006789d4208ae95c15a873ba10c1d03d3a841	602	a8e9d5d5-b3c2-437e-8135-3cef24e19635-tooling-smoke/micro/0-lz4-32768.tsv
e3b0c44298fc1c149afbf4c8996fb92427ae41e4649b934ca495991b7852b855	0	a8e9d5d5-b3c2-437e-8135-3cef24e19635-tooling-smoke/micro/0-lz4-4194304.stderr
635deb617b152aca66b8e753902103735665aa181ae56aeba92cf8a2b951b7d2	600	a8e9d5d5-b3c2-437e-8135-3cef24e19635-tooling-smoke/micro/0-lz4-4194304.tsv
e3b0c44298fc1c149afbf4c8996fb92427ae41e4649b934ca495991b7852b855	0	a8e9d5d5-b3c2-437e-8135-3cef24e19635-tooling-smoke/micro/0-lz4-65536.stderr
ef016b1503eac20dbc65a692562989206d1f95b03a6ef646af7069e57cff543d	603	a8e9d5d5-b3c2-437e-8135-3cef24e19635-tooling-smoke/micro/0-lz4-65536.tsv
e3b0c44298fc1c149afbf4c8996fb92427ae41e4649b934ca495991b7852b855	0	a8e9d5d5-b3c2-437e-8135-3cef24e19635-tooling-smoke/micro/0-snappy-131072.stderr
9ea0591b0be0449e15378c95a6bd09efe2efae3c42fae7756263fa9c3a5e99d7	600	a8e9d5d5-b3c2-437e-8135-3cef24e19635-tooling-smoke/micro/0-snappy-131072.tsv
e3b0c44298fc1c149afbf4c8996fb92427ae41e4649b934ca495991b7852b855	0	a8e9d5d5-b3c2-437e-8135-3cef24e19635-tooling-smoke/micro/0-snappy-16384.stderr
5ad53bedcf945319051fee2a3738c8ce2318d4d35a441921041314b1168d6548	602	a8e9d5d5-b3c2-437e-8135-3cef24e19635-tooling-smoke/micro/0-snappy-16384.tsv
e3b0c44298fc1c149afbf4c8996fb92427ae41e4649b934ca495991b7852b855	0	a8e9d5d5-b3c2-437e-8135-3cef24e19635-tooling-smoke/micro/0-snappy-262144.stderr
385c9a7e8f5e7155d0ab6d5571190694bf401675f2680d0fa8991b04f7f68588	600	a8e9d5d5-b3c2-437e-8135-3cef24e19635-tooling-smoke/micro/0-snappy-262144.tsv
e3b0c44298fc1c149afbf4c8996fb92427ae41e4649b934ca495991b7852b855	0	a8e9d5d5-b3c2-437e-8135-3cef24e19635-tooling-smoke/micro/0-snappy-32768.stderr
8636ad59563adb4d3a36276d861c0c89ab6f4f18376859a8adadc04e30ed8441	602	a8e9d5d5-b3c2-437e-8135-3cef24e19635-tooling-smoke/micro/0-snappy-32768.tsv
e3b0c44298fc1c149afbf4c8996fb92427ae41e4649b934ca495991b7852b855	0	a8e9d5d5-b3c2-437e-8135-3cef24e19635-tooling-smoke/micro/0-snappy-4194304.stderr
50d2eda760359532aa550c68941848d966070fde3582482f375ee73da8b5793d	600	a8e9d5d5-b3c2-437e-8135-3cef24e19635-tooling-smoke/micro/0-snappy-4194304.tsv
e3b0c44298fc1c149afbf4c8996fb92427ae41e4649b934ca495991b7852b855	0	a8e9d5d5-b3c2-437e-8135-3cef24e19635-tooling-smoke/micro/0-snappy-65536.stderr
b6724bcb5c9543ba079e629f3017c10954c75e373914759d29be2e174f840fef	602	a8e9d5d5-b3c2-437e-8135-3cef24e19635-tooling-smoke/micro/0-snappy-65536.tsv
e3b0c44298fc1c149afbf4c8996fb92427ae41e4649b934ca495991b7852b855	0	a8e9d5d5-b3c2-437e-8135-3cef24e19635-tooling-smoke/micro/0-zstd-1-131072.stderr
8309fe48df2830d22e203443562dc4285d63ce363f7c6639e69382e8a1035696	600	a8e9d5d5-b3c2-437e-8135-3cef24e19635-tooling-smoke/micro/0-zstd-1-131072.tsv
e3b0c44298fc1c149afbf4c8996fb92427ae41e4649b934ca495991b7852b855	0	a8e9d5d5-b3c2-437e-8135-3cef24e19635-tooling-smoke/micro/0-zstd-1-16384.stderr
b41edec8fc7035f6e27de48866e112a0705d4760f479500d069ce1ab2c38d4ed	604	a8e9d5d5-b3c2-437e-8135-3cef24e19635-tooling-smoke/micro/0-zstd-1-16384.tsv
e3b0c44298fc1c149afbf4c8996fb92427ae41e4649b934ca495991b7852b855	0	a8e9d5d5-b3c2-437e-8135-3cef24e19635-tooling-smoke/micro/0-zstd-1-262144.stderr
09ce3e0f5ac16d04f23be15aed82b751ef0713df432c3863a96c887b65be1694	600	a8e9d5d5-b3c2-437e-8135-3cef24e19635-tooling-smoke/micro/0-zstd-1-262144.tsv
e3b0c44298fc1c149afbf4c8996fb92427ae41e4649b934ca495991b7852b855	0	a8e9d5d5-b3c2-437e-8135-3cef24e19635-tooling-smoke/micro/0-zstd-1-32768.stderr
e1a34fb60b8508a6917c81ce087c0820cc59be60ab9b892c01a4f5e7cddc32b1	604	a8e9d5d5-b3c2-437e-8135-3cef24e19635-tooling-smoke/micro/0-zstd-1-32768.tsv
e3b0c44298fc1c149afbf4c8996fb92427ae41e4649b934ca495991b7852b855	0	a8e9d5d5-b3c2-437e-8135-3cef24e19635-tooling-smoke/micro/0-zstd-1-4194304.stderr
5588c3d3d9219875c6b976a3f6d15efb8e85e2ab0fc62992145be457e3a89601	600	a8e9d5d5-b3c2-437e-8135-3cef24e19635-tooling-smoke/micro/0-zstd-1-4194304.tsv
e3b0c44298fc1c149afbf4c8996fb92427ae41e4649b934ca495991b7852b855	0	a8e9d5d5-b3c2-437e-8135-3cef24e19635-tooling-smoke/micro/0-zstd-1-65536.stderr
2efd80f160bee59c5ca6b2722c25a2a15152193c1312bddad3e253798bcf56dc	602	a8e9d5d5-b3c2-437e-8135-3cef24e19635-tooling-smoke/micro/0-zstd-1-65536.tsv
e3b0c44298fc1c149afbf4c8996fb92427ae41e4649b934ca495991b7852b855	0	a8e9d5d5-b3c2-437e-8135-3cef24e19635-tooling-smoke/micro/0-zstd-3-131072.stderr
10bb8913dbed26674c459e230a20c1c668d10817e5b020f7665dffa75a348970	602	a8e9d5d5-b3c2-437e-8135-3cef24e19635-tooling-smoke/micro/0-zstd-3-131072.tsv
e3b0c44298fc1c149afbf4c8996fb92427ae41e4649b934ca495991b7852b855	0	a8e9d5d5-b3c2-437e-8135-3cef24e19635-tooling-smoke/micro/0-zstd-3-16384.stderr
20e844fd2b2de5d32f3ac2e18039916894545d7e2038280a83fa7ec92e268d37	606	a8e9d5d5-b3c2-437e-8135-3cef24e19635-tooling-smoke/micro/0-zstd-3-16384.tsv
e3b0c44298fc1c149afbf4c8996fb92427ae41e4649b934ca495991b7852b855	0	a8e9d5d5-b3c2-437e-8135-3cef24e19635-tooling-smoke/micro/0-zstd-3-262144.stderr
594055c62fa1263920bfef1fca6dd72a394b597157248f1b01f4bf9592147875	600	a8e9d5d5-b3c2-437e-8135-3cef24e19635-tooling-smoke/micro/0-zstd-3-262144.tsv
e3b0c44298fc1c149afbf4c8996fb92427ae41e4649b934ca495991b7852b855	0	a8e9d5d5-b3c2-437e-8135-3cef24e19635-tooling-smoke/micro/0-zstd-3-32768.stderr
31dd850943c83bb3fcf3dbc23074679b016b3ea76f1b30a2144efdd6070110a5	604	a8e9d5d5-b3c2-437e-8135-3cef24e19635-tooling-smoke/micro/0-zstd-3-32768.tsv
e3b0c44298fc1c149afbf4c8996fb92427ae41e4649b934ca495991b7852b855	0	a8e9d5d5-b3c2-437e-8135-3cef24e19635-tooling-smoke/micro/0-zstd-3-4194304.stderr
51b501e92bea64b1bad7752373e8f4112f2eca36ed79e8fbc4013fc402a54da5	602	a8e9d5d5-b3c2-437e-8135-3cef24e19635-tooling-smoke/micro/0-zstd-3-4194304.tsv
e3b0c44298fc1c149afbf4c8996fb92427ae41e4649b934ca495991b7852b855	0	a8e9d5d5-b3c2-437e-8135-3cef24e19635-tooling-smoke/micro/0-zstd-3-65536.stderr
abd4bafa595ec89fa3b31fb20797d23d14670009f23b0366386ddce2c3d2cc5e	604	a8e9d5d5-b3c2-437e-8135-3cef24e19635-tooling-smoke/micro/0-zstd-3-65536.tsv
e3b0c44298fc1c149afbf4c8996fb92427ae41e4649b934ca495991b7852b855	0	a8e9d5d5-b3c2-437e-8135-3cef24e19635-tooling-smoke/micro/0-zstd-fast-131072.stderr
8f0ddc3cac267f92704e158b6698f95975fd57026ecb62bb04805f060d408f7f	600	a8e9d5d5-b3c2-437e-8135-3cef24e19635-tooling-smoke/micro/0-zstd-fast-131072.tsv
e3b0c44298fc1c149afbf4c8996fb92427ae41e4649b934ca495991b7852b855	0	a8e9d5d5-b3c2-437e-8135-3cef24e19635-tooling-smoke/micro/0-zstd-fast-16384.stderr
9dc5771c6092078d36c2c069d3e72805d0f34e31157006e9f4764cb15d823a91	602	a8e9d5d5-b3c2-437e-8135-3cef24e19635-tooling-smoke/micro/0-zstd-fast-16384.tsv
e3b0c44298fc1c149afbf4c8996fb92427ae41e4649b934ca495991b7852b855	0	a8e9d5d5-b3c2-437e-8135-3cef24e19635-tooling-smoke/micro/0-zstd-fast-262144.stderr
a0fdc4ee972cd4d4c76ed8437bbd570f5a9e5fa6fc6a425f9e644cd392ef66ba	600	a8e9d5d5-b3c2-437e-8135-3cef24e19635-tooling-smoke/micro/0-zstd-fast-262144.tsv
e3b0c44298fc1c149afbf4c8996fb92427ae41e4649b934ca495991b7852b855	0	a8e9d5d5-b3c2-437e-8135-3cef24e19635-tooling-smoke/micro/0-zstd-fast-32768.stderr
1f8c0712f9b8da78eb777695dc710f172dae447ad63746c744b3fe0e1c4ab5ec	602	a8e9d5d5-b3c2-437e-8135-3cef24e19635-tooling-smoke/micro/0-zstd-fast-32768.tsv
e3b0c44298fc1c149afbf4c8996fb92427ae41e4649b934ca495991b7852b855	0	a8e9d5d5-b3c2-437e-8135-3cef24e19635-tooling-smoke/micro/0-zstd-fast-4194304.stderr
873df69b038f2e9a10d72c8aef1f9d369afa06b9006aca5b71037fe9ed63740b	600	a8e9d5d5-b3c2-437e-8135-3cef24e19635-tooling-smoke/micro/0-zstd-fast-4194304.tsv
e3b0c44298fc1c149afbf4c8996fb92427ae41e4649b934ca495991b7852b855	0	a8e9d5d5-b3c2-437e-8135-3cef24e19635-tooling-smoke/micro/0-zstd-fast-65536.stderr
2fa695e3ddf8aa7703c38f116920d78468f4b1ef396589c9f299e0eb5a4a112d	602	a8e9d5d5-b3c2-437e-8135-3cef24e19635-tooling-smoke/micro/0-zstd-fast-65536.tsv
e3b0c44298fc1c149afbf4c8996fb92427ae41e4649b934ca495991b7852b855	0	a8e9d5d5-b3c2-437e-8135-3cef24e19635-tooling-smoke/micro/1-fastlz-131072.stderr
0ac8b13552de5e6aaa6d45f562a02dbedfe6e67dec181bb82cf2cbc3eb15ebf5	634	a8e9d5d5-b3c2-437e-8135-3cef24e19635-tooling-smoke/micro/1-fastlz-131072.tsv
e3b0c44298fc1c149afbf4c8996fb92427ae41e4649b934ca495991b7852b855	0	a8e9d5d5-b3c2-437e-8135-3cef24e19635-tooling-smoke/micro/1-fastlz-16384.stderr
445f1b89636d30594469a9a1e97f45f1868d94041b466582d552d3293e3927da	634	a8e9d5d5-b3c2-437e-8135-3cef24e19635-tooling-smoke/micro/1-fastlz-16384.tsv
e3b0c44298fc1c149afbf4c8996fb92427ae41e4649b934ca495991b7852b855	0	a8e9d5d5-b3c2-437e-8135-3cef24e19635-tooling-smoke/micro/1-fastlz-262144.stderr
2d5e7f560ba229f1ec33962ac1212be958f2fae9243a3aeca267ef3feff09758	638	a8e9d5d5-b3c2-437e-8135-3cef24e19635-tooling-smoke/micro/1-fastlz-262144.tsv
e3b0c44298fc1c149afbf4c8996fb92427ae41e4649b934ca495991b7852b855	0	a8e9d5d5-b3c2-437e-8135-3cef24e19635-tooling-smoke/micro/1-fastlz-32768.stderr
8c936d3ba9924801b3c0d98ee843b0ad28bd798e5c6636acab6d4559592cb4a8	633	a8e9d5d5-b3c2-437e-8135-3cef24e19635-tooling-smoke/micro/1-fastlz-32768.tsv
e3b0c44298fc1c149afbf4c8996fb92427ae41e4649b934ca495991b7852b855	0	a8e9d5d5-b3c2-437e-8135-3cef24e19635-tooling-smoke/micro/1-fastlz-4194304.stderr
3760ce0fb72ac76cb5352d44fa306b72075ecb113c1c974978ff77b1cce9c4f3	650	a8e9d5d5-b3c2-437e-8135-3cef24e19635-tooling-smoke/micro/1-fastlz-4194304.tsv
e3b0c44298fc1c149afbf4c8996fb92427ae41e4649b934ca495991b7852b855	0	a8e9d5d5-b3c2-437e-8135-3cef24e19635-tooling-smoke/micro/1-fastlz-65536.stderr
9fcde65a911bb31d8cb7f61e984b331795152a093a6c166f491bd4115464bf83	634	a8e9d5d5-b3c2-437e-8135-3cef24e19635-tooling-smoke/micro/1-fastlz-65536.tsv
e3b0c44298fc1c149afbf4c8996fb92427ae41e4649b934ca495991b7852b855	0	a8e9d5d5-b3c2-437e-8135-3cef24e19635-tooling-smoke/micro/1-lz4-131072.stderr
dd715ad61542ca02d5e1a1404dd95365bd05efa4c7e4bcf3d9f84338fb2801eb	612	a8e9d5d5-b3c2-437e-8135-3cef24e19635-tooling-smoke/micro/1-lz4-131072.tsv
e3b0c44298fc1c149afbf4c8996fb92427ae41e4649b934ca495991b7852b855	0	a8e9d5d5-b3c2-437e-8135-3cef24e19635-tooling-smoke/micro/1-lz4-16384.stderr
89c3fdfa2c27b7069fcb81de22e9434d662386d6baa64272c4e8ae4380620f23	614	a8e9d5d5-b3c2-437e-8135-3cef24e19635-tooling-smoke/micro/1-lz4-16384.tsv
e3b0c44298fc1c149afbf4c8996fb92427ae41e4649b934ca495991b7852b855	0	a8e9d5d5-b3c2-437e-8135-3cef24e19635-tooling-smoke/micro/1-lz4-262144.stderr
624a60089e27a31a532f948a467e979582fd5aed74620b20fe2789167107b86a	616	a8e9d5d5-b3c2-437e-8135-3cef24e19635-tooling-smoke/micro/1-lz4-262144.tsv
e3b0c44298fc1c149afbf4c8996fb92427ae41e4649b934ca495991b7852b855	0	a8e9d5d5-b3c2-437e-8135-3cef24e19635-tooling-smoke/micro/1-lz4-32768.stderr
083702391f6ba0565368f0add6abae1f76dca7c4c0d964f451428b49a9bdf5ba	618	a8e9d5d5-b3c2-437e-8135-3cef24e19635-tooling-smoke/micro/1-lz4-32768.tsv
e3b0c44298fc1c149afbf4c8996fb92427ae41e4649b934ca495991b7852b855	0	a8e9d5d5-b3c2-437e-8135-3cef24e19635-tooling-smoke/micro/1-lz4-4194304.stderr
ded5cd952cdfae98dc9cfec4a6d4f2b948f067c5e550e5f34c397c18a585962e	626	a8e9d5d5-b3c2-437e-8135-3cef24e19635-tooling-smoke/micro/1-lz4-4194304.tsv
e3b0c44298fc1c149afbf4c8996fb92427ae41e4649b934ca495991b7852b855	0	a8e9d5d5-b3c2-437e-8135-3cef24e19635-tooling-smoke/micro/1-lz4-65536.stderr
9b24090b9d03cd67d5ed36bc757e49411b4d2ddb8c905fdc55205454e852fdfa	610	a8e9d5d5-b3c2-437e-8135-3cef24e19635-tooling-smoke/micro/1-lz4-65536.tsv
e3b0c44298fc1c149afbf4c8996fb92427ae41e4649b934ca495991b7852b855	0	a8e9d5d5-b3c2-437e-8135-3cef24e19635-tooling-smoke/micro/1-snappy-131072.stderr
a467595bb9ec9304c2158018e2f3207951511bdb887cb8bd901c1c03216bd76e	630	a8e9d5d5-b3c2-437e-8135-3cef24e19635-tooling-smoke/micro/1-snappy-131072.tsv
e3b0c44298fc1c149afbf4c8996fb92427ae41e4649b934ca495991b7852b855	0	a8e9d5d5-b3c2-437e-8135-3cef24e19635-tooling-smoke/micro/1-snappy-16384.stderr
733dc302e6fde787250f70a8c17faef991f3f0029bd9b758d49e8bc96938f9f6	626	a8e9d5d5-b3c2-437e-8135-3cef24e19635-tooling-smoke/micro/1-snappy-16384.tsv
e3b0c44298fc1c149afbf4c8996fb92427ae41e4649b934ca495991b7852b855	0	a8e9d5d5-b3c2-437e-8135-3cef24e19635-tooling-smoke/micro/1-snappy-262144.stderr
ae5165171e8246884f577bb14b5bbfc96bfad737d18ff78e96e51902b57ade51	634	a8e9d5d5-b3c2-437e-8135-3cef24e19635-tooling-smoke/micro/1-snappy-262144.tsv
e3b0c44298fc1c149afbf4c8996fb92427ae41e4649b934ca495991b7852b855	0	a8e9d5d5-b3c2-437e-8135-3cef24e19635-tooling-smoke/micro/1-snappy-32768.stderr
1a921b8e44db7e1f334853849c8484b7278663370c706c80f76bc1c2f9d2b26c	630	a8e9d5d5-b3c2-437e-8135-3cef24e19635-tooling-smoke/micro/1-snappy-32768.tsv
e3b0c44298fc1c149afbf4c8996fb92427ae41e4649b934ca495991b7852b855	0	a8e9d5d5-b3c2-437e-8135-3cef24e19635-tooling-smoke/micro/1-snappy-4194304.stderr
043972d1f6386b583371cb07c88a40c3dbd8a2bfbd2432fdf5adcfe78385bc63	646	a8e9d5d5-b3c2-437e-8135-3cef24e19635-tooling-smoke/micro/1-snappy-4194304.tsv
e3b0c44298fc1c149afbf4c8996fb92427ae41e4649b934ca495991b7852b855	0	a8e9d5d5-b3c2-437e-8135-3cef24e19635-tooling-smoke/micro/1-snappy-65536.stderr
a56d632d1ddc5b18a53deddf214468a21490f73d3bdf820cf20765f3121c6ac5	626	a8e9d5d5-b3c2-437e-8135-3cef24e19635-tooling-smoke/micro/1-snappy-65536.tsv
e3b0c44298fc1c149afbf4c8996fb92427ae41e4649b934ca495991b7852b855	0	a8e9d5d5-b3c2-437e-8135-3cef24e19635-tooling-smoke/micro/1-zstd-1-131072.stderr
451ce15bbaf95608dfd04a5e66c1f354b8560a0e3486ff6c1ad38cd90edbfd56	592	a8e9d5d5-b3c2-437e-8135-3cef24e19635-tooling-smoke/micro/1-zstd-1-131072.tsv
e3b0c44298fc1c149afbf4c8996fb92427ae41e4649b934ca495991b7852b855	0	a8e9d5d5-b3c2-437e-8135-3cef24e19635-tooling-smoke/micro/1-zstd-1-16384.stderr
b04b43988350aad13afc2acca23f99b25c913fdbf388358cf12206f94a3eb058	606	a8e9d5d5-b3c2-437e-8135-3cef24e19635-tooling-smoke/micro/1-zstd-1-16384.tsv
e3b0c44298fc1c149afbf4c8996fb92427ae41e4649b934ca495991b7852b855	0	a8e9d5d5-b3c2-437e-8135-3cef24e19635-tooling-smoke/micro/1-zstd-1-262144.stderr
a1501bd43a31ac353928d100f02765d01c211ce474a276ac27006da779d23d6c	592	a8e9d5d5-b3c2-437e-8135-3cef24e19635-tooling-smoke/micro/1-zstd-1-262144.tsv
e3b0c44298fc1c149afbf4c8996fb92427ae41e4649b934ca495991b7852b855	0	a8e9d5d5-b3c2-437e-8135-3cef24e19635-tooling-smoke/micro/1-zstd-1-32768.stderr
f7a6a288cc10a9ba3f1f13781aaa6360065e881c7a7e090d11ba3638b1f380b2	606	a8e9d5d5-b3c2-437e-8135-3cef24e19635-tooling-smoke/micro/1-zstd-1-32768.tsv
e3b0c44298fc1c149afbf4c8996fb92427ae41e4649b934ca495991b7852b855	0	a8e9d5d5-b3c2-437e-8135-3cef24e19635-tooling-smoke/micro/1-zstd-1-4194304.stderr
a2150374adce703947394b9c7d8781739eb28fb12eb6ffb14c468e2d601187d2	596	a8e9d5d5-b3c2-437e-8135-3cef24e19635-tooling-smoke/micro/1-zstd-1-4194304.tsv
e3b0c44298fc1c149afbf4c8996fb92427ae41e4649b934ca495991b7852b855	0	a8e9d5d5-b3c2-437e-8135-3cef24e19635-tooling-smoke/micro/1-zstd-1-65536.stderr
873b70c74c893e6a960089bdc0c8f94f69a3f4eb73cc1fbed97b550802fbf0d4	600	a8e9d5d5-b3c2-437e-8135-3cef24e19635-tooling-smoke/micro/1-zstd-1-65536.tsv
e3b0c44298fc1c149afbf4c8996fb92427ae41e4649b934ca495991b7852b855	0	a8e9d5d5-b3c2-437e-8135-3cef24e19635-tooling-smoke/micro/1-zstd-3-131072.stderr
cf187233d5e8669c37b3f2f4bf4e5c6aee67c54d01d3d64ab54e9ea8cb6526ac	592	a8e9d5d5-b3c2-437e-8135-3cef24e19635-tooling-smoke/micro/1-zstd-3-131072.tsv
e3b0c44298fc1c149afbf4c8996fb92427ae41e4649b934ca495991b7852b855	0	a8e9d5d5-b3c2-437e-8135-3cef24e19635-tooling-smoke/micro/1-zstd-3-16384.stderr
65db211be9a1ca0a033bd9d0b6cd121f3b57efc79288eef19e6c4ec6399f4316	606	a8e9d5d5-b3c2-437e-8135-3cef24e19635-tooling-smoke/micro/1-zstd-3-16384.tsv
e3b0c44298fc1c149afbf4c8996fb92427ae41e4649b934ca495991b7852b855	0	a8e9d5d5-b3c2-437e-8135-3cef24e19635-tooling-smoke/micro/1-zstd-3-262144.stderr
ad31ef609cbf7a32035444dd48d3faba8f37894d436a1bf888122704a0e466cc	592	a8e9d5d5-b3c2-437e-8135-3cef24e19635-tooling-smoke/micro/1-zstd-3-262144.tsv
e3b0c44298fc1c149afbf4c8996fb92427ae41e4649b934ca495991b7852b855	0	a8e9d5d5-b3c2-437e-8135-3cef24e19635-tooling-smoke/micro/1-zstd-3-32768.stderr
bb81578e745279a2b956b2b9147507d5c62c7364e476f34a29ab7c7d0934759a	606	a8e9d5d5-b3c2-437e-8135-3cef24e19635-tooling-smoke/micro/1-zstd-3-32768.tsv
e3b0c44298fc1c149afbf4c8996fb92427ae41e4649b934ca495991b7852b855	0	a8e9d5d5-b3c2-437e-8135-3cef24e19635-tooling-smoke/micro/1-zstd-3-4194304.stderr
e12d6f76618d30906c636a871681678dbe9daa6c58d836927dfc07b802ea79ef	598	a8e9d5d5-b3c2-437e-8135-3cef24e19635-tooling-smoke/micro/1-zstd-3-4194304.tsv
e3b0c44298fc1c149afbf4c8996fb92427ae41e4649b934ca495991b7852b855	0	a8e9d5d5-b3c2-437e-8135-3cef24e19635-tooling-smoke/micro/1-zstd-3-65536.stderr
883b44fe4085ee9bd4702ed806dfde040774be9061e74cfeec4fab8758ad8052	600	a8e9d5d5-b3c2-437e-8135-3cef24e19635-tooling-smoke/micro/1-zstd-3-65536.tsv
e3b0c44298fc1c149afbf4c8996fb92427ae41e4649b934ca495991b7852b855	0	a8e9d5d5-b3c2-437e-8135-3cef24e19635-tooling-smoke/micro/1-zstd-fast-131072.stderr
a54829fb5031909ae0774e00ca9988885ff25a6ce2c16367dcf1621ae8b9f522	592	a8e9d5d5-b3c2-437e-8135-3cef24e19635-tooling-smoke/micro/1-zstd-fast-131072.tsv
e3b0c44298fc1c149afbf4c8996fb92427ae41e4649b934ca495991b7852b855	0	a8e9d5d5-b3c2-437e-8135-3cef24e19635-tooling-smoke/micro/1-zstd-fast-16384.stderr
c66f04f3408fb4524cc02db1067d3b62c2a6139dadeb3234639ecde0e6fe5fa4	606	a8e9d5d5-b3c2-437e-8135-3cef24e19635-tooling-smoke/micro/1-zstd-fast-16384.tsv
e3b0c44298fc1c149afbf4c8996fb92427ae41e4649b934ca495991b7852b855	0	a8e9d5d5-b3c2-437e-8135-3cef24e19635-tooling-smoke/micro/1-zstd-fast-262144.stderr
68d4e3bccf2a1861822a69b53e4795b30a1097b2f455f1a445747578c0d08851	592	a8e9d5d5-b3c2-437e-8135-3cef24e19635-tooling-smoke/micro/1-zstd-fast-262144.tsv
e3b0c44298fc1c149afbf4c8996fb92427ae41e4649b934ca495991b7852b855	0	a8e9d5d5-b3c2-437e-8135-3cef24e19635-tooling-smoke/micro/1-zstd-fast-32768.stderr
04f05390f666741acaa75f6eb8cae51948f8e9726da0983c5f902dfff6e3895a	606	a8e9d5d5-b3c2-437e-8135-3cef24e19635-tooling-smoke/micro/1-zstd-fast-32768.tsv
e3b0c44298fc1c149afbf4c8996fb92427ae41e4649b934ca495991b7852b855	0	a8e9d5d5-b3c2-437e-8135-3cef24e19635-tooling-smoke/micro/1-zstd-fast-4194304.stderr
25b1648ee1f8989b402a930d9f1edfc9eb5d5142471f764dec88e6ced61a6b4c	598	a8e9d5d5-b3c2-437e-8135-3cef24e19635-tooling-smoke/micro/1-zstd-fast-4194304.tsv
e3b0c44298fc1c149afbf4c8996fb92427ae41e4649b934ca495991b7852b855	0	a8e9d5d5-b3c2-437e-8135-3cef24e19635-tooling-smoke/micro/1-zstd-fast-65536.stderr
c88014e352d54287d1d79ee50f104a454f4bd0d76cc541c062b5b9e6ccba5029	600	a8e9d5d5-b3c2-437e-8135-3cef24e19635-tooling-smoke/micro/1-zstd-fast-65536.tsv
e82a31d4a5e79d6b76fdd295ebdc041239773835abf6d40451bb1c6234c8d8e6	61947	a8e9d5d5-b3c2-437e-8135-3cef24e19635-tooling-smoke/micro/executions.json
ff8cdb92db76340cd8670455ed944b6f07ee0a099f7ac3caa902f539f50d7070	88484	a8e9d5d5-b3c2-437e-8135-3cef24e19635-tooling-smoke/micro/identity.json
d1bc5b08f715f4b045a15fba0d01627bc0b138e606860022d5df0b840f7d85e1	266720	a8e9d5d5-b3c2-437e-8135-3cef24e19635-tooling-smoke/report/report.json
9126f5d5234efaaf3e6bb3c6e5f0bc2995ce97e8bc513c09e4c18c597cc590d2	684	a8e9d5d5-b3c2-437e-8135-3cef24e19635-tooling-smoke/report/report.md
f663824e2a87e9d76fa9c3cd724f9f49f6775aae393ae26613a8a6cc5791f764	16686	acceptance/boundary-matrix-v1-plan.json
ba0cc0a3ab960d5b7175c31bbd08d4069e1c3189417859add4a267742f4e6d71	1658	acceptance/boundary-symbols.json
846ba186310a2e9e1158eed4a220ae3ea732ad54fbdf97d3f148588531db87c8	7588	acceptance/direct-before-payload-v1-plan.json
6ef224fa97dbb15a1ec525a2159bd76b07df51919482c601455bd4bb92eac49a	19541	acceptance/metadata-matrix-v1-plan.json
89d278208aecdcb0cbe39c016d00e58df3e579aa03d36baf514b3db1a003235b	566	acceptance/metadata-symbols.json
7ebd8f2c328b538cfbf048eb4cd80401c175e7e1034b2f6b7220c00cd5b7bba1	6090	acceptance/resource-probe.json
cde906f6657ddcdf97f4b15d639ee43d42dc97b6d0dc6355b283c1797471876b	9046	acceptance/develop-3f210d1a/build-plan.json
7216b076653c51e9410720660cedf52bbc6c1fc8cc160edad87f2e209778efb8	8597	acceptance/develop-3f210d1a/functional-readiness.json
6c5e4c07d794377bfdbfeace5b5f68015311fafdce0ae612ebfbf9f7fd193272	14444	acceptance/develop-3f210d1a/functional-registry.json
0ada9a6c6e246fa44ef245cfa889e9a67187630807f9f8bd5298b33d84bc890f	5699	acceptance/develop-3f210d1a/junit.xml
623bbab83a8ba15eb07090c5e8510a6aa9ef66e1a7624e28b17013f22f5739c8	3798	acceptance/develop-3f210d1a/old-symbols-check.json
10aa0339cad9b5850664516517889ed4fb9453e4e9b38eef7b667a8a716c4d97	75274	acceptance/develop-3f210d1a/prebuild-acceptance-plan.json
ac66d699cd13b298ee8868d4e37bcac94e1f2ad227f04b466576ec23d0c6a27c	6425	acceptance/develop-3f210d1a/resource-probe.json
edc25458a7a2b4587bf72792895e50be437bf514a04fd82022738186fc797b02	17379	acceptance/develop-3f210d1a/snapshot.json
260d6c69ddcbeb6293868ca814a13490f0ca8f43d05d49c521864c2f3f52deb2	750	acceptance/develop-3f210d1a/failed-test-results/meta.json
026ee7a7d12e7a532e071f2faa1745126d85909a1edcba818c534da60983e4ac	56478	acceptance/develop-3f210d1a/failed-test-results/ytest.report.trace
beed7dee4e88da3de816e8513f4960e3b0cb21a41bd448b10e18298f886643f3	150247	acceptance/develop-3f210d1a-v2/acceptance-manifest.json
055869736c6d8c5e60d949a334c77367f08fbe21feefc1fb096f9c1b3be74b26	19409	acceptance/develop-3f210d1a-v2/boundary-plan.json
9d6fe2ac44a4d9bb1744a6242ff0f631090d158c16dad0b784161a05a632273a	9088	acceptance/develop-3f210d1a-v2/build-plan.json
f3c2888de99ed339ef2e5035bf2777b88751df9bd841bd2ba18ba879bf75133e	12123	acceptance/develop-3f210d1a-v2/cloud_blockstore_libs_storage_partition_ut-manifest.json
3995fb3eacfd2dd79e061dd9acc5a5df77cec6e7a7004093e840563a1cf7348c	106869	acceptance/develop-3f210d1a-v2/functional-manifest.json
f8e3b47fa4c20cda003f319e1754bc5a6bf837f5dfbf78e61a685e8c16cafca8	21891	acceptance/develop-3f210d1a-v2/functional-readiness.json
f621c9df8278b7ccefb93ab50295c49f87af55a6444b05abf3db0a9b8a25c4ce	54104	acceptance/develop-3f210d1a-v2/functional-registry.json
c68366891897b7c1d3939aae60b402af73b5e45c31b57d6508cde5f74e80d8d4	4944	acceptance/develop-3f210d1a-v2/junit.xml
93ad4b217f8de3b4475503ecc4184447023c1a5c487e21f68f2d2b5689f84b52	22091	acceptance/develop-3f210d1a-v2/metadata-plan.json
0d0b1ab21ec74cca688410600d34679520fe9fd4d8d13444bd921ddad037a359	3823	acceptance/develop-3f210d1a-v2/nbsd-symbols.json
66586491d70a5f74a0e50cb386a137ebed9795d87cfb3af55b2d4b6bb7be2b3b	75517	acceptance/develop-3f210d1a-v2/prebuild-acceptance-plan.json
66862b3406bef23bda213bd76aa8ef80433255054d8ab3276f9585221b39a39b	15963	acceptance/develop-3f210d1a-v2/profile-audit.json
ac66d699cd13b298ee8868d4e37bcac94e1f2ad227f04b466576ec23d0c6a27c	6425	acceptance/develop-3f210d1a-v2/resource-probe.json
85579c2968d24326a82ee237c185ed9dbfb7887d307ece1d5eca646203a80ed0	17379	acceptance/develop-3f210d1a-v2/snapshot.json
f8b528cbbf206eee5711490596cabeec3db3ff28d1b75e450bbeb3e1e4c8c24b	1564	acceptance/develop-3f210d1a-v2/unit-readiness.json
9daec5e142421389e6694033b9f1a3d5f296166be852abc3893ba8f94f9f7ac7	73	acceptance/develop-3f210d1a-v2/runs/cleanup-gc-4ade5a70/cleanup-compaction.json
72d183233c323f3da71c4d56402c7d0f568d23adf2d4c12ebce2a9211ab7450c	5348	acceptance/develop-3f210d1a-v2/runs/cleanup-gc-4ade5a70/cleanup-compressed.json
d838b021c3c42afc04ada63e1f9f90ed002cde45ebbacd2c6fd28ec94a32b82f	603	acceptance/develop-3f210d1a-v2/runs/cleanup-gc-4ade5a70/cleanup-config-0.json
991ccd6cf46bd3fd77ba5ad8ac5e61e710244034cf6982b76ddf0cdbc0bd8f93	380	acceptance/develop-3f210d1a-v2/runs/cleanup-gc-4ade5a70/cleanup-raw.json
aa7760c008fb4553ec4272e1de62f9ca49f3a85e6cb5905375593981a6dbd9aa	87	acceptance/develop-3f210d1a-v2/runs/cleanup-gc-4ade5a70/cleanup-scan.json
3fa9409d5354f3a5dbbc2e6d45807d065f43f94fb00e5fe74120b2fcaf01852e	139	acceptance/develop-3f210d1a-v2/runs/cleanup-gc-4ade5a70/drain-000-parsed.json
dbc780160f930294f5c1af2c56af065488c032cf31e68d932ae0803e14801052	17592	acceptance/develop-3f210d1a-v2/runs/cleanup-gc-4ade5a70/events.jsonl
1e28eb26979017d0c44ae80bcf1d3bc6fa9b0a1c06e8549ff93cb1f5cffa5839	3532141	acceptance/develop-3f210d1a-v2/runs/cleanup-gc-4ade5a70/metrics-after-GC-restart.json
300d1d02ab55bf3e4b0ae5013e6e4763e831d63b8eeca46133be4acad72335fa	3532167	acceptance/develop-3f210d1a-v2/runs/cleanup-gc-4ade5a70/metrics-after-drain.json
656128670e4071066314ff636d9447668e97d271e2c984ba01bf677510539094	3531830	acceptance/develop-3f210d1a-v2/runs/cleanup-gc-4ade5a70/metrics-baseline.json
40de4699421803bb5c86fbcac182c3260afae8da2db8518c3801c25bd70aba00	3639897	acceptance/develop-3f210d1a-v2/runs/cleanup-gc-4ade5a70/metrics-queued-before-restart.json
3fa9409d5354f3a5dbbc2e6d45807d065f43f94fb00e5fe74120b2fcaf01852e	139	acceptance/develop-3f210d1a-v2/runs/cleanup-gc-4ade5a70/queue-after-GC-restart-parsed.json
a0998a9b5cfc087e3fceab4bc0c9590676d725bc2f5a3de0e6632d11c9c5c0ba	1016	acceptance/develop-3f210d1a-v2/runs/cleanup-gc-4ade5a70/queue-after-restart-parsed.json
70d33367c15244964eb733080fa2a6a630eeac04d597028e03d6183eee84b5ee	226	acceptance/develop-3f210d1a-v2/runs/cleanup-gc-4ade5a70/queue-baseline-parsed.json
2ae78fcbe3fb97dad9159e04997443bf5ce56c3ac65f240ce94e651b04493f99	1625	acceptance/develop-3f210d1a-v2/runs/cleanup-gc-4ade5a70/queue-before-restart-parsed.json
5006bc6ee3b2cfc2f2f82e1f192bd94a55eb558d02428b3bc0561b3aca1a6db4	186	acceptance/develop-3f210d1a-v2/runs/cleanup-gc-4ade5a70/result.json
56488166d76d84cfb0935c1b405be507956e469ab1772352fe778022ddd71087	544	acceptance/develop-3f210d1a-v2/runs/cleanup-gc-4ade5a70/volume.json
e3b0c44298fc1c149afbf4c8996fb92427ae41e4649b934ca495991b7852b855	0	acceptance/develop-3f210d1a-v2/runs/cleanup-gc-4ade5a70/kikimr_working_dir/netData.tsv
44136fa355b3678a1146ad16f7e8649e94fb4fc21fe77e8310c060f61caaff8a	2	acceptance/develop-3f210d1a-v2/runs/cleanup-gc-4ade5a70-supervisor/cleanup-before.json
e1c05a5c3f3bf1f15f80d63b79755283cfc08c243245a80aded647ebb118db59	873	acceptance/develop-3f210d1a-v2/runs/cleanup-gc-4ade5a70-supervisor/identity.json
5296e38a515bd5660da49563df7e671b0419560e5db03c44918c2c108f2a0871	57	acceptance/develop-3f210d1a-v2/runs/cleanup-gc-4ade5a70-supervisor/processes.json
60e38f7496ddb71d8b8f8439a5247878b3fe6f69cb0ff07970de9393da4bbc49	83	acceptance/develop-3f210d1a-v2/runs/cleanup-gc-4ade5a70-supervisor/result.json
55416149bf9009395e8cc453661062eecf4e9cf1e73bcb25cd656df1990b182a	10243	acceptance/develop-3f210d1a-v2/runs/compaction-after-index-e703c901/boundary-before-boundary.json
edc01f2fff03e3dec0dc9f8fcad38f2228c9590f99135c64a461dd27b2aef1ba	687	acceptance/develop-3f210d1a-v2/runs/compaction-after-index-e703c901/boundary-config-0.json
4df52a8906d50740f83d9d9aff299b754705f0b97a4e846035b748eb5da3f3e9	5591	acceptance/develop-3f210d1a-v2/runs/compaction-after-index-e703c901/boundary-recovered.json
34f74f924225068dd5527fd8d5a1196324e9f4fe4c88d877df47f302bd310973	89	acceptance/develop-3f210d1a-v2/runs/compaction-after-index-e703c901/boundary-scan.json
4d65aff78a649e18e432e70f0c5a8e67f17571babc51e19535c4c0a9cc4f8c57	5604	acceptance/develop-3f210d1a-v2/runs/compaction-after-index-e703c901/boundary-seed.json
aae176e7cdb32d61afe9cee10b3cefa5b52361458947c51ca48aa749890beb88	75	acceptance/develop-3f210d1a-v2/runs/compaction-after-index-e703c901/client-outcome.json
cff0b68684a3ffae5f04175008b1320d3b96838228caf133b9376a9089963ea4	91641	acceptance/develop-3f210d1a-v2/runs/compaction-after-index-e703c901/events.jsonl
ffa5ba2d3eddbd6f1cb466ac84b1455b49a1b60fa026ade634e4f0556036239c	3539131	acceptance/develop-3f210d1a-v2/runs/compaction-after-index-e703c901/metrics-after.json
8a5559599855abc29ca9715f609f76013ac4d85617d39ce248efe2b726189e96	15369	acceptance/develop-3f210d1a-v2/runs/compaction-after-index-e703c901/result.json
0cd4810d0548bfbc4241d0dcd4256e13d100fdd61d4f181dedcbae3c58b54308	195	acceptance/develop-3f210d1a-v2/runs/compaction-after-index-e703c901/debugger/arm.json
b84e704c55c3764022d548223864a759fe58a010831930c3948e3abec9515e2e	15118	acceptance/develop-3f210d1a-v2/runs/compaction-after-index-e703c901/debugger/hit.json
71699baabb361e94f67d777670760e712a4d946af1f5fe762c347c142fda2a7b	424	acceptance/develop-3f210d1a-v2/runs/compaction-after-index-e703c901/debugger/ready.json
e3b0c44298fc1c149afbf4c8996fb92427ae41e4649b934ca495991b7852b855	0	acceptance/develop-3f210d1a-v2/runs/compaction-after-index-e703c901/kikimr_working_dir/netData.tsv
d51ed95d9f2b5291cc2e613d0e53a069b94e82b71b1cf3a73d2175ee17659475	57	acceptance/develop-3f210d1a-v2/runs/compaction-after-index-e703c901-supervisor/cleanup-before.json
da1e7310a980827bf6fe8cb61c3e0162e947b8f72d6b935a31c39a4eb304ea1c	937	acceptance/develop-3f210d1a-v2/runs/compaction-after-index-e703c901-supervisor/identity.json
8b949f3578ec0b64ddb42f22b403f919c924ccf2a4f9b177de87a24d043abe54	112	acceptance/develop-3f210d1a-v2/runs/compaction-after-index-e703c901-supervisor/processes.json
d61d71168806789654448d707ae8e80d2e86edcb4489f1b4eddbb675c466ac75	85	acceptance/develop-3f210d1a-v2/runs/compaction-after-index-e703c901-supervisor/result.json
7fbe1aaeee678657e6cc1e6a8de43c185ca6665eab5fa24b25a7fae21b0abbb6	10243	acceptance/develop-3f210d1a-v2/runs/compaction-before-index-e703c901/boundary-before-boundary.json
edc01f2fff03e3dec0dc9f8fcad38f2228c9590f99135c64a461dd27b2aef1ba	687	acceptance/develop-3f210d1a-v2/runs/compaction-before-index-e703c901/boundary-config-0.json
7fbe1aaeee678657e6cc1e6a8de43c185ca6665eab5fa24b25a7fae21b0abbb6	10243	acceptance/develop-3f210d1a-v2/runs/compaction-before-index-e703c901/boundary-recovered.json
80fd5908e44c6ce487f2c739a9986a4e49d7524cf01923487c7ade3791feca60	89	acceptance/develop-3f210d1a-v2/runs/compaction-before-index-e703c901/boundary-scan.json
7d6755f3f545b25281551250ff4c172b2018f01164dc2aa708f891fd9a11677d	5604	acceptance/develop-3f210d1a-v2/runs/compaction-before-index-e703c901/boundary-seed.json
1b5037adf492328a195e2f89ec0683f15a0c13daccba6219e4858d14a87bceab	73	acceptance/develop-3f210d1a-v2/runs/compaction-before-index-e703c901/client-outcome.json
4fb46d4af19fa0b96c67f6bb7d2f783a86306f8ec5542e06bc55b9e14f8deea9	92179	acceptance/develop-3f210d1a-v2/runs/compaction-before-index-e703c901/events.jsonl
161921132d8fe67f6eb4043eb8fb0ee65248413be539f5f6bf4bff8e81bd92c0	3539536	acceptance/develop-3f210d1a-v2/runs/compaction-before-index-e703c901/metrics-after.json
c085c2c32be991f8d0e5a5facd6700da0fa40c648ad82fa84dbb14c1bbb8936f	15363	acceptance/develop-3f210d1a-v2/runs/compaction-before-index-e703c901/result.json
d1205b84ac7ae045217c3a3289e806cfe6b771f8a7f8e78a2a937fdac4dbe11d	198	acceptance/develop-3f210d1a-v2/runs/compaction-before-index-e703c901/debugger/arm.json
46454f936fac3c484b7f5a527e6be79f3db22fda2831fdfd7ac80529643d1576	15113	acceptance/develop-3f210d1a-v2/runs/compaction-before-index-e703c901/debugger/hit.json
39dacfd3841d86342f2265a69f98160eff99f8ad66b429f932c20397f14cb266	424	acceptance/develop-3f210d1a-v2/runs/compaction-before-index-e703c901/debugger/ready.json
e3b0c44298fc1c149afbf4c8996fb92427ae41e4649b934ca495991b7852b855	0	acceptance/develop-3f210d1a-v2/runs/compaction-before-index-e703c901/kikimr_working_dir/netData.tsv
158013d9b334af726d4ab1cef53e77192964e0e4412e4d9226df2b2348ffe9ab	57	acceptance/develop-3f210d1a-v2/runs/compaction-before-index-e703c901-supervisor/cleanup-before.json
a214f6bc3f61ff00de87d88d7afcb956801f0fb58f3f3a2d32fc8b96a92a8e30	940	acceptance/develop-3f210d1a-v2/runs/compaction-before-index-e703c901-supervisor/identity.json
28c710d64394c19c94dbaeff2c02d3041fbc2b7caba2f7e33a1e4b692bc4d8b3	112	acceptance/develop-3f210d1a-v2/runs/compaction-before-index-e703c901-supervisor/processes.json
ef2319938b9025f755261100abf84c9bc64bc4349d7c1f812023d6c08d3e5f14	84	acceptance/develop-3f210d1a-v2/runs/compaction-before-index-e703c901-supervisor/result.json
7ff11b573108ed5ad3f16f47a76ffa07cecf916528f8b476e599de516b41b417	5637	acceptance/develop-3f210d1a-v2/runs/concurrent-tablet-54f6c9d8/0-after-concurrent.json
0a7b08529ba33fdcc9f82dc2974d65fda734e468b07a893ea8d8d740c1c37b41	645	acceptance/develop-3f210d1a-v2/runs/concurrent-tablet-54f6c9d8/0-config-0.json
86d26d2bf52c96afed9b644b167c4b95313152e7ef5756b50c171c60a8cc7aa7	10303	acceptance/develop-3f210d1a-v2/runs/concurrent-tablet-54f6c9d8/0-mixed-before.json
4d65aff78a649e18e432e70f0c5a8e67f17571babc51e19535c4c0a9cc4f8c57	5604	acceptance/develop-3f210d1a-v2/runs/concurrent-tablet-54f6c9d8/0-seed.json
e75d13947708fc371d4b002cec34f945c24cc3f267ea22a3450367ca3a7bad40	5637	acceptance/develop-3f210d1a-v2/runs/concurrent-tablet-54f6c9d8/1-after-concurrent.json
0a7b08529ba33fdcc9f82dc2974d65fda734e468b07a893ea8d8d740c1c37b41	645	acceptance/develop-3f210d1a-v2/runs/concurrent-tablet-54f6c9d8/1-config-0.json
345ca84db811bfa7739bb2bff2941a29a4b273c19070565983da299368576f20	10303	acceptance/develop-3f210d1a-v2/runs/concurrent-tablet-54f6c9d8/1-mixed-before.json
8960f868af77c9a3d92b428a41f5782ca5a62d336236b8710bae3f4da7bc5067	5604	acceptance/develop-3f210d1a-v2/runs/concurrent-tablet-54f6c9d8/1-seed.json
f1f8280573ad14c1e405d3697f94a9a8dd607d2fbbc2f3a7177ecc36fa179e1e	5637	acceptance/develop-3f210d1a-v2/runs/concurrent-tablet-54f6c9d8/2-after-concurrent.json
0a7b08529ba33fdcc9f82dc2974d65fda734e468b07a893ea8d8d740c1c37b41	645	acceptance/develop-3f210d1a-v2/runs/concurrent-tablet-54f6c9d8/2-config-0.json
2f13e434157aced71fbe61413e8b2857063e44ace790090469c750ef06e2afeb	10303	acceptance/develop-3f210d1a-v2/runs/concurrent-tablet-54f6c9d8/2-mixed-before.json
61496c62be52932ba64050118b620fb59e2872b681f24eb9fb7d576164e1a354	5604	acceptance/develop-3f210d1a-v2/runs/concurrent-tablet-54f6c9d8/2-seed.json
26cc2fde2105a77903726659f975bcbd089be88e8829b691f754e6251a54b508	5637	acceptance/develop-3f210d1a-v2/runs/concurrent-tablet-54f6c9d8/3-after-concurrent.json
0a7b08529ba33fdcc9f82dc2974d65fda734e468b07a893ea8d8d740c1c37b41	645	acceptance/develop-3f210d1a-v2/runs/concurrent-tablet-54f6c9d8/3-config-0.json
2efd0a37404952820b2432cc125d426db5d647f5a14b2542109856c22286abac	10303	acceptance/develop-3f210d1a-v2/runs/concurrent-tablet-54f6c9d8/3-mixed-before.json
842bd3d7fb420548ef0f3be7b7208669a249fd5b5c472d184f97d12f15ed663b	5604	acceptance/develop-3f210d1a-v2/runs/concurrent-tablet-54f6c9d8/3-seed.json
d7522adc75323ea69b3aad21683215d37b7597f449f39ffd6bfc747e1dbc4145	5637	acceptance/develop-3f210d1a-v2/runs/concurrent-tablet-54f6c9d8/4-after-concurrent.json
0a7b08529ba33fdcc9f82dc2974d65fda734e468b07a893ea8d8d740c1c37b41	645	acceptance/develop-3f210d1a-v2/runs/concurrent-tablet-54f6c9d8/4-config-0.json
55e3fa3202d77ae862fb8eb4e5fd0dab0e82c3f89d918beeb6b9de1846079816	10303	acceptance/develop-3f210d1a-v2/runs/concurrent-tablet-54f6c9d8/4-mixed-before.json
7e852a3668d4dad77c5de6986e84a9e20c276a99d6201cea25c6fd11f4b50f6f	5604	acceptance/develop-3f210d1a-v2/runs/concurrent-tablet-54f6c9d8/4-seed.json
03332fb8ad641d953662ddfb3ba3222efbf8f03936214c9916b3549ab66dc29e	5637	acceptance/develop-3f210d1a-v2/runs/concurrent-tablet-54f6c9d8/5-after-concurrent.json
0a7b08529ba33fdcc9f82dc2974d65fda734e468b07a893ea8d8d740c1c37b41	645	acceptance/develop-3f210d1a-v2/runs/concurrent-tablet-54f6c9d8/5-config-0.json
de81ac32376976acb124a51b4aed50083643264a769627b4dfd22fb25e862061	10303	acceptance/develop-3f210d1a-v2/runs/concurrent-tablet-54f6c9d8/5-mixed-before.json
a8ab24cd5ed78b2fcbda986069d74e15bb988b4d47d717b1622c3c05a7d7f232	5604	acceptance/develop-3f210d1a-v2/runs/concurrent-tablet-54f6c9d8/5-seed.json
6c65154ddfe18d6a660f2ccc7d4336726adad318fe61850c4eb102ebfd503756	5637	acceptance/develop-3f210d1a-v2/runs/concurrent-tablet-54f6c9d8/6-after-concurrent.json
0a7b08529ba33fdcc9f82dc2974d65fda734e468b07a893ea8d8d740c1c37b41	645	acceptance/develop-3f210d1a-v2/runs/concurrent-tablet-54f6c9d8/6-config-0.json
a210da671c1451989a62079a06139b329d0cecfeee11a7ab42dd9e9b7787fd28	10303	acceptance/develop-3f210d1a-v2/runs/concurrent-tablet-54f6c9d8/6-mixed-before.json
bb2e4f35aab16fcf4e53d000797f899ca7de814f7806be980c36204e3c28ff32	5604	acceptance/develop-3f210d1a-v2/runs/concurrent-tablet-54f6c9d8/6-seed.json
28a0c34d88c8bb4e5a78d2c4320655e07f9631db1783f0b1b02fbf905d4c3321	5637	acceptance/develop-3f210d1a-v2/runs/concurrent-tablet-54f6c9d8/7-after-concurrent.json
0a7b08529ba33fdcc9f82dc2974d65fda734e468b07a893ea8d8d740c1c37b41	645	acceptance/develop-3f210d1a-v2/runs/concurrent-tablet-54f6c9d8/7-config-0.json
2d1a11e533a1b6a7b3e97c409ca6da3f14a32a279f95675302f12be473d28aef	10303	acceptance/develop-3f210d1a-v2/runs/concurrent-tablet-54f6c9d8/7-mixed-before.json
3835b87e4fc9328f2454a96d3c04eb3b42f3f7c92666f36337327bee671d6f55	5604	acceptance/develop-3f210d1a-v2/runs/concurrent-tablet-54f6c9d8/7-seed.json
17de869d603409c624584ecc72ad915d0f4ea14da3da79d4981b1a4a80c66cd1	480	acceptance/develop-3f210d1a-v2/runs/concurrent-tablet-54f6c9d8/counter-deltas.json
66ac26c586130f2832c057dfc49cf350aa5c0f9c45ddbef6ede9c5c884e8545d	1060434	acceptance/develop-3f210d1a-v2/runs/concurrent-tablet-54f6c9d8/events.jsonl
48bae346d94c51e1d481664c034b9fa1021a5364f8dfe55cea2a674c977c02ef	4910289	acceptance/develop-3f210d1a-v2/runs/concurrent-tablet-54f6c9d8/metrics-after-concurrent.json
45e7dd13a7dc058e775559452ea6f831caa1a38fb51820bd56d95e9e62e846fb	4909103	acceptance/develop-3f210d1a-v2/runs/concurrent-tablet-54f6c9d8/metrics-after-tablet.json
392cd694cf5ac5ebdfadc1fffb951954c613e608ff6a26a5fef12b4597cd1954	3438879	acceptance/develop-3f210d1a-v2/runs/concurrent-tablet-54f6c9d8/metrics-baseline.json
2ce046d05cb31ab14c9d9af97c7dbb2f9a78e08c6385b03aa918e688a7f117e5	4798930	acceptance/develop-3f210d1a-v2/runs/concurrent-tablet-54f6c9d8/metrics-before-concurrent.json
9baa9a3935ed36e83999d3f63a33b6a96694012e3eeddc76cdc90513a25dcd88	272867	acceptance/develop-3f210d1a-v2/runs/concurrent-tablet-54f6c9d8/metrics-series.jsonl
41d92a69f14791e648c96bddfd942b6d9549f84e646b0af77e6a064bf36cea98	5850	acceptance/develop-3f210d1a-v2/runs/concurrent-tablet-54f6c9d8/result.json
680047ec9b6aba6e46c4d4880c80f65842bf0e4decbed1fd3cdfa56967b14690	4106	acceptance/develop-3f210d1a-v2/runs/concurrent-tablet-54f6c9d8/workers.json
e3b0c44298fc1c149afbf4c8996fb92427ae41e4649b934ca495991b7852b855	0	acceptance/develop-3f210d1a-v2/runs/concurrent-tablet-54f6c9d8/kikimr_working_dir/netData.tsv
44136fa355b3678a1146ad16f7e8649e94fb4fc21fe77e8310c060f61caaff8a	2	acceptance/develop-3f210d1a-v2/runs/concurrent-tablet-54f6c9d8-supervisor/cleanup-before.json
7ab069d19cc340875f9e037e83e8e98ccf336a52547c5de65e92ba65a5775f45	890	acceptance/develop-3f210d1a-v2/runs/concurrent-tablet-54f6c9d8-supervisor/identity.json
7584f06b912bf8cf22b6bfb87bd1b78331ed5a95c34ba6fe414aa856c731360a	57	acceptance/develop-3f210d1a-v2/runs/concurrent-tablet-54f6c9d8-supervisor/processes.json
b015c2b177e844f3d10c27ee67e8d98ee6b5f76e570847f8971831e9098ee4af	85	acceptance/develop-3f210d1a-v2/runs/concurrent-tablet-54f6c9d8-supervisor/result.json
26427df97f77d11f9b00daffbcddcf179984f66f76c38e86a3d1b46f410127de	73	acceptance/develop-3f210d1a-v2/runs/config-54f6c9d8/bad-chunk-compaction.json
47ca8e3aa1660dcf5caa01603209dfe5be2484dc8005255e617bc69a756bbb4e	641	acceptance/develop-3f210d1a-v2/runs/config-54f6c9d8/bad-chunk-config-0.json
12a00f0cbb036917afd73adf288736f5e50df8d2675fa3ed12a92c4bf915e045	380	acceptance/develop-3f210d1a-v2/runs/config-54f6c9d8/bad-chunk-direct.json
8fa6b93e083dc8b05cd2bec2aa027a3f9a6e184a187f246f10cb46c348f61bfa	645	acceptance/develop-3f210d1a-v2/runs/config-54f6c9d8/bad-chunk-effective.json
8741e4f583d445cc5f368c8af073a23e7ed13bc5ae50935308493b81bedf9d38	411	acceptance/develop-3f210d1a-v2/runs/config-54f6c9d8/bad-chunk-small-after.json
b7567992ae0d43af4a21e12c3abed86cb80e527667da866fe679a6650a33ff01	4730	acceptance/develop-3f210d1a-v2/runs/config-54f6c9d8/bad-chunk-small-before-000.json
26427df97f77d11f9b00daffbcddcf179984f66f76c38e86a3d1b46f410127de	73	acceptance/develop-3f210d1a-v2/runs/config-54f6c9d8/bad-codec-compaction.json
047c6a1a84646b462ca505f30af8cb21ea51728b27c6e4532c40c9859b41a422	644	acceptance/develop-3f210d1a-v2/runs/config-54f6c9d8/bad-codec-config-0.json
38f49919fea5077ef4d3675eb7b99de2ab71d858a5de3ab8166145d7ac87ae49	380	acceptance/develop-3f210d1a-v2/runs/config-54f6c9d8/bad-codec-direct.json
90c3be5d8096867c861fe28ce60f8abd0c1799103da1be10981353e8fee94207	648	acceptance/develop-3f210d1a-v2/runs/config-54f6c9d8/bad-codec-effective.json
eb0d603c8479ebc7ac5b902af35e35fe4c3969e11d68d317c4adcf10f93fbb1a	411	acceptance/develop-3f210d1a-v2/runs/config-54f6c9d8/bad-codec-small-after.json
1ebc7998f8fee9289d5e6bf4faa31a2b3b6aec853fe77b627c343e23f567dfcb	4730	acceptance/develop-3f210d1a-v2/runs/config-54f6c9d8/bad-codec-small-before-000.json
26427df97f77d11f9b00daffbcddcf179984f66f76c38e86a3d1b46f410127de	73	acceptance/develop-3f210d1a-v2/runs/config-54f6c9d8/bad-percent-compaction.json
0c4365952909f285f69c425717b0e2506d8645b2e5c472d9aa25907d4aaf3c7e	641	acceptance/develop-3f210d1a-v2/runs/config-54f6c9d8/bad-percent-config-0.json
8f9059adbb305f2e49a5a879531179d94035b930e4c30344364d9a59c1a65459	380	acceptance/develop-3f210d1a-v2/runs/config-54f6c9d8/bad-percent-direct.json
a7be4536009d7b9e51a760c7ce3c70063d611154664a3c210a38611e590a46c0	645	acceptance/develop-3f210d1a-v2/runs/config-54f6c9d8/bad-percent-effective.json
9b08607f880b75acd6da991912acbc5e74c5cd21ad0cbc1b3f39d563f1e2e740	411	acceptance/develop-3f210d1a-v2/runs/config-54f6c9d8/bad-percent-small-after.json
c69bc2b24e194a779daf0989f727d20d98d2a5f4b1a43285d8d262a8810d6d93	4730	acceptance/develop-3f210d1a-v2/runs/config-54f6c9d8/bad-percent-small-before-000.json
26427df97f77d11f9b00daffbcddcf179984f66f76c38e86a3d1b46f410127de	73	acceptance/develop-3f210d1a-v2/runs/config-54f6c9d8/bad-savings-compaction.json
903753911b96b9e549d5175397dfe646d7e5fcea5c8b83d6a38a624b277a1355	642	acceptance/develop-3f210d1a-v2/runs/config-54f6c9d8/bad-savings-config-0.json
4f5d91dc5393d9e69011efdc7e0aacacf24febb9b2d48961da6c453919925d9a	380	acceptance/develop-3f210d1a-v2/runs/config-54f6c9d8/bad-savings-direct.json
ae56a0987c77e4e7fc56138e47690536e58e0715f73a95ea33a6cd62df5adf5f	646	acceptance/develop-3f210d1a-v2/runs/config-54f6c9d8/bad-savings-effective.json
f90b4e3cd2db1fee287ac5c6f2802d078076fcdadce8e1621a6757ee37041097	411	acceptance/develop-3f210d1a-v2/runs/config-54f6c9d8/bad-savings-small-after.json
eec0ba92717686ba5dfca90312c846bc15e61e3dd38f2faa09260318d47962dc	4730	acceptance/develop-3f210d1a-v2/runs/config-54f6c9d8/bad-savings-small-before-000.json
26427df97f77d11f9b00daffbcddcf179984f66f76c38e86a3d1b46f410127de	73	acceptance/develop-3f210d1a-v2/runs/config-54f6c9d8/both-on-compaction.json
0c4365952909f285f69c425717b0e2506d8645b2e5c472d9aa25907d4aaf3c7e	641	acceptance/develop-3f210d1a-v2/runs/config-54f6c9d8/both-on-config-0.json
267793c19f4a9dea68465cee69f4a0c70d0a72ceae04def360a8f7ffff44a0b1	5314	acceptance/develop-3f210d1a-v2/runs/config-54f6c9d8/both-on-direct.json
0a7b08529ba33fdcc9f82dc2974d65fda734e468b07a893ea8d8d740c1c37b41	645	acceptance/develop-3f210d1a-v2/runs/config-54f6c9d8/both-on-effective.json
c384166642828256a61921b27a01e1d8be52d80b12e8ebd5876992bb993dbfac	1234	acceptance/develop-3f210d1a-v2/runs/config-54f6c9d8/both-on-small-after.json
ecff862409553c060ae5112dfc19def4b2397a70c3cae7d97245367c2532a26a	4730	acceptance/develop-3f210d1a-v2/runs/config-54f6c9d8/both-on-small-before-000.json
26427df97f77d11f9b00daffbcddcf179984f66f76c38e86a3d1b46f410127de	73	acceptance/develop-3f210d1a-v2/runs/config-54f6c9d8/compaction-only-compaction.json
0c4365952909f285f69c425717b0e2506d8645b2e5c472d9aa25907d4aaf3c7e	641	acceptance/develop-3f210d1a-v2/runs/config-54f6c9d8/compaction-only-config-0.json
859863122e471cf2650794bc0851495e78f4c22a88a5c848c12a55623b9be3c1	380	acceptance/develop-3f210d1a-v2/runs/config-54f6c9d8/compaction-only-direct.json
0e7a7dc297fadc8faf58177996166fcb6fc5f8bc72ce45e444a3a6acb9728679	643	acceptance/develop-3f210d1a-v2/runs/config-54f6c9d8/compaction-only-effective.json
d42987ca2f2b4df56c5a3a37ee6b85568c7d620aa705edbf4e57b658dde03abe	1234	acceptance/develop-3f210d1a-v2/runs/config-54f6c9d8/compaction-only-small-after.json
a26e2fad932fe084f0face87aab104978dfc0d8c2e5fc1b7906596dece085a2b	4730	acceptance/develop-3f210d1a-v2/runs/config-54f6c9d8/compaction-only-small-before-000.json
637d88f743d60b42b3fadb57d56236409f17653759026d42af9a34281a5156f2	643	acceptance/develop-3f210d1a-v2/runs/config-54f6c9d8/concurrent-config-0.json
26427df97f77d11f9b00daffbcddcf179984f66f76c38e86a3d1b46f410127de	73	acceptance/develop-3f210d1a-v2/runs/config-54f6c9d8/default-off-compaction.json
0c4365952909f285f69c425717b0e2506d8645b2e5c472d9aa25907d4aaf3c7e	641	acceptance/develop-3f210d1a-v2/runs/config-54f6c9d8/default-off-config-0.json
5ebd078c47805a73dfa913f4f411619b71312e2d64637b2b8286bf2c276d91e2	380	acceptance/develop-3f210d1a-v2/runs/config-54f6c9d8/default-off-direct.json
0c4365952909f285f69c425717b0e2506d8645b2e5c472d9aa25907d4aaf3c7e	641	acceptance/develop-3f210d1a-v2/runs/config-54f6c9d8/default-off-effective.json
25a323caa01897214c984faba03940c8fe26426c37c4d8e0ecc6e51e5a848a6d	411	acceptance/develop-3f210d1a-v2/runs/config-54f6c9d8/default-off-small-after.json
87a71a8939cf935445f51c5b842f12f1f3c93a6ea4b705fc394c1629d73d1576	4730	acceptance/develop-3f210d1a-v2/runs/config-54f6c9d8/default-off-small-before-000.json
26427df97f77d11f9b00daffbcddcf179984f66f76c38e86a3d1b46f410127de	73	acceptance/develop-3f210d1a-v2/runs/config-54f6c9d8/deny-allowlist-compaction.json
0c4365952909f285f69c425717b0e2506d8645b2e5c472d9aa25907d4aaf3c7e	641	acceptance/develop-3f210d1a-v2/runs/config-54f6c9d8/deny-allowlist-config-0.json
9b39652f813882d8274931c006bb8d2710d31bd8fe1fea388d77575c339db393	380	acceptance/develop-3f210d1a-v2/runs/config-54f6c9d8/deny-allowlist-direct.json
0a7b08529ba33fdcc9f82dc2974d65fda734e468b07a893ea8d8d740c1c37b41	645	acceptance/develop-3f210d1a-v2/runs/config-54f6c9d8/deny-allowlist-effective.json
f9ca65b590a42bab9d33aea6adf465eca0efed031e43b60baa0f9de24657ae17	411	acceptance/develop-3f210d1a-v2/runs/config-54f6c9d8/deny-allowlist-small-after.json
5f41869b309e3eb341e2039646a1441663752d9ac01882850fa84304954bb87a	4730	acceptance/develop-3f210d1a-v2/runs/config-54f6c9d8/deny-allowlist-small-before-000.json
26427df97f77d11f9b00daffbcddcf179984f66f76c38e86a3d1b46f410127de	73	acceptance/develop-3f210d1a-v2/runs/config-54f6c9d8/direct-only-compaction.json
0c4365952909f285f69c425717b0e2506d8645b2e5c472d9aa25907d4aaf3c7e	641	acceptance/develop-3f210d1a-v2/runs/config-54f6c9d8/direct-only-config-0.json
db3d28279ee6327741275bd91d8b4446b05984d6b8a270e02db8fe0ce616f316	5311	acceptance/develop-3f210d1a-v2/runs/config-54f6c9d8/direct-only-direct.json
637d88f743d60b42b3fadb57d56236409f17653759026d42af9a34281a5156f2	643	acceptance/develop-3f210d1a-v2/runs/config-54f6c9d8/direct-only-effective.json
05fd03f9bb62a3bd6d51d571a5aafd7523059b3213bd53eb2e8953abf936bf55	411	acceptance/develop-3f210d1a-v2/runs/config-54f6c9d8/direct-only-small-after.json
f3ba12fab5492736de737fb46065bb0a17a6af55d254de3d7d78958411f7167e	4730	acceptance/develop-3f210d1a-v2/runs/config-54f6c9d8/direct-only-small-before-000.json
5601616f3a14055cb03b6394e9b9cd122ca4aa42e489612ae8e0611cab5db77c	690129	acceptance/develop-3f210d1a-v2/runs/config-54f6c9d8/events.jsonl
7012f1f617ff7ad48612bd6676b0fe794ae0e4bfd65ab402307dc94984492a1b	5578674	acceptance/develop-3f210d1a-v2/runs/config-54f6c9d8/metrics-after-concurrency.json
cdc526fdb70db745cccae4981e803758055f994a3743b69086a369e36cbdf8f8	4842136	acceptance/develop-3f210d1a-v2/runs/config-54f6c9d8/metrics-after-config-matrix.json
ae71b490fb7e9704ca1dc1b18c9c5e626e937d0656663b077a81122626409e8b	4302433	acceptance/develop-3f210d1a-v2/runs/config-54f6c9d8/metrics-after-restart.json
ebba0aedefbe9713bcf81850566c687bf6007350e42fe29f39c434c97529716b	3438879	acceptance/develop-3f210d1a-v2/runs/config-54f6c9d8/metrics-baseline.json
98d03435b7ba58409c415d082f3c1de7d56f67250d324cd5e12b8d392c0f6af8	363	acceptance/develop-3f210d1a-v2/runs/config-54f6c9d8/result.json
26427df97f77d11f9b00daffbcddcf179984f66f76c38e86a3d1b46f410127de	73	acceptance/develop-3f210d1a-v2/runs/config-54f6c9d8/threshold-fallback-compaction.json
c6cde4373e49dc8748357bbcb56a46438da4036a392805814343e8dd2813b3ee	642	acceptance/develop-3f210d1a-v2/runs/config-54f6c9d8/threshold-fallback-config-0.json
1bef1c52ab3dfcdab9595a6d04c1e2656c13b06c0ba3572a1390e9c705f39d68	380	acceptance/develop-3f210d1a-v2/runs/config-54f6c9d8/threshold-fallback-direct.json
4a8a479b095bf9749923415631bc7f47911db1af262ac26df34f9d6f8f1a9e5b	646	acceptance/develop-3f210d1a-v2/runs/config-54f6c9d8/threshold-fallback-effective.json
a68d213adeacf8e6d24cd9f19f08c414ef9142c90b70876a8ac061078b8fab91	411	acceptance/develop-3f210d1a-v2/runs/config-54f6c9d8/threshold-fallback-small-after.json
d6a6af8a63435bce16fd5cfe85b84dbdf36fe8dd5f19ab981c21a8dd96934b50	4730	acceptance/develop-3f210d1a-v2/runs/config-54f6c9d8/threshold-fallback-small-before-000.json
e3b0c44298fc1c149afbf4c8996fb92427ae41e4649b934ca495991b7852b855	0	acceptance/develop-3f210d1a-v2/runs/config-54f6c9d8/kikimr_working_dir/netData.tsv
44136fa355b3678a1146ad16f7e8649e94fb4fc21fe77e8310c060f61caaff8a	2	acceptance/develop-3f210d1a-v2/runs/config-54f6c9d8-supervisor/cleanup-before.json
b880a1553758a84249571d942c2f2d410b33f1c3abad949a127b87e19a9aca51	871	acceptance/develop-3f210d1a-v2/runs/config-54f6c9d8-supervisor/identity.json
d1b0edf32c34edb4db349299becad7ec21a8581bd9b46e4766555b99f603f0ce	57	acceptance/develop-3f210d1a-v2/runs/config-54f6c9d8-supervisor/processes.json
e7af0484b0c779817f1d34328b6f4fd9e0891d6663e29916a489c185e5bc8223	85	acceptance/develop-3f210d1a-v2/runs/config-54f6c9d8-supervisor/result.json
0bbe741af5d9eb118a8be9edad88fc143af5571f8509a782a1f15660b148c39a	5631	acceptance/develop-3f210d1a-v2/runs/corrupt-compaction-54f6c9d8/bsgroup-after-corrupt-compaction.json
e08db935ae54ab2b3ede20e60f617e26d54fce014cf65f9c1945e82b63fe5132	5631	acceptance/develop-3f210d1a-v2/runs/corrupt-compaction-54f6c9d8/bsgroup-after-restored-compaction.json
0bbe741af5d9eb118a8be9edad88fc143af5571f8509a782a1f15660b148c39a	5631	acceptance/develop-3f210d1a-v2/runs/corrupt-compaction-54f6c9d8/bsgroup-before-corrupt-compaction.json
0bbe741af5d9eb118a8be9edad88fc143af5571f8509a782a1f15660b148c39a	5631	acceptance/develop-3f210d1a-v2/runs/corrupt-compaction-54f6c9d8/bsgroup-compressed-restored.json
0bbe741af5d9eb118a8be9edad88fc143af5571f8509a782a1f15660b148c39a	5631	acceptance/develop-3f210d1a-v2/runs/corrupt-compaction-54f6c9d8/bsgroup-compressed.json
978195823476705425581e1aa136434e6c27fd3ab976ef1f777ad11b426f070d	933	acceptance/develop-3f210d1a-v2/runs/corrupt-compaction-54f6c9d8/bsgroup-config-0.json
2591f2b410540859813d7c38fe4b8179720a1ab76c13c218f6ab0fdbaa25833b	376	acceptance/develop-3f210d1a-v2/runs/corrupt-compaction-54f6c9d8/bsgroup-raw-restored.json
2591f2b410540859813d7c38fe4b8179720a1ab76c13c218f6ab0fdbaa25833b	376	acceptance/develop-3f210d1a-v2/runs/corrupt-compaction-54f6c9d8/bsgroup-raw.json
9cdafd73d88311c70c1f3381b9392bd56e9abbf7c77932f31772ac2f8d3cfb7f	87	acceptance/develop-3f210d1a-v2/runs/corrupt-compaction-54f6c9d8/bsgroup-scan.json
a37b4961c04e93bb7c2b4e652200d0aa51a1f24f5ea27c707ff4938b02698a2c	74	acceptance/develop-3f210d1a-v2/runs/corrupt-compaction-54f6c9d8/corrupt-compaction-admission.json
6649e0e5dbbcd087430fdb9a9fdcab0428dd598580a0010f27095a947f09ef84	1322	acceptance/develop-3f210d1a-v2/runs/corrupt-compaction-54f6c9d8/corrupt-compaction-diagnostics.json
efe63cc298390eed2c89b7eaf9f156a9c5ce20a29fcee4bd9fc1848c256de6e1	310	acceptance/develop-3f210d1a-v2/runs/corrupt-compaction-54f6c9d8/corrupt-compaction-status.json
9315094f48765681a47fe0ee0098d0a3fd7682e50198ae336a042a8d2b4e864b	31991	acceptance/develop-3f210d1a-v2/runs/corrupt-compaction-54f6c9d8/events.jsonl
b72a2118515e03ca6d8e0bc6c223a56b92c89967fbc64bd1f388cdff64df30a0	243	acceptance/develop-3f210d1a-v2/runs/corrupt-compaction-54f6c9d8/fault-intent.json
07639ba44a4bd9dc9eed563321934329b99dccdf03ad4f20877f78d4db8d01ac	3532263	acceptance/develop-3f210d1a-v2/runs/corrupt-compaction-54f6c9d8/metrics-after-restore.json
e1d8e11e31249d6e02ead74e7c005e4df5d05231594808e2f80a94fac9459e1e	3532533	acceptance/develop-3f210d1a-v2/runs/corrupt-compaction-54f6c9d8/metrics-before-failure.json
db56bc642558a17827339a93ce307d9058aead0e9959bfcd8c75cff678822531	2176	acceptance/develop-3f210d1a-v2/runs/corrupt-compaction-54f6c9d8/payload-locations.json
666575d64dccede2f77cd522d909eacf4d8f26d9c3ac810828d7726fd16d83a5	474	acceptance/develop-3f210d1a-v2/runs/corrupt-compaction-54f6c9d8/pdisks-info.json
26427df97f77d11f9b00daffbcddcf179984f66f76c38e86a3d1b46f410127de	73	acceptance/develop-3f210d1a-v2/runs/corrupt-compaction-54f6c9d8/restored-compaction-status.json
f091f388b892fd9b7b0cc58203d7a2152252c13819728aa9a8d8214cb20c93ac	2574	acceptance/develop-3f210d1a-v2/runs/corrupt-compaction-54f6c9d8/result.json
7ca89fd99db905abc809c9fe4ff28873aa6784c607b7038d7d3e9b33505d0695	245	acceptance/develop-3f210d1a-v2/runs/corrupt-compaction-54f6c9d8/scan-while-first-block-corrupt.json
e3b0c44298fc1c149afbf4c8996fb92427ae41e4649b934ca495991b7852b855	0	acceptance/develop-3f210d1a-v2/runs/corrupt-compaction-54f6c9d8/kikimr_working_dir/netData.tsv
44136fa355b3678a1146ad16f7e8649e94fb4fc21fe77e8310c060f61caaff8a	2	acceptance/develop-3f210d1a-v2/runs/corrupt-compaction-54f6c9d8-supervisor/cleanup-before.json
5063b8fb11a7ea6f4bd4865f99130605275916663ae1f34d551ed6b0da561c66	894	acceptance/develop-3f210d1a-v2/runs/corrupt-compaction-54f6c9d8-supervisor/identity.json
5e411b088ed905853e2bdd5d666ab2d340910d886b7c13dabca33831560c50e8	57	acceptance/develop-3f210d1a-v2/runs/corrupt-compaction-54f6c9d8-supervisor/processes.json
d016be6bbf4b3077557fe5eb58de46acd16a71a19e86637349c6e6369279813a	85	acceptance/develop-3f210d1a-v2/runs/corrupt-compaction-54f6c9d8-supervisor/result.json
7d6755f3f545b25281551250ff4c172b2018f01164dc2aa708f891fd9a11677d	5604	acceptance/develop-3f210d1a-v2/runs/direct-after-index-e703c901/boundary-before-boundary.json
edc01f2fff03e3dec0dc9f8fcad38f2228c9590f99135c64a461dd27b2aef1ba	687	acceptance/develop-3f210d1a-v2/runs/direct-after-index-e703c901/boundary-config-0.json
15eb8292e6767b12c80025e04c33fd11531a4a89b27ecbe811f3f238acd554e5	5477	acceptance/develop-3f210d1a-v2/runs/direct-after-index-e703c901/boundary-recovered.json
529b962d748154d98fbd949a8ed47d821346e5124e009f9c744542c72e765f38	87	acceptance/develop-3f210d1a-v2/runs/direct-after-index-e703c901/boundary-scan.json
7d6755f3f545b25281551250ff4c172b2018f01164dc2aa708f891fd9a11677d	5604	acceptance/develop-3f210d1a-v2/runs/direct-after-index-e703c901/boundary-seed.json
228e9c1f60553ab86c68053f494ec8138f68aa7138bb503643d3f763aecb9414	79	acceptance/develop-3f210d1a-v2/runs/direct-after-index-e703c901/client-outcome.json
36830532f6c4c7ade053d1d1fcfd5d50513bfbbc2496b5fbb587092253f80834	24639	acceptance/develop-3f210d1a-v2/runs/direct-after-index-e703c901/events.jsonl
a813b429ddd570502d718056491ca8e26a526c753982dbc33be3999d2dbb61b5	3537519	acceptance/develop-3f210d1a-v2/runs/direct-after-index-e703c901/metrics-after.json
7e306f374d815029f58dceecdeb4159d6504dc684e220df47c9a403a030466ef	15358	acceptance/develop-3f210d1a-v2/runs/direct-after-index-e703c901/result.json
f0acbaa9743252a283cca5d24a03b9699cb122eaa194c169c657d5d82bdb6905	183	acceptance/develop-3f210d1a-v2/runs/direct-after-index-e703c901/debugger/arm.json
c720a384c912534f88c9df5a272c373ceb3e051bd64151e43a10f382b49365fc	15107	acceptance/develop-3f210d1a-v2/runs/direct-after-index-e703c901/debugger/hit.json
84ae2b4418e17bf94e5e40c497d22c7c62107ee3ec22d11f926db59c67c59328	424	acceptance/develop-3f210d1a-v2/runs/direct-after-index-e703c901/debugger/ready.json
e3b0c44298fc1c149afbf4c8996fb92427ae41e4649b934ca495991b7852b855	0	acceptance/develop-3f210d1a-v2/runs/direct-after-index-e703c901/kikimr_working_dir/netData.tsv
8262716ac7ef84f7e14b08743101d6a1364c62722f618352062fd43652ce8cee	57	acceptance/develop-3f210d1a-v2/runs/direct-after-index-e703c901-supervisor/cleanup-before.json
abf8c312c5de7723ab7709eacff231d00232d81414c457546269957f23ddb1e5	929	acceptance/develop-3f210d1a-v2/runs/direct-after-index-e703c901-supervisor/identity.json
f6c11b2efec0d420f2f2f2e85a8eb86b6c74e4f470546f8e6e197b4024343f98	112	acceptance/develop-3f210d1a-v2/runs/direct-after-index-e703c901-supervisor/processes.json
aeb3800a577b893e864cbc7ca61ccf8b20f3fe7a308ab87bcd9fdb419a28f847	84	acceptance/develop-3f210d1a-v2/runs/direct-after-index-e703c901-supervisor/result.json
4d65aff78a649e18e432e70f0c5a8e67f17571babc51e19535c4c0a9cc4f8c57	5604	acceptance/develop-3f210d1a-v2/runs/direct-after-payload-e703c901/boundary-before-boundary.json
edc01f2fff03e3dec0dc9f8fcad38f2228c9590f99135c64a461dd27b2aef1ba	687	acceptance/develop-3f210d1a-v2/runs/direct-after-payload-e703c901/boundary-config-0.json
4d65aff78a649e18e432e70f0c5a8e67f17571babc51e19535c4c0a9cc4f8c57	5604	acceptance/develop-3f210d1a-v2/runs/direct-after-payload-e703c901/boundary-recovered.json
9cdafd73d88311c70c1f3381b9392bd56e9abbf7c77932f31772ac2f8d3cfb7f	87	acceptance/develop-3f210d1a-v2/runs/direct-after-payload-e703c901/boundary-scan.json
4d65aff78a649e18e432e70f0c5a8e67f17571babc51e19535c4c0a9cc4f8c57	5604	acceptance/develop-3f210d1a-v2/runs/direct-after-payload-e703c901/boundary-seed.json
228e9c1f60553ab86c68053f494ec8138f68aa7138bb503643d3f763aecb9414	79	acceptance/develop-3f210d1a-v2/runs/direct-after-payload-e703c901/client-outcome.json
a18dc1a5dc95a69a959fba201b5d1f925801ae90aa54c1cadc56ef1d445e8ba2	24757	acceptance/develop-3f210d1a-v2/runs/direct-after-payload-e703c901/events.jsonl
e42035dd5bb586b8b1341d8b5e86440968b044bf45a0dc304a63c275a1a9bd62	3538323	acceptance/develop-3f210d1a-v2/runs/direct-after-payload-e703c901/metrics-after.json
0d343012a1213940ba5f313daccbaebd77218be96dc2c9212cd3caf8e1651b6b	15365	acceptance/develop-3f210d1a-v2/runs/direct-after-payload-e703c901/result.json
95cbc6c9cb751b57bb01d71508fe5f62d10a4727acd966c6c3e442c3c81cd2b0	189	acceptance/develop-3f210d1a-v2/runs/direct-after-payload-e703c901/debugger/arm.json
0b939e08701975ec3035b8815136ac706a79c24ed8c3d5869b54317b6549bbb2	15112	acceptance/develop-3f210d1a-v2/runs/direct-after-payload-e703c901/debugger/hit.json
cbf9de9e17c786de75dc9658393493c0c09f4aaf29a72d5db5dfb2243ce52262	424	acceptance/develop-3f210d1a-v2/runs/direct-after-payload-e703c901/debugger/ready.json
e3b0c44298fc1c149afbf4c8996fb92427ae41e4649b934ca495991b7852b855	0	acceptance/develop-3f210d1a-v2/runs/direct-after-payload-e703c901/kikimr_working_dir/netData.tsv
971c73db4db454bed15a34c41c5bd6729a6c1bbf67e381a31149913ca383474b	57	acceptance/develop-3f210d1a-v2/runs/direct-after-payload-e703c901-supervisor/cleanup-before.json
254ad413aa0387ca729dace700bdec49111c7c57751e38787179d0206629757a	934	acceptance/develop-3f210d1a-v2/runs/direct-after-payload-e703c901-supervisor/identity.json
1e4a342c9614e55b482ec999a0ff5041946b8a3c0504bd5016dfeb219ca557b6	112	acceptance/develop-3f210d1a-v2/runs/direct-after-payload-e703c901-supervisor/processes.json
be88f3ce07ddbdf0e846de687b0a7957d18c4b2015667cb8f1b8a7a1ec740ef0	84	acceptance/develop-3f210d1a-v2/runs/direct-after-payload-e703c901-supervisor/result.json
4d65aff78a649e18e432e70f0c5a8e67f17571babc51e19535c4c0a9cc4f8c57	5604	acceptance/develop-3f210d1a-v2/runs/direct-before-payload-c1458d40/boundary-before-boundary.json
edc01f2fff03e3dec0dc9f8fcad38f2228c9590f99135c64a461dd27b2aef1ba	687	acceptance/develop-3f210d1a-v2/runs/direct-before-payload-c1458d40/boundary-config-0.json
4d65aff78a649e18e432e70f0c5a8e67f17571babc51e19535c4c0a9cc4f8c57	5604	acceptance/develop-3f210d1a-v2/runs/direct-before-payload-c1458d40/boundary-recovered.json
9cdafd73d88311c70c1f3381b9392bd56e9abbf7c77932f31772ac2f8d3cfb7f	87	acceptance/develop-3f210d1a-v2/runs/direct-before-payload-c1458d40/boundary-scan.json
4d65aff78a649e18e432e70f0c5a8e67f17571babc51e19535c4c0a9cc4f8c57	5604	acceptance/develop-3f210d1a-v2/runs/direct-before-payload-c1458d40/boundary-seed.json
228e9c1f60553ab86c68053f494ec8138f68aa7138bb503643d3f763aecb9414	79	acceptance/develop-3f210d1a-v2/runs/direct-before-payload-c1458d40/client-outcome.json
5daa9b307d7bb11a26f625ca81c7a2f2e2f8f324f5c003494e619fb36b72def0	24814	acceptance/develop-3f210d1a-v2/runs/direct-before-payload-c1458d40/events.jsonl
f83eb8bc33fc7a062d15b5e5b4832fef5948dd65ceff72ef0a483cfcc671276d	3538728	acceptance/develop-3f210d1a-v2/runs/direct-before-payload-c1458d40/metrics-after.json
8558ecc5f6d6f49083a767adaf6bca4c40b6673c7909722e371423c74bc4f9f4	15365	acceptance/develop-3f210d1a-v2/runs/direct-before-payload-c1458d40/result.json
059ff69f5d6cf73031edf7ff265155e44480ce47f6b17579330d19e4bb61fb20	192	acceptance/develop-3f210d1a-v2/runs/direct-before-payload-c1458d40/debugger/arm.json
49b8d978447520a48002c74aa3a758638827b8de9846ab322c122aed7467f6a2	15111	acceptance/develop-3f210d1a-v2/runs/direct-before-payload-c1458d40/debugger/hit.json
5d214fb207cb74a178a894a987b7dacecefc7f187cb04f9875cc58ffee677b76	424	acceptance/develop-3f210d1a-v2/runs/direct-before-payload-c1458d40/debugger/ready.json
e3b0c44298fc1c149afbf4c8996fb92427ae41e4649b934ca495991b7852b855	0	acceptance/develop-3f210d1a-v2/runs/direct-before-payload-c1458d40/kikimr_working_dir/netData.tsv
8b877afaeea7aecad6f4993c5b1c84e024091ca7c412497f8e878480c3da22a5	57	acceptance/develop-3f210d1a-v2/runs/direct-before-payload-c1458d40-supervisor/cleanup-before.json
e9756764c74d0c918cfcbe5761c70d0f1372abd605182e5c114ce87b854537c7	936	acceptance/develop-3f210d1a-v2/runs/direct-before-payload-c1458d40-supervisor/identity.json
e0c8518b3ed11fd9211c09d189caf9494eea2a41ce03401cff6b996151de29e2	112	acceptance/develop-3f210d1a-v2/runs/direct-before-payload-c1458d40-supervisor/processes.json
a98cfc7cc2ffbc9f508ba0400b67f1a257ec07c15fba60fe020a1497f7f4bc62	85	acceptance/develop-3f210d1a-v2/runs/direct-before-payload-c1458d40-supervisor/result.json
6089a442d29e2d94acc5e8f26c0782dcc2b4fe8bee607a689d9c82fa49bf610f	10603	acceptance/develop-3f210d1a-v2/runs/large-overlay-4ade5a70/base-after-overwrite-compaction.json
9daec5e142421389e6694033b9f1a3d5f296166be852abc3893ba8f94f9f7ac7	73	acceptance/develop-3f210d1a-v2/runs/large-overlay-4ade5a70/base-compaction.json
bba87da1b5ef690a402b32214b462fa16df1ac34b89bdc1db161e55ae5bd05ab	5343	acceptance/develop-3f210d1a-v2/runs/large-overlay-4ade5a70/base-compressed.json
a2a3f8c0d3667e250e852027bc1fd2865d6e6c34693cedc9252e56d96e648df1	437	acceptance/develop-3f210d1a-v2/runs/large-overlay-4ade5a70/base-config-3.json
558543e22c16cc3e845b6372f9960bbc79ed2f50a83736b48e365545f8aa1121	435	acceptance/develop-3f210d1a-v2/runs/large-overlay-4ade5a70/base-config-4.json
ce25f17f7d88fd6d278559f0f4bfe8fad5e0c41ce063927f7c52146143edade6	380	acceptance/develop-3f210d1a-v2/runs/large-overlay-4ade5a70/base-raw.json
1d47414edf427942eafda8131e5127b0f8109957d30e22be8e80fe9a483636dc	87	acceptance/develop-3f210d1a-v2/runs/large-overlay-4ade5a70/base-scan.json
bf127abe4a69db0f5eb9049fe39f836f38c6f427df9a44332d1640260eae9300	547	acceptance/develop-3f210d1a-v2/runs/large-overlay-4ade5a70/base-volume.json
b84a49fde43d98bdd591a55aca45af90d5dd50f95e1bbbbc1428f9d81b8b4c20	10604	acceptance/develop-3f210d1a-v2/runs/large-overlay-4ade5a70/bs128-after-overwrite-compaction.json
9daec5e142421389e6694033b9f1a3d5f296166be852abc3893ba8f94f9f7ac7	73	acceptance/develop-3f210d1a-v2/runs/large-overlay-4ade5a70/bs128-compaction.json
85012bb5c08522fc39f962b54048ee51ad43386b38b8b8333200b4017bf848ab	5346	acceptance/develop-3f210d1a-v2/runs/large-overlay-4ade5a70/bs128-compressed.json
a2a3f8c0d3667e250e852027bc1fd2865d6e6c34693cedc9252e56d96e648df1	437	acceptance/develop-3f210d1a-v2/runs/large-overlay-4ade5a70/bs128-config-1.json
558543e22c16cc3e845b6372f9960bbc79ed2f50a83736b48e365545f8aa1121	435	acceptance/develop-3f210d1a-v2/runs/large-overlay-4ade5a70/bs128-config-4.json
82b8519974972e518a571b433851da758604628a013f44690051a735c4013ab5	376	acceptance/develop-3f210d1a-v2/runs/large-overlay-4ade5a70/bs128-raw.json
1d47414edf427942eafda8131e5127b0f8109957d30e22be8e80fe9a483636dc	87	acceptance/develop-3f210d1a-v2/runs/large-overlay-4ade5a70/bs128-scan.json
574ebbf5e6d25d13d2a24fab656d0b73a42dba2a1047f499e75b997f89c796b8	549	acceptance/develop-3f210d1a-v2/runs/large-overlay-4ade5a70/bs128-volume.json
ff47275da7cc6e27fd8a544b03ce72f82ae5aaf5a08f19939bf93dc5f62d06c5	10600	acceptance/develop-3f210d1a-v2/runs/large-overlay-4ade5a70/bs64-after-overwrite-compaction.json
9daec5e142421389e6694033b9f1a3d5f296166be852abc3893ba8f94f9f7ac7	73	acceptance/develop-3f210d1a-v2/runs/large-overlay-4ade5a70/bs64-compaction.json
3fed96fdac7d83b51a059326bf64b00d5a8b674c6779043a3595c4cd236b4aa4	5343	acceptance/develop-3f210d1a-v2/runs/large-overlay-4ade5a70/bs64-compressed.json
a2a3f8c0d3667e250e852027bc1fd2865d6e6c34693cedc9252e56d96e648df1	437	acceptance/develop-3f210d1a-v2/runs/large-overlay-4ade5a70/bs64-config-0.json
558543e22c16cc3e845b6372f9960bbc79ed2f50a83736b48e365545f8aa1121	435	acceptance/develop-3f210d1a-v2/runs/large-overlay-4ade5a70/bs64-config-4.json
4c89738d9711c9fa25df3762d76eec583f118c3d86cefbfe906712b9da340af4	376	acceptance/develop-3f210d1a-v2/runs/large-overlay-4ade5a70/bs64-raw.json
1d47414edf427942eafda8131e5127b0f8109957d30e22be8e80fe9a483636dc	87	acceptance/develop-3f210d1a-v2/runs/large-overlay-4ade5a70/bs64-scan.json
57daab84e5cc4e920908725c38a117ded992f41109a1de92f15577255478181b	547	acceptance/develop-3f210d1a-v2/runs/large-overlay-4ade5a70/bs64-volume.json
ece73957e068310c0bd202d84e02364306625d35a6113dd65a7915c0265d1313	47747	acceptance/develop-3f210d1a-v2/runs/large-overlay-4ade5a70/events.jsonl
0cce445a88d91166a93b5a27583c41c666c49870d7cd044f23a1f7cc3841a41a	3875762	acceptance/develop-3f210d1a-v2/runs/large-overlay-4ade5a70/metrics-after-recovery.json
e4f6772edc5cce1edb91e9284d703cf1a63bacfdb531eb615956c3016a606628	3438881	acceptance/develop-3f210d1a-v2/runs/large-overlay-4ade5a70/metrics-baseline.json
fb0620a50f448dc4e5a08d712f66be0f153ae0d3a74fe1129268cab31ba97909	3876277	acceptance/develop-3f210d1a-v2/runs/large-overlay-4ade5a70/metrics-before-crash.json
1d9a024ffba7522c117bd274d641bd27a37c6ffad7b642f319309e0aca4eb1c0	651	acceptance/develop-3f210d1a-v2/runs/large-overlay-4ade5a70/overlay-volume.json
84e525c286650d8913e8ec16bc70d0ef7dead2238e33d9242579715ce8bbed45	485	acceptance/develop-3f210d1a-v2/runs/large-overlay-4ade5a70/result.json
34deea4a70284fdf85b185801e2bda470bccd013a68a93a6b86619c026952474	10603	acceptance/develop-3f210d1a-v2/runs/large-overlay-4ade5a70/stripe2-after-overwrite-compaction.json
5dfd581cba4e838789f89e24d6a5dd311150199d0f83a12058ea873b2e54c64b	160	acceptance/develop-3f210d1a-v2/runs/large-overlay-4ade5a70/stripe2-compaction.json
8a3d80d5581836bcdd3569d5d03f140d85123ca22e281f49115f599912332767	5343	acceptance/develop-3f210d1a-v2/runs/large-overlay-4ade5a70/stripe2-compressed.json
a2a3f8c0d3667e250e852027bc1fd2865d6e6c34693cedc9252e56d96e648df1	437	acceptance/develop-3f210d1a-v2/runs/large-overlay-4ade5a70/stripe2-config-2.json
558543e22c16cc3e845b6372f9960bbc79ed2f50a83736b48e365545f8aa1121	435	acceptance/develop-3f210d1a-v2/runs/large-overlay-4ade5a70/stripe2-config-4.json
a1c436f5fdbd65b4c50a386ae746d81ca439c9f08d4e0069eac8b3552dab3c07	380	acceptance/develop-3f210d1a-v2/runs/large-overlay-4ade5a70/stripe2-raw.json
1d47414edf427942eafda8131e5127b0f8109957d30e22be8e80fe9a483636dc	87	acceptance/develop-3f210d1a-v2/runs/large-overlay-4ade5a70/stripe2-scan.json
90d4580d1d31821fe56c0a490961acc98788034e7f3c03ec86bfbcda7986b27c	577	acceptance/develop-3f210d1a-v2/runs/large-overlay-4ade5a70/stripe2-volume.json
e3b0c44298fc1c149afbf4c8996fb92427ae41e4649b934ca495991b7852b855	0	acceptance/develop-3f210d1a-v2/runs/large-overlay-4ade5a70/kikimr_working_dir/netData.tsv
44136fa355b3678a1146ad16f7e8649e94fb4fc21fe77e8310c060f61caaff8a	2	acceptance/develop-3f210d1a-v2/runs/large-overlay-4ade5a70-supervisor/cleanup-before.json
5b476dab41dc84afdf2e721a81aff6059eb2769cf06764417e9e313bf8e1a117	877	acceptance/develop-3f210d1a-v2/runs/large-overlay-4ade5a70-supervisor/identity.json
ce9f1ccc3852f80ffd44f1e8d425247493b2f8759956873235baf6bc8d479493	57	acceptance/develop-3f210d1a-v2/runs/large-overlay-4ade5a70-supervisor/processes.json
2b2f6b73bfade31fd872fac9c9960f86203ee353d74368ea499d75b3f0d38950	85	acceptance/develop-3f210d1a-v2/runs/large-overlay-4ade5a70-supervisor/result.json
32c3a3cb8db009924755901c70044e874d8985ec1350039a57325d1de9cfc726	10070	acceptance/develop-3f210d1a-v2/runs/metadata-copy-mismatch-87e3eb46/events.jsonl
64eb8fe5167590c1d67c9ca376075752e6e6a44917d047211a63656caaf97cf3	818	acceptance/develop-3f210d1a-v2/runs/metadata-copy-mismatch-87e3eb46/metadata-config-0.json
4d65aff78a649e18e432e70f0c5a8e67f17571babc51e19535c4c0a9cc4f8c57	5604	acceptance/develop-3f210d1a-v2/runs/metadata-copy-mismatch-87e3eb46/metadata-seed.json
dcab90039cb89b17686b1ec1e5e3a389250cb5e180666f50c80e60bed4bb5274	3538881	acceptance/develop-3f210d1a-v2/runs/metadata-copy-mismatch-87e3eb46/metrics-after.json
307093f92fc54bbda2a5ef9669057fedaefb9fcea05447f857f09bf66a2f7238	8193	acceptance/develop-3f210d1a-v2/runs/metadata-copy-mismatch-87e3eb46/result.json
e27eb7f3ca65e7d00663deb629b3a488f36002666eb2088a1a8478b6d5e15677	246	acceptance/develop-3f210d1a-v2/runs/metadata-copy-mismatch-87e3eb46/scan-invalid-after-restart.json
e27eb7f3ca65e7d00663deb629b3a488f36002666eb2088a1a8478b6d5e15677	246	acceptance/develop-3f210d1a-v2/runs/metadata-copy-mismatch-87e3eb46/scan-invalid-before-restart.json
10f0b4e024c57ac02e0b392eab64ab36c48b6727db8c862779c5796a95e4c6cd	44	acceptance/develop-3f210d1a-v2/runs/metadata-copy-mismatch-87e3eb46/debugger/hit.json
882d08e9a7bb7ab133b8fc44188b77d6fe8fa46750e64245243bc5a037f8e372	7890	acceptance/develop-3f210d1a-v2/runs/metadata-copy-mismatch-87e3eb46/debugger/injections.jsonl
08b11736c0ca12e1c7a05d842bc125c8c0164c97fb060b988a55246f49da069c	90	acceptance/develop-3f210d1a-v2/runs/metadata-copy-mismatch-87e3eb46/debugger/ready.json
e3b0c44298fc1c149afbf4c8996fb92427ae41e4649b934ca495991b7852b855	0	acceptance/develop-3f210d1a-v2/runs/metadata-copy-mismatch-87e3eb46/kikimr_working_dir/netData.tsv
e172543ea4c751a16b40a3c4d276be7d24a8d991e66bfa42e96e16cd9decdb6f	112	acceptance/develop-3f210d1a-v2/runs/metadata-copy-mismatch-87e3eb46-supervisor/cleanup-before.json
ddfd1e28982a1234a414eac5aeb9d3e17562c83c69cc1e0c04d398d100ab753a	938	acceptance/develop-3f210d1a-v2/runs/metadata-copy-mismatch-87e3eb46-supervisor/identity.json
dcc0720a453de1d98e6c174f1dfacaca3c35c9b4cb9ce069e76c01db1c1a761d	167	acceptance/develop-3f210d1a-v2/runs/metadata-copy-mismatch-87e3eb46-supervisor/processes.json
dafc0b8152c26dd40c56834fae1f03d5a493b23bbc80069a5c588a132f280552	85	acceptance/develop-3f210d1a-v2/runs/metadata-copy-mismatch-87e3eb46-supervisor/result.json
e9b64d44e231d635c151799ec84cb7d316b6df2faac1c963ecd987cde3f47fd8	9687	acceptance/develop-3f210d1a-v2/runs/metadata-empty-87e3eb46/events.jsonl
64eb8fe5167590c1d67c9ca376075752e6e6a44917d047211a63656caaf97cf3	818	acceptance/develop-3f210d1a-v2/runs/metadata-empty-87e3eb46/metadata-config-0.json
4d65aff78a649e18e432e70f0c5a8e67f17571babc51e19535c4c0a9cc4f8c57	5604	acceptance/develop-3f210d1a-v2/runs/metadata-empty-87e3eb46/metadata-seed.json
343ef6e557bb2667de151a80f9b197cc5252a3b18c9d047c084f2dcd3f890890	3535761	acceptance/develop-3f210d1a-v2/runs/metadata-empty-87e3eb46/metrics-after.json
9f87d924f74993145888392897599e3875868811e26c0ead64b1f68c997bb8ae	650	acceptance/develop-3f210d1a-v2/runs/metadata-empty-87e3eb46/result.json
e27eb7f3ca65e7d00663deb629b3a488f36002666eb2088a1a8478b6d5e15677	246	acceptance/develop-3f210d1a-v2/runs/metadata-empty-87e3eb46/scan-invalid-after-restart.json
e27eb7f3ca65e7d00663deb629b3a488f36002666eb2088a1a8478b6d5e15677	246	acceptance/develop-3f210d1a-v2/runs/metadata-empty-87e3eb46/scan-invalid-before-restart.json
33735119c22d8655205a595debac32b11072097799fdc81260e58ac279c02e09	36	acceptance/develop-3f210d1a-v2/runs/metadata-empty-87e3eb46/debugger/hit.json
8d798841e52752b0ba20cf39de4f6b6abc5e317de17bef233c40a11b17219915	381	acceptance/develop-3f210d1a-v2/runs/metadata-empty-87e3eb46/debugger/injections.jsonl
7b46de96cc8d8129ca66f0418337130b25ac58fce18b55621f43f9b840c9cda2	90	acceptance/develop-3f210d1a-v2/runs/metadata-empty-87e3eb46/debugger/ready.json
e3b0c44298fc1c149afbf4c8996fb92427ae41e4649b934ca495991b7852b855	0	acceptance/develop-3f210d1a-v2/runs/metadata-empty-87e3eb46/kikimr_working_dir/netData.tsv
f7fe1b4633900dde2a5d4588bab53cb62151a8c2f43e98060179b5c89ad49ad7	112	acceptance/develop-3f210d1a-v2/runs/metadata-empty-87e3eb46-supervisor/cleanup-before.json
c84b83fca95bb9eb3605df078b622dbc4aad9fc9d98147d183eab67e35a2a16d	923	acceptance/develop-3f210d1a-v2/runs/metadata-empty-87e3eb46-supervisor/identity.json
3b6fa3916d5f9301adef87b650a24bebc1c78d02257e310ce56ef912974b3349	167	acceptance/develop-3f210d1a-v2/runs/metadata-empty-87e3eb46-supervisor/processes.json
6ff9dd3dc0a87b413099166bbbc9c803736f603e17f9e0a2f44fa64f6c8d99c2	83	acceptance/develop-3f210d1a-v2/runs/metadata-empty-87e3eb46-supervisor/result.json
a517147dd4926c2be8eef100155776625451007fc71876468a0fbdbcfa216eb5	10019	acceptance/develop-3f210d1a-v2/runs/metadata-logical-size-87e3eb46/events.jsonl
64eb8fe5167590c1d67c9ca376075752e6e6a44917d047211a63656caaf97cf3	818	acceptance/develop-3f210d1a-v2/runs/metadata-logical-size-87e3eb46/metadata-config-0.json
7d6755f3f545b25281551250ff4c172b2018f01164dc2aa708f891fd9a11677d	5604	acceptance/develop-3f210d1a-v2/runs/metadata-logical-size-87e3eb46/metadata-seed.json
680c7faa5b15f6a4d67fa8e37237838de80af32aad9e2813520ac36bc16360f7	3538575	acceptance/develop-3f210d1a-v2/runs/metadata-logical-size-87e3eb46/metrics-after.json
aa628bdb4bef44e1e4be190361e4f157dbef44dcaf50f0b0a5f856b6ddc61e35	8191	acceptance/develop-3f210d1a-v2/runs/metadata-logical-size-87e3eb46/result.json
e27eb7f3ca65e7d00663deb629b3a488f36002666eb2088a1a8478b6d5e15677	246	acceptance/develop-3f210d1a-v2/runs/metadata-logical-size-87e3eb46/scan-invalid-after-restart.json
e27eb7f3ca65e7d00663deb629b3a488f36002666eb2088a1a8478b6d5e15677	246	acceptance/develop-3f210d1a-v2/runs/metadata-logical-size-87e3eb46/scan-invalid-before-restart.json
367f3d8fe44195a89fd0f325a723d3ad1eef3226bf66bec8acd55daab4d38a9b	43	acceptance/develop-3f210d1a-v2/runs/metadata-logical-size-87e3eb46/debugger/hit.json
231cec23639e7356e22a644ae0a817beacd222e442f21aa25459eae1a6f7bace	7889	acceptance/develop-3f210d1a-v2/runs/metadata-logical-size-87e3eb46/debugger/injections.jsonl
2030a14af8cc4191111f0f9dc55ccde1a87a0f3618a5e67ce33bc27f3ac74a7a	90	acceptance/develop-3f210d1a-v2/runs/metadata-logical-size-87e3eb46/debugger/ready.json
e3b0c44298fc1c149afbf4c8996fb92427ae41e4649b934ca495991b7852b855	0	acceptance/develop-3f210d1a-v2/runs/metadata-logical-size-87e3eb46/kikimr_working_dir/netData.tsv
7e5a27a19b269cf784bacaa0b4ac34b3f8b7490073dcfe6daefe396513c63e0f	112	acceptance/develop-3f210d1a-v2/runs/metadata-logical-size-87e3eb46-supervisor/cleanup-before.json
5a1522d1635572d52e960302ef1e61771c3ddc5d68a3b759ec1cf4974bdb3d38	936	acceptance/develop-3f210d1a-v2/runs/metadata-logical-size-87e3eb46-supervisor/identity.json
8a92d38e0c60b9e693570e3c002c026049659346ee080ee225a36d52cb583224	167	acceptance/develop-3f210d1a-v2/runs/metadata-logical-size-87e3eb46-supervisor/processes.json
0b6e3afb7ba8a1ccadf6bb8cbbf1a0bf0a47246cccea400440579d84a6f28873	84	acceptance/develop-3f210d1a-v2/runs/metadata-logical-size-87e3eb46-supervisor/result.json
d808a2e9349e105f8b6d110f9ff9f3ece40c97f2b934247d3a5b4ebe2ef66aec	9882	acceptance/develop-3f210d1a-v2/runs/metadata-truncated-87e3eb46/events.jsonl
64eb8fe5167590c1d67c9ca376075752e6e6a44917d047211a63656caaf97cf3	818	acceptance/develop-3f210d1a-v2/runs/metadata-truncated-87e3eb46/metadata-config-0.json
7d6755f3f545b25281551250ff4c172b2018f01164dc2aa708f891fd9a11677d	5604	acceptance/develop-3f210d1a-v2/runs/metadata-truncated-87e3eb46/metadata-seed.json
0838743d5d1e1ba2c8ef1a074268d6a1838eb4952267053c7a5c73455dac0955	3537273	acceptance/develop-3f210d1a-v2/runs/metadata-truncated-87e3eb46/metrics-after.json
31d47d5fa55255efe35c6b58f6114c1ecb0b4a4172b28e3c3097f964975b303d	8182	acceptance/develop-3f210d1a-v2/runs/metadata-truncated-87e3eb46/result.json
e27eb7f3ca65e7d00663deb629b3a488f36002666eb2088a1a8478b6d5e15677	246	acceptance/develop-3f210d1a-v2/runs/metadata-truncated-87e3eb46/scan-invalid-after-restart.json
e27eb7f3ca65e7d00663deb629b3a488f36002666eb2088a1a8478b6d5e15677	246	acceptance/develop-3f210d1a-v2/runs/metadata-truncated-87e3eb46/scan-invalid-before-restart.json
b19da261878a593c051d8f1ad95c87d0b631317936c92f815645cc54cc99c1d0	40	acceptance/develop-3f210d1a-v2/runs/metadata-truncated-87e3eb46/debugger/hit.json
4ac8db310acf0841010f8dfd1766c494ed87211fd627ed476f0bac0e8063b00e	7883	acceptance/develop-3f210d1a-v2/runs/metadata-truncated-87e3eb46/debugger/injections.jsonl
ec56d8a243f0c07403d7cb0e2f821f3ea3c38268091cc59ddd76f0d6211aa35a	90	acceptance/develop-3f210d1a-v2/runs/metadata-truncated-87e3eb46/debugger/ready.json
e3b0c44298fc1c149afbf4c8996fb92427ae41e4649b934ca495991b7852b855	0	acceptance/develop-3f210d1a-v2/runs/metadata-truncated-87e3eb46/kikimr_working_dir/netData.tsv
9675b73cb9ac3fc54d31b3b43c7e163b0bcffa0b9c49fa0b29a2a82d104ed79a	112	acceptance/develop-3f210d1a-v2/runs/metadata-truncated-87e3eb46-supervisor/cleanup-before.json
a50bd2cfc25e153ee871d48502bf7885eab50c39e1761b894d48e9bce8d90df0	930	acceptance/develop-3f210d1a-v2/runs/metadata-truncated-87e3eb46-supervisor/identity.json
aa9e947fd8acd724775d28a10aa0a1023ce9834f432f626a94f4d62c618a2270	167	acceptance/develop-3f210d1a-v2/runs/metadata-truncated-87e3eb46-supervisor/processes.json
3287f48c776ca390ef54d9fb57756c9ea217f2ef8d3bd029c249cf6ae1f7f620	85	acceptance/develop-3f210d1a-v2/runs/metadata-truncated-87e3eb46-supervisor/result.json
4a2272ea0db615a1893c6cc12ab61e61333cb1c79633ba093aa5517689682322	10132	acceptance/develop-3f210d1a-v2/runs/metadata-unknown-codec-87e3eb46/events.jsonl
64eb8fe5167590c1d67c9ca376075752e6e6a44917d047211a63656caaf97cf3	818	acceptance/develop-3f210d1a-v2/runs/metadata-unknown-codec-87e3eb46/metadata-config-0.json
7d6755f3f545b25281551250ff4c172b2018f01164dc2aa708f891fd9a11677d	5604	acceptance/develop-3f210d1a-v2/runs/metadata-unknown-codec-87e3eb46/metadata-seed.json
3b2ac9dd2aa40c16fbebbebe2a0229c4ae965f86c8e1e76cc48e6cfaa4721b52	3538977	acceptance/develop-3f210d1a-v2/runs/metadata-unknown-codec-87e3eb46/metrics-after.json
065fa0890496e4c12c99c5b36d13e2fadaeeec4fbbbeb58ca93ca0d4c4731a4f	8193	acceptance/develop-3f210d1a-v2/runs/metadata-unknown-codec-87e3eb46/result.json
e27eb7f3ca65e7d00663deb629b3a488f36002666eb2088a1a8478b6d5e15677	246	acceptance/develop-3f210d1a-v2/runs/metadata-unknown-codec-87e3eb46/scan-invalid-after-restart.json
e27eb7f3ca65e7d00663deb629b3a488f36002666eb2088a1a8478b6d5e15677	246	acceptance/develop-3f210d1a-v2/runs/metadata-unknown-codec-87e3eb46/scan-invalid-before-restart.json
452f730e902f8946ac92b5dfd4edb3ad9219f9a28de3c2708276140a11ddf14a	44	acceptance/develop-3f210d1a-v2/runs/metadata-unknown-codec-87e3eb46/debugger/hit.json
01ab21b97d9cdb8fea9d597d368434980ff419e41b0ca2222245ca1c9689684a	7890	acceptance/develop-3f210d1a-v2/runs/metadata-unknown-codec-87e3eb46/debugger/injections.jsonl
0c427e59bc4d2278bd02cceb1e0005f680863d8a81ecc1692cd90d445dcfec61	90	acceptance/develop-3f210d1a-v2/runs/metadata-unknown-codec-87e3eb46/debugger/ready.json
e3b0c44298fc1c149afbf4c8996fb92427ae41e4649b934ca495991b7852b855	0	acceptance/develop-3f210d1a-v2/runs/metadata-unknown-codec-87e3eb46/kikimr_working_dir/netData.tsv
81eec3c316ed490d34329b1de13f2bf92afbefaf548db6e6992d9c5bae5c1036	112	acceptance/develop-3f210d1a-v2/runs/metadata-unknown-codec-87e3eb46-supervisor/cleanup-before.json
d98258bf0f72c070fc808a8fb5f2ed30f1447604a88753a859c8978fc0b173db	938	acceptance/develop-3f210d1a-v2/runs/metadata-unknown-codec-87e3eb46-supervisor/identity.json
15739e75c8d42678554e0d6cf3b193db2b20a7b9e58beb3824737837d7503013	167	acceptance/develop-3f210d1a-v2/runs/metadata-unknown-codec-87e3eb46-supervisor/processes.json
5d88d5b523cd03acfe4ff9372cbe83950885d7cd6793dfaac6416df689f0ce35	85	acceptance/develop-3f210d1a-v2/runs/metadata-unknown-codec-87e3eb46-supervisor/result.json
be9606bbb3b127d5c9ec91110d579cd76f751c5a07f079b3fe20c75c364ffd57	10226	acceptance/develop-3f210d1a-v2/runs/metadata-unknown-version-87e3eb46/events.jsonl
64eb8fe5167590c1d67c9ca376075752e6e6a44917d047211a63656caaf97cf3	818	acceptance/develop-3f210d1a-v2/runs/metadata-unknown-version-87e3eb46/metadata-config-0.json
4d65aff78a649e18e432e70f0c5a8e67f17571babc51e19535c4c0a9cc4f8c57	5604	acceptance/develop-3f210d1a-v2/runs/metadata-unknown-version-87e3eb46/metadata-seed.json
e0ceb0ced15b7a8e179810514e3b91ff47873c0e4bb4e41d93cb328e811fc261	3539684	acceptance/develop-3f210d1a-v2/runs/metadata-unknown-version-87e3eb46/metrics-after.json
7892ead67da3799377335d003166664a7db4151a2f7a00690c76d933cc6e1387	8200	acceptance/develop-3f210d1a-v2/runs/metadata-unknown-version-87e3eb46/result.json
e27eb7f3ca65e7d00663deb629b3a488f36002666eb2088a1a8478b6d5e15677	246	acceptance/develop-3f210d1a-v2/runs/metadata-unknown-version-87e3eb46/scan-invalid-after-restart.json
e27eb7f3ca65e7d00663deb629b3a488f36002666eb2088a1a8478b6d5e15677	246	acceptance/develop-3f210d1a-v2/runs/metadata-unknown-version-87e3eb46/scan-invalid-before-restart.json
d6d214e7352592fcd9e29b37f54846616df70a7e696be4a334e2a4f2d3373de4	46	acceptance/develop-3f210d1a-v2/runs/metadata-unknown-version-87e3eb46/debugger/hit.json
ba8a6af34b537b5618292650648880cc0869fe6bd0ba6d05cbe88b7f7291d405	7895	acceptance/develop-3f210d1a-v2/runs/metadata-unknown-version-87e3eb46/debugger/injections.jsonl
ba50189a2d0d504afa78d130dd6924516a02472f177a4786ca9ca7af5fc41116	90	acceptance/develop-3f210d1a-v2/runs/metadata-unknown-version-87e3eb46/debugger/ready.json
e3b0c44298fc1c149afbf4c8996fb92427ae41e4649b934ca495991b7852b855	0	acceptance/develop-3f210d1a-v2/runs/metadata-unknown-version-87e3eb46/kikimr_working_dir/netData.tsv
d3765ed030a32938c756636f0ad69ad5929cac8fda350061638014bfe216382c	112	acceptance/develop-3f210d1a-v2/runs/metadata-unknown-version-87e3eb46-supervisor/cleanup-before.json
40c8ca229b0a826b7f492bae754e97872fb4f871eb3932ffa0e25ce6e9910b7c	942	acceptance/develop-3f210d1a-v2/runs/metadata-unknown-version-87e3eb46-supervisor/identity.json
b8410ba62eedd49ce9b1786b326668580574df145dbfbd6a1e3d773bab125633	167	acceptance/develop-3f210d1a-v2/runs/metadata-unknown-version-87e3eb46-supervisor/processes.json
9ad5d1493c2c6e36b918672d65763baadf41b7228b64e8ffd207445b9986027f	84	acceptance/develop-3f210d1a-v2/runs/metadata-unknown-version-87e3eb46-supervisor/result.json
7ba8ac360bb1c33fff3ce8aeaf3b28502df75dc456653bb0cbd269a3e26f314b	75	acceptance/develop-3f210d1a-v2/runs/pilot-4ade5a70/compaction-start.json
26427df97f77d11f9b00daffbcddcf179984f66f76c38e86a3d1b46f410127de	73	acceptance/develop-3f210d1a-v2/runs/pilot-4ade5a70/compaction-status.json
72594ae7fa90b80701d6fe15cd2348f4e985709d3f4580f55d3f717df9dd26a5	7759	acceptance/develop-3f210d1a-v2/runs/pilot-4ade5a70/describe-disabled-after-restart.json
f6ddf2457fad94f2f9373faec5bad9c2cd03f396085ac386ae8ec675a229c0a7	5668	acceptance/develop-3f210d1a-v2/runs/pilot-4ade5a70/describe-enabled.json
72594ae7fa90b80701d6fe15cd2348f4e985709d3f4580f55d3f717df9dd26a5	7759	acceptance/develop-3f210d1a-v2/runs/pilot-4ade5a70/describe-fallback-tail.json
5ebd078c47805a73dfa913f4f411619b71312e2d64637b2b8286bf2c276d91e2	380	acceptance/develop-3f210d1a-v2/runs/pilot-4ade5a70/describe-raw.json
adff956c484d04aed02e32ff5cb78f347677dcd5ab0679443b788a4fe0daa068	13047	acceptance/develop-3f210d1a-v2/runs/pilot-4ade5a70/describe-reenabled.json
42188c59eb60fe6ad659857bca4a722072cb6c68e310447c79a740c94ef68ff1	437	acceptance/develop-3f210d1a-v2/runs/pilot-4ade5a70/effective-enabled.json
bc5a3f5baa190d8c0efcaf99c585fbfea4e5f3e11f8d38f60b1082f790707b70	69073	acceptance/develop-3f210d1a-v2/runs/pilot-4ade5a70/events.jsonl
670c6596712486f5e302f7b1a122b78c5c3b425bca04b92129af6ba7c75c20a4	3638462	acceptance/develop-3f210d1a-v2/runs/pilot-4ade5a70/metrics-after-compaction.json
fe41c3318159a5216f6180b01bd44848672365150309ed4c6b55bb20fca62fbf	3531224	acceptance/develop-3f210d1a-v2/runs/pilot-4ade5a70/metrics-baseline.json
24a842550935872a55e14f815cd8fa77d9e2247ecd2261538fb764ea1470dceb	3531517	acceptance/develop-3f210d1a-v2/runs/pilot-4ade5a70/metrics-disabled-after-restart.json
ea76a278df9a3b4befac08645a017df84c5c41c273cb900d30941f683c569c20	3638437	acceptance/develop-3f210d1a-v2/runs/pilot-4ade5a70/metrics-enabled.json
bfb7de6480e573c1685f8ff7d2dca5d2979ebb3b736b6a6bc7528db039ff2161	3531507	acceptance/develop-3f210d1a-v2/runs/pilot-4ade5a70/metrics-final.json
4057c88e09d8dd1c6317d65603b13bafe6ccf0cc6161cd4384eefe4f778d201a	3637740	acceptance/develop-3f210d1a-v2/runs/pilot-4ade5a70/metrics-small-writes-before-compaction.json
cd23d1ffb3c702dc4e8a13e1c80a4f9cb968c7c45628490b82f45772c67e43b8	527	acceptance/develop-3f210d1a-v2/runs/pilot-4ade5a70/result.json
6808760434bcee1b57ed84690713cb4be1f22631ceb61735b88994ee1fc5d1b1	1231	acceptance/develop-3f210d1a-v2/runs/pilot-4ade5a70/small-writes-after-compaction.json
50446e0bbc3f9fd5847f01c25653218157786353790e76e26314dc6d9f577d48	4730	acceptance/develop-3f210d1a-v2/runs/pilot-4ade5a70/small-writes-before-compaction.json
1cb7c309558dc083b4cf817a70fb94e7a24aa6db3beed4ed0ddf9d6395f54d85	542	acceptance/develop-3f210d1a-v2/runs/pilot-4ade5a70/volume.json
e3b0c44298fc1c149afbf4c8996fb92427ae41e4649b934ca495991b7852b855	0	acceptance/develop-3f210d1a-v2/runs/pilot-4ade5a70/kikimr_working_dir/netData.tsv
44136fa355b3678a1146ad16f7e8649e94fb4fc21fe77e8310c060f61caaff8a	2	acceptance/develop-3f210d1a-v2/runs/pilot-4ade5a70-supervisor/cleanup-before.json
3f28681974131a9c5d37793be7f77b6a1b2abd8440106aed3438380e999d949d	868	acceptance/develop-3f210d1a-v2/runs/pilot-4ade5a70-supervisor/identity.json
7c5a55815326b61dd01e8d178ac634e80a8d4a2a401a05a2a86aa1899e671efe	57	acceptance/develop-3f210d1a-v2/runs/pilot-4ade5a70-supervisor/processes.json
7a6ffa639367803577bbd2fee0723d0389f49e9544a696785042f42b9860ca22	85	acceptance/develop-3f210d1a-v2/runs/pilot-4ade5a70-supervisor/result.json
4d65aff78a649e18e432e70f0c5a8e67f17571babc51e19535c4c0a9cc4f8c57	5604	acceptance/develop-3f210d1a-v2/runs/saturation-54f6c9d8/0-baseline.json
0c4365952909f285f69c425717b0e2506d8645b2e5c472d9aa25907d4aaf3c7e	641	acceptance/develop-3f210d1a-v2/runs/saturation-54f6c9d8/0-config-0.json
6c73c15e46daa161b166b8a2c9f7c6de2de12417011dcb9ea1b09a3e044207c9	5635	acceptance/develop-3f210d1a-v2/runs/saturation-54f6c9d8/0-write-00.json
6d7114a7fee21fac05f752ee846feaca2d50e101132664b314fc28b680fb7c48	411	acceptance/develop-3f210d1a-v2/runs/saturation-54f6c9d8/0-write-01.json
134a33f45f05d8ad972ce764c6905d28cabb7e37d57f6f31b79ff28a1695910c	411	acceptance/develop-3f210d1a-v2/runs/saturation-54f6c9d8/0-write-02.json
5f1956460c00e86b81257f097dae7edde506d2333f1a3fe7af4d444bd61f1a44	411	acceptance/develop-3f210d1a-v2/runs/saturation-54f6c9d8/0-write-03.json
94d796f4dcf7fc2c1781ace77745125695fe30c90aadbb091350ccb81b814bdc	411	acceptance/develop-3f210d1a-v2/runs/saturation-54f6c9d8/0-write-04.json
01478ebcb9f9752d93ed99c073522c51d8267b6f0e0f0e9d3a9e68da1a356bc5	411	acceptance/develop-3f210d1a-v2/runs/saturation-54f6c9d8/0-write-05.json
1f5f3cc7461294824bb27c232de1a4c2f29e42a3b3b11ae8fe40f144ed0e0545	411	acceptance/develop-3f210d1a-v2/runs/saturation-54f6c9d8/0-write-06.json
99b99fe8ad0ca3c17d24e1312546762a62a007ddf45ac41e7acc064dd2ad84d5	411	acceptance/develop-3f210d1a-v2/runs/saturation-54f6c9d8/0-write-07.json
8960f868af77c9a3d92b428a41f5782ca5a62d336236b8710bae3f4da7bc5067	5604	acceptance/develop-3f210d1a-v2/runs/saturation-54f6c9d8/1-baseline.json
0c4365952909f285f69c425717b0e2506d8645b2e5c472d9aa25907d4aaf3c7e	641	acceptance/develop-3f210d1a-v2/runs/saturation-54f6c9d8/1-config-0.json
b89ce45850a08a771be7d55cd482d23950617a15002a23bc8ed6fefdbb82132e	5635	acceptance/develop-3f210d1a-v2/runs/saturation-54f6c9d8/1-write-00.json
14effe6bf2bcba7a04733f7540234677a3413270db9320425835c105aafb1bfd	411	acceptance/develop-3f210d1a-v2/runs/saturation-54f6c9d8/1-write-01.json
19a75846a4aa6f1868a2c1ced0d59fe44b0b8506ea62a57268be14969578ec8e	411	acceptance/develop-3f210d1a-v2/runs/saturation-54f6c9d8/1-write-02.json
af5da1e8c2b0bc85ed00a2e86677583ec63093593858e6b94385d88bc1216c87	411	acceptance/develop-3f210d1a-v2/runs/saturation-54f6c9d8/1-write-03.json
fa8dac27ef9b9cd7f040a9ae70fed005573ddffee699860e1b1b928baeefa94f	411	acceptance/develop-3f210d1a-v2/runs/saturation-54f6c9d8/1-write-04.json
26e7264592506678c60d137d92ff65ee5f64e9b4f0de8739a64927de83150424	411	acceptance/develop-3f210d1a-v2/runs/saturation-54f6c9d8/1-write-05.json
d47407067789645237c7f3f313153cb2f652e2bac792a2304f402641b04e66f1	411	acceptance/develop-3f210d1a-v2/runs/saturation-54f6c9d8/1-write-06.json
8cbaa91a3fb78af42dbd48f0669bf08540decbbccc8e744f79bd705b5afdcd71	411	acceptance/develop-3f210d1a-v2/runs/saturation-54f6c9d8/1-write-07.json
10885d0393cc746fade321bb9512fd7d48e2aefb8596017d3fd85eed4995ece6	5604	acceptance/develop-3f210d1a-v2/runs/saturation-54f6c9d8/10-baseline.json
0c4365952909f285f69c425717b0e2506d8645b2e5c472d9aa25907d4aaf3c7e	641	acceptance/develop-3f210d1a-v2/runs/saturation-54f6c9d8/10-config-0.json
3000e29d5f5d4f7a03f9057795c8562064eb447a341b01dcfa694cf2f934b2e3	5635	acceptance/develop-3f210d1a-v2/runs/saturation-54f6c9d8/10-write-00.json
678653a248890241f2b3c750ea19ed4ba9d798ef10faaa1009581d881a728aa7	411	acceptance/develop-3f210d1a-v2/runs/saturation-54f6c9d8/10-write-01.json
ae768bf785b2dca00ada56aa353d08714e5a21f9f685a093ea791b2cf6cf6ee7	5635	acceptance/develop-3f210d1a-v2/runs/saturation-54f6c9d8/10-write-02.json
370177c5ec53036ff2919dfa0732f9d5a41c80e017c9b9c911c288181bd9b6ea	411	acceptance/develop-3f210d1a-v2/runs/saturation-54f6c9d8/10-write-03.json
b53d8dd35fc9539d706de23678ea2739cdfd7d7468c2c9d6ae86708eb35726dd	5635	acceptance/develop-3f210d1a-v2/runs/saturation-54f6c9d8/10-write-04.json
dee236a372a8bcfb1172ddb1fe79c174e34e331a41521ac800b00939ce20f4a4	411	acceptance/develop-3f210d1a-v2/runs/saturation-54f6c9d8/10-write-05.json
fa98c8c307b2be00df28995f805a58f42857ab5c76c4b0e1d1bab3121ded548f	411	acceptance/develop-3f210d1a-v2/runs/saturation-54f6c9d8/10-write-06.json
f3a562c53180ec5052f4a5a6b0c8cc61e5f502d4728b9932eb1373098b2c125b	411	acceptance/develop-3f210d1a-v2/runs/saturation-54f6c9d8/10-write-07.json
135a9dbec4a467c9190fe40a655a835fab61e042381578e89cfd86f281c18704	5604	acceptance/develop-3f210d1a-v2/runs/saturation-54f6c9d8/11-baseline.json
0c4365952909f285f69c425717b0e2506d8645b2e5c472d9aa25907d4aaf3c7e	641	acceptance/develop-3f210d1a-v2/runs/saturation-54f6c9d8/11-config-0.json
b02ff56e67826b09fc58ec8962378687a0785ec815b029653f6ac55c5ddd1cc1	5635	acceptance/develop-3f210d1a-v2/runs/saturation-54f6c9d8/11-write-00.json
961be515d706e6706dde6404b702fbdabbf0cc8db4e2af0e885cc390254a34bd	411	acceptance/develop-3f210d1a-v2/runs/saturation-54f6c9d8/11-write-01.json
8ceae3f8fc2f9469d814b15299e4298d50abf1603c2ab4b473303cb103c5da9d	411	acceptance/develop-3f210d1a-v2/runs/saturation-54f6c9d8/11-write-02.json
18ca59e3f71ec7598e59ea8913c89040e1b6efd854cec854a2f73e69a3a0a89b	411	acceptance/develop-3f210d1a-v2/runs/saturation-54f6c9d8/11-write-03.json
85e31231f2648f09b77815e930b25da0716e49a28cecae31a651f285a533703f	411	acceptance/develop-3f210d1a-v2/runs/saturation-54f6c9d8/11-write-04.json
f28661e19e231648ecd2e29703a58903fef7031eef20692cfdd3bf809e455943	411	acceptance/develop-3f210d1a-v2/runs/saturation-54f6c9d8/11-write-05.json
121952cd696efaf7235e11da87fc1b3b9e10f304e9293676c820217902cfa695	411	acceptance/develop-3f210d1a-v2/runs/saturation-54f6c9d8/11-write-06.json
86eaa41c61f2eb68e7eac68d4b52ddb499b3128e0b95bb4786892954dbcadc26	411	acceptance/develop-3f210d1a-v2/runs/saturation-54f6c9d8/11-write-07.json
fb8e9d7a1a8694695aa3838eebf700196a126ee1b37ea74c29dc435c1a903b41	5604	acceptance/develop-3f210d1a-v2/runs/saturation-54f6c9d8/12-baseline.json
0c4365952909f285f69c425717b0e2506d8645b2e5c472d9aa25907d4aaf3c7e	641	acceptance/develop-3f210d1a-v2/runs/saturation-54f6c9d8/12-config-0.json
61dcd31b617237c95adbe6a31c5bfc957704fb9b30a30ae7a34046b4cf49322b	411	acceptance/develop-3f210d1a-v2/runs/saturation-54f6c9d8/12-write-00.json
9d6cdf9fa7b5adbac2cb7bd6289aa65c98a608369f021782945e3c9de186c50f	411	acceptance/develop-3f210d1a-v2/runs/saturation-54f6c9d8/12-write-01.json
be2bd7d788ac0abe6df6189c8f8eea8b52cfb59ed7679fee38c707ad3437a957	411	acceptance/develop-3f210d1a-v2/runs/saturation-54f6c9d8/12-write-02.json
0d5ca4320ee5e14a7229cb5acb496b735a4dbc74421f485a902b7d789e8fd808	411	acceptance/develop-3f210d1a-v2/runs/saturation-54f6c9d8/12-write-03.json
22210716b0f5e7b56f9cdcd213f11667d0c2d7c9f10b13fc2eea053c112ce1ff	411	acceptance/develop-3f210d1a-v2/runs/saturation-54f6c9d8/12-write-04.json
a42900871a78fae6b8375037a1661c7acd56c974e264b79f0459d73180914692	411	acceptance/develop-3f210d1a-v2/runs/saturation-54f6c9d8/12-write-05.json
143cf6bce7ca1a4d6e2593850886e28f74c57a163fa7f4f23b78244f9861c82b	411	acceptance/develop-3f210d1a-v2/runs/saturation-54f6c9d8/12-write-06.json
463588d0b40f34d567a8214754d7b2e24e484de9219f7db35ad47ea913bf90ef	411	acceptance/develop-3f210d1a-v2/runs/saturation-54f6c9d8/12-write-07.json
baa80403ee58151852ee875311491ed6a4f4e6ed69198870d54ff5736ac76f16	5604	acceptance/develop-3f210d1a-v2/runs/saturation-54f6c9d8/13-baseline.json
0c4365952909f285f69c425717b0e2506d8645b2e5c472d9aa25907d4aaf3c7e	641	acceptance/develop-3f210d1a-v2/runs/saturation-54f6c9d8/13-config-0.json
1bc474b510b1fe2e2b622343bb9365571cedabd7f69219206f220fd15ef795a6	5635	acceptance/develop-3f210d1a-v2/runs/saturation-54f6c9d8/13-write-00.json
509d916a718acc14dd719e551676abf7b4c5567d114150e08b2eea39414ad3dd	411	acceptance/develop-3f210d1a-v2/runs/saturation-54f6c9d8/13-write-01.json
34b0e729b56487fc5cf595a7fbe857b7586ea4bf3e15c5c9140b2e9f7e8db520	411	acceptance/develop-3f210d1a-v2/runs/saturation-54f6c9d8/13-write-02.json
e7265a1f3f415daad43aba888f7cfed88cba7c73f7f4a43d16615c992ce6401d	411	acceptance/develop-3f210d1a-v2/runs/saturation-54f6c9d8/13-write-03.json
eb3703dcea9eb42b786e601cfef5c11fdbb0a82a3ee49679c6ebc92d5e77f3bf	411	acceptance/develop-3f210d1a-v2/runs/saturation-54f6c9d8/13-write-04.json
50c33baf3dbe5431a356d0ebe50350a72b8b8654bff4d4ae2aaf34f122752f84	411	acceptance/develop-3f210d1a-v2/runs/saturation-54f6c9d8/13-write-05.json
58140ff927160af9dd09443aa3491e01b20a3682b4e55a120695c5a0b2b9d181	411	acceptance/develop-3f210d1a-v2/runs/saturation-54f6c9d8/13-write-06.json
03c3559164f83b73af346e992f61763de288eaa338705ac3e7dd3ce63e3c362c	411	acceptance/develop-3f210d1a-v2/runs/saturation-54f6c9d8/13-write-07.json
694290d9c2c11ce4ddf994a271f2298b86c9a747f809d52471298990045e62a4	5604	acceptance/develop-3f210d1a-v2/runs/saturation-54f6c9d8/14-baseline.json
0c4365952909f285f69c425717b0e2506d8645b2e5c472d9aa25907d4aaf3c7e	641	acceptance/develop-3f210d1a-v2/runs/saturation-54f6c9d8/14-config-0.json
321e9cd0ca968f576553f92edc918901ec44279556865c4191aa7319c4b8e46c	5635	acceptance/develop-3f210d1a-v2/runs/saturation-54f6c9d8/14-write-00.json
55630190696a34b4dd9c2fdbd32d5cda4e4e43c3434feb30ae0382308cc5d243	411	acceptance/develop-3f210d1a-v2/runs/saturation-54f6c9d8/14-write-01.json
bdae79c02f0f59bb35b47cb51619098c504f35e6b564a96d49b8decca4fe1a53	411	acceptance/develop-3f210d1a-v2/runs/saturation-54f6c9d8/14-write-02.json
ace1141d6f161733ccd9317cbf5ca4944b8cbae211f131c122514ad9a45607b5	411	acceptance/develop-3f210d1a-v2/runs/saturation-54f6c9d8/14-write-03.json
fe601b04c7cbd17340fd9c493be6ff5b8ce74ada23324cd4ca4856ab3a8dc2c8	411	acceptance/develop-3f210d1a-v2/runs/saturation-54f6c9d8/14-write-04.json
3ad035ce100bbf92c0a8a66587cd91b49ed27ebd88a9b52552e7ee68093b360a	411	acceptance/develop-3f210d1a-v2/runs/saturation-54f6c9d8/14-write-05.json
d2d5dffac8fd862e0abd7d85fd2da31690ecc3445193ddbee93373ac05586882	411	acceptance/develop-3f210d1a-v2/runs/saturation-54f6c9d8/14-write-06.json
ed742bbf62913d96c5c6eb3de64de552e462310005274fe8e9b0f79bd5736ceb	411	acceptance/develop-3f210d1a-v2/runs/saturation-54f6c9d8/14-write-07.json
98cbb6cd2a8e558b959d047ef7d10a039d0f7dd9717217acb3a5e3bb5f57b64d	5604	acceptance/develop-3f210d1a-v2/runs/saturation-54f6c9d8/15-baseline.json
0c4365952909f285f69c425717b0e2506d8645b2e5c472d9aa25907d4aaf3c7e	641	acceptance/develop-3f210d1a-v2/runs/saturation-54f6c9d8/15-config-0.json
0b7c8e0f0813883001022138944d80778b3d816ca5e915d79f3520b4c2075c79	5635	acceptance/develop-3f210d1a-v2/runs/saturation-54f6c9d8/15-write-00.json
338c5664943fbe671387f5838e08a9d41b460bc7e3f6ea09d722b93a25294d63	5635	acceptance/develop-3f210d1a-v2/runs/saturation-54f6c9d8/15-write-01.json
7fff2ee639724b382f5de2b73fe15e960b28f7a4035ef9471851d9a1b2914f2d	411	acceptance/develop-3f210d1a-v2/runs/saturation-54f6c9d8/15-write-02.json
0ebc6f98e779e9d0e10bdd201f3ee336f95cdab970434ebcc7ee224ddb426876	411	acceptance/develop-3f210d1a-v2/runs/saturation-54f6c9d8/15-write-03.json
7bddbc4c0612cfc815b856715ecbe58151bee62f19380dfead67b651145c0b90	411	acceptance/develop-3f210d1a-v2/runs/saturation-54f6c9d8/15-write-04.json
a4bebcc94c432b82855d5b5a16d741fee72c76ed4575b8adbe5b37b4a7d1546c	411	acceptance/develop-3f210d1a-v2/runs/saturation-54f6c9d8/15-write-05.json
5e13bd869c56a82a49a610692baba913c81efd4e97e7bdfbc2e85d7b097f6f6d	411	acceptance/develop-3f210d1a-v2/runs/saturation-54f6c9d8/15-write-06.json
28e69ef24b934cac77b150714954d5a0cb21d736ee3f49ec21ad3c387b9c0b50	411	acceptance/develop-3f210d1a-v2/runs/saturation-54f6c9d8/15-write-07.json
61496c62be52932ba64050118b620fb59e2872b681f24eb9fb7d576164e1a354	5604	acceptance/develop-3f210d1a-v2/runs/saturation-54f6c9d8/2-baseline.json
0c4365952909f285f69c425717b0e2506d8645b2e5c472d9aa25907d4aaf3c7e	641	acceptance/develop-3f210d1a-v2/runs/saturation-54f6c9d8/2-config-0.json
77e9c971ca12becc29a6e586b3e6e36b2a6496075fff7a92812ef4409e95d52e	5635	acceptance/develop-3f210d1a-v2/runs/saturation-54f6c9d8/2-write-00.json
480168c084f2d63796c4ffd34498fef16b51670492d66fd8fe9f30cd8269bbe2	411	acceptance/develop-3f210d1a-v2/runs/saturation-54f6c9d8/2-write-01.json
77f8c2a50b833b8b6826fa6a1651929420250ef469d4d54eb8cee4ea19898ab8	411	acceptance/develop-3f210d1a-v2/runs/saturation-54f6c9d8/2-write-02.json
03b5dbd450c6546704b532ddfeb9532af35def8c921cd9995d1d86ce34c91436	5635	acceptance/develop-3f210d1a-v2/runs/saturation-54f6c9d8/2-write-03.json
2d93e223299dec0616f993546509d8afb44477f42524e70abab7610f1cbc7ec0	411	acceptance/develop-3f210d1a-v2/runs/saturation-54f6c9d8/2-write-04.json
33ba098de743fcf731a0fd05499ca4b94a8df96b1226468b3a920eab3a5bc3f1	411	acceptance/develop-3f210d1a-v2/runs/saturation-54f6c9d8/2-write-05.json
aa8bedaee466ba0fe23d21a848613022e968e634c2d27599ebc2ac741f165187	411	acceptance/develop-3f210d1a-v2/runs/saturation-54f6c9d8/2-write-06.json
cbb46eaef37449d77d006f60f3e8076a7491ec5365119aab61fccf4746436b3e	411	acceptance/develop-3f210d1a-v2/runs/saturation-54f6c9d8/2-write-07.json
842bd3d7fb420548ef0f3be7b7208669a249fd5b5c472d184f97d12f15ed663b	5604	acceptance/develop-3f210d1a-v2/runs/saturation-54f6c9d8/3-baseline.json
0c4365952909f285f69c425717b0e2506d8645b2e5c472d9aa25907d4aaf3c7e	641	acceptance/develop-3f210d1a-v2/runs/saturation-54f6c9d8/3-config-0.json
3b61bc5b8dabeed0c63994a8cb38cfe925a295b38b1da7f1b8c31982f3f7d2d4	5635	acceptance/develop-3f210d1a-v2/runs/saturation-54f6c9d8/3-write-00.json
1549920c4a03f808eb7389c7f20583cb2669c8ed8b3edac4d778a70304cd5772	411	acceptance/develop-3f210d1a-v2/runs/saturation-54f6c9d8/3-write-01.json
34ab7b95d17ded33a946008616e7b0f43f4d09884238ee45f8caa6ee12131482	411	acceptance/develop-3f210d1a-v2/runs/saturation-54f6c9d8/3-write-02.json
d8b581a148d9591700ecb76a862dc1fa37d8d281e17934c484ddb45b26b8b683	411	acceptance/develop-3f210d1a-v2/runs/saturation-54f6c9d8/3-write-03.json
f63deb5af31a5e7c2f033e7fc90ec845d23a72ba2b0ae618474ef0f718ccaa1b	411	acceptance/develop-3f210d1a-v2/runs/saturation-54f6c9d8/3-write-04.json
657a1e05a856f535a0f00240c623d6ed2eeff503a26eb064b6ac2404851e45b0	411	acceptance/develop-3f210d1a-v2/runs/saturation-54f6c9d8/3-write-05.json
4e1a81aad0ee4f9f18695552e8ef7d8df2a8559ef66318677c2e095b5b041996	411	acceptance/develop-3f210d1a-v2/runs/saturation-54f6c9d8/3-write-06.json
1b9bc0abb0612a547dd4fa272c8271cd23c8111e4e3e94115245b6ce80b7195c	411	acceptance/develop-3f210d1a-v2/runs/saturation-54f6c9d8/3-write-07.json
7e852a3668d4dad77c5de6986e84a9e20c276a99d6201cea25c6fd11f4b50f6f	5604	acceptance/develop-3f210d1a-v2/runs/saturation-54f6c9d8/4-baseline.json
0c4365952909f285f69c425717b0e2506d8645b2e5c472d9aa25907d4aaf3c7e	641	acceptance/develop-3f210d1a-v2/runs/saturation-54f6c9d8/4-config-0.json
40a452f2b850d023f68ac36b7a1306371f1cc975a233ae605eacea8a543c0f10	5635	acceptance/develop-3f210d1a-v2/runs/saturation-54f6c9d8/4-write-00.json
6c75d1e1d8dde4436c14c88aa9c679e28b9ba19a5003dfd791a55fc625fc913c	411	acceptance/develop-3f210d1a-v2/runs/saturation-54f6c9d8/4-write-01.json
61131652482219908ca3faf040865acc5d7d46850260766e78fb7d710dabe049	411	acceptance/develop-3f210d1a-v2/runs/saturation-54f6c9d8/4-write-02.json
4dec775642b601b80c9c2b2919eeb50a045eae5e6b0f278c4cb9d224419462fb	411	acceptance/develop-3f210d1a-v2/runs/saturation-54f6c9d8/4-write-03.json
c35d10d5bc5a4c3854efb4081b55000ae71d7c247815c6d89e7a7ce4fc3dbbb4	411	acceptance/develop-3f210d1a-v2/runs/saturation-54f6c9d8/4-write-04.json
f465d87ae52b0d2489a27960634a9a874b02b1b40d63e328d9e4dbc63de816ad	411	acceptance/develop-3f210d1a-v2/runs/saturation-54f6c9d8/4-write-05.json
713278a41b9dd130d9e74958d213276b914256e649cee69bdd21b991916f3285	411	acceptance/develop-3f210d1a-v2/runs/saturation-54f6c9d8/4-write-06.json
3b7f463b739ce166801f94ade2f716305d255ea10467bc8e15dd26088201570a	411	acceptance/develop-3f210d1a-v2/runs/saturation-54f6c9d8/4-write-07.json
a8ab24cd5ed78b2fcbda986069d74e15bb988b4d47d717b1622c3c05a7d7f232	5604	acceptance/develop-3f210d1a-v2/runs/saturation-54f6c9d8/5-baseline.json
0c4365952909f285f69c425717b0e2506d8645b2e5c472d9aa25907d4aaf3c7e	641	acceptance/develop-3f210d1a-v2/runs/saturation-54f6c9d8/5-config-0.json
121306eb8b84af7e40da28dc1007f5b9b7bcabdfa8fab98c0f74ff8fa57e811a	5635	acceptance/develop-3f210d1a-v2/runs/saturation-54f6c9d8/5-write-00.json
dbe8b694f0f71fcc626c463830d16656e666b88a13dcc093d34b9e291df5a2ff	411	acceptance/develop-3f210d1a-v2/runs/saturation-54f6c9d8/5-write-01.json
a23ce299ac7e069f26dbf7a8f1083d652f0f2edc8751e16c2f63941bf673e5fa	411	acceptance/develop-3f210d1a-v2/runs/saturation-54f6c9d8/5-write-02.json
ff8adecb5cb9f2ca59368bcbaf91a0ca61e87d87ce40a5813a573067961fe76c	411	acceptance/develop-3f210d1a-v2/runs/saturation-54f6c9d8/5-write-03.json
b0ee1506cc271b5fb058b24397049a73904a5f52bdb39d072cd2c121c6262488	411	acceptance/develop-3f210d1a-v2/runs/saturation-54f6c9d8/5-write-04.json
b5f2905f1a98f1a43134cc6fb032bc12c4d3bf5754dbfe47372e9038da03efee	411	acceptance/develop-3f210d1a-v2/runs/saturation-54f6c9d8/5-write-05.json
68033437b354a71c280c32a5baf282224a60a953e5f1863862a0be4c78e5c99e	411	acceptance/develop-3f210d1a-v2/runs/saturation-54f6c9d8/5-write-06.json
691d147718a6c5aaa3d9f2af33a9d0eeaedfa534765a6114eff1e97ffcd3056f	411	acceptance/develop-3f210d1a-v2/runs/saturation-54f6c9d8/5-write-07.json
bb2e4f35aab16fcf4e53d000797f899ca7de814f7806be980c36204e3c28ff32	5604	acceptance/develop-3f210d1a-v2/runs/saturation-54f6c9d8/6-baseline.json
0c4365952909f285f69c425717b0e2506d8645b2e5c472d9aa25907d4aaf3c7e	641	acceptance/develop-3f210d1a-v2/runs/saturation-54f6c9d8/6-config-0.json
578b07d1376de889fbd92a37d3cddea3d17fccf1c71caba51784591df1a09d1e	5635	acceptance/develop-3f210d1a-v2/runs/saturation-54f6c9d8/6-write-00.json
f2a92efeb2ff97ef55ca8077cbfbe2dbd6ee8184e406dd94b640052485b66c21	411	acceptance/develop-3f210d1a-v2/runs/saturation-54f6c9d8/6-write-01.json
b8f79a4be87b1748b67b354aad913baf02e498862c8ef31d7e945dffbfacc4af	411	acceptance/develop-3f210d1a-v2/runs/saturation-54f6c9d8/6-write-02.json
246c0cac492292a7fd4d8d5c85ba4a4e86e601bca584be234cd2d29aab31c6a9	411	acceptance/develop-3f210d1a-v2/runs/saturation-54f6c9d8/6-write-03.json
8b55c06c146ea56bcf64986a35d246b901e2562f33f6895701de43a65cd0ff62	411	acceptance/develop-3f210d1a-v2/runs/saturation-54f6c9d8/6-write-04.json
1a4432b982f3e3b7fdaf7d7251a5a6d91943fed0d536601d30518d5234cc5827	411	acceptance/develop-3f210d1a-v2/runs/saturation-54f6c9d8/6-write-05.json
9eaba9149ce691bc8c1fcc92d7be46d8c553f473ec05d363b6b3e85f407125f0	411	acceptance/develop-3f210d1a-v2/runs/saturation-54f6c9d8/6-write-06.json
8f40d5e31efb71b68c7e0f79316f23755baf57a145f4099cbe2f557686fb3483	411	acceptance/develop-3f210d1a-v2/runs/saturation-54f6c9d8/6-write-07.json
3835b87e4fc9328f2454a96d3c04eb3b42f3f7c92666f36337327bee671d6f55	5604	acceptance/develop-3f210d1a-v2/runs/saturation-54f6c9d8/7-baseline.json
0c4365952909f285f69c425717b0e2506d8645b2e5c472d9aa25907d4aaf3c7e	641	acceptance/develop-3f210d1a-v2/runs/saturation-54f6c9d8/7-config-0.json
b82b8929511e6a31864dc341c1cdf2885fda276d8c58e9096d71aebb5fc5f49b	5635	acceptance/develop-3f210d1a-v2/runs/saturation-54f6c9d8/7-write-00.json
705a86b868ca2730b21d0407799f9c425f48b8678d6b5cc45efae13b1834ac10	411	acceptance/develop-3f210d1a-v2/runs/saturation-54f6c9d8/7-write-01.json
d990d35cb654ea03dd41c1271d801fe19e688b7b51217478fb02914c2bda186a	411	acceptance/develop-3f210d1a-v2/runs/saturation-54f6c9d8/7-write-02.json
2986db72435fdc15a4e0704a5a7cbdc0d3a4d28cb51ea10332032c1cab6abcba	411	acceptance/develop-3f210d1a-v2/runs/saturation-54f6c9d8/7-write-03.json
42583f3baff9270eceac9aa5120c93753d61c2935014c2a3e5b768da99666ebd	411	acceptance/develop-3f210d1a-v2/runs/saturation-54f6c9d8/7-write-04.json
399ff6681ba1c9af9d5294bbe03aa0877314aaf34a7b1bb9a9afd58cf7d71f4b	411	acceptance/develop-3f210d1a-v2/runs/saturation-54f6c9d8/7-write-05.json
63aaf65135ae37e47916f770c207b0254c02219433b4fb5546632b924c078371	411	acceptance/develop-3f210d1a-v2/runs/saturation-54f6c9d8/7-write-06.json
b0e030543bc9d0fdd334a4affff0d145288b75bb5fbe43e2a319061fbbce9729	411	acceptance/develop-3f210d1a-v2/runs/saturation-54f6c9d8/7-write-07.json
acbef33e4efe24f11d57ffc85a0902be4cd917f8d24561cde41f045231083e86	5604	acceptance/develop-3f210d1a-v2/runs/saturation-54f6c9d8/8-baseline.json
0c4365952909f285f69c425717b0e2506d8645b2e5c472d9aa25907d4aaf3c7e	641	acceptance/develop-3f210d1a-v2/runs/saturation-54f6c9d8/8-config-0.json
36057216b98ed4f95578056dce738a47d4df9df48d6366267da76e776bb29378	5635	acceptance/develop-3f210d1a-v2/runs/saturation-54f6c9d8/8-write-00.json
c36978bae57bbcea2cc34a3d5b768ea20120be19c22f998417d8b2e1074593b3	411	acceptance/develop-3f210d1a-v2/runs/saturation-54f6c9d8/8-write-01.json
83c603d39fa1dd4139f5e230d98f9aabe6fcbab89f7a082ff32ee2f831a8d9f8	411	acceptance/develop-3f210d1a-v2/runs/saturation-54f6c9d8/8-write-02.json
47e60c451b839223d87dea33954d6a5b79a3f4ea2e61810f910580b277cccf4f	411	acceptance/develop-3f210d1a-v2/runs/saturation-54f6c9d8/8-write-03.json
0f28dc1ef30863aa415adf9797b915a3f7cd96799d62887a44c1f6b939932b7f	411	acceptance/develop-3f210d1a-v2/runs/saturation-54f6c9d8/8-write-04.json
6de4a8f403f7901fbd729c01d9d06d92d23e796fd6edc707b926c4f49a6a23c7	411	acceptance/develop-3f210d1a-v2/runs/saturation-54f6c9d8/8-write-05.json
20f04316b70c3a2bfb1cd32f77c42bfebed966fbbb4507ee7871308d2ac9916d	411	acceptance/develop-3f210d1a-v2/runs/saturation-54f6c9d8/8-write-06.json
fef26c57a5a373e8997ab5d7369c28a29f104afd685504001b655e27049cabef	411	acceptance/develop-3f210d1a-v2/runs/saturation-54f6c9d8/8-write-07.json
56eec06b14b93757322a51cdb7b65c2af190e272bec8e254635e5fbebcd347a4	5604	acceptance/develop-3f210d1a-v2/runs/saturation-54f6c9d8/9-baseline.json
0c4365952909f285f69c425717b0e2506d8645b2e5c472d9aa25907d4aaf3c7e	641	acceptance/develop-3f210d1a-v2/runs/saturation-54f6c9d8/9-config-0.json
3999f90805967b0121b4fbc7c3b08f8c7bd9ac37ce563b05227099f8314e7fb8	5635	acceptance/develop-3f210d1a-v2/runs/saturation-54f6c9d8/9-write-00.json
2273dba5bfe168eec5f256e7e60ec889aca301fa47dbc6b9a95bce09eec64ece	411	acceptance/develop-3f210d1a-v2/runs/saturation-54f6c9d8/9-write-01.json
7c25a0905af347d5e3cbb5c91e2850eb874d6483750a3e11069050303b899398	5635	acceptance/develop-3f210d1a-v2/runs/saturation-54f6c9d8/9-write-02.json
866706c8ed87b80a8044340530adccddee4c9aceb768d9922fc4d957ebd2958e	411	acceptance/develop-3f210d1a-v2/runs/saturation-54f6c9d8/9-write-03.json
157730455ceef9407ac1214f927dec17f8b5cbc96511feb26bd7c39b5404a078	411	acceptance/develop-3f210d1a-v2/runs/saturation-54f6c9d8/9-write-04.json
1a39e80439e4271c9734fd2a7b335fb054681a44b41401eed698635f322594e8	411	acceptance/develop-3f210d1a-v2/runs/saturation-54f6c9d8/9-write-05.json
1f6f9c8c759efd638ac676e007f796b9a0931de8dd914cdc2b9214a848e56cd1	411	acceptance/develop-3f210d1a-v2/runs/saturation-54f6c9d8/9-write-06.json
6e2926126e1e7cc7ea0e9ea2405433a3688cfddf40548f54dc8e43a15baf606b	411	acceptance/develop-3f210d1a-v2/runs/saturation-54f6c9d8/9-write-07.json
70eb64517b132e6d82725e2c35aa7e262e6e79fc2b8b774ad4c3432d719e6863	339292	acceptance/develop-3f210d1a-v2/runs/saturation-54f6c9d8/events.jsonl
75eb2a255ae9bff70d49355fd1b56d0c41e9d3a7c6bbb28908b2cf24e6e1d66b	6361781	acceptance/develop-3f210d1a-v2/runs/saturation-54f6c9d8/metrics-after-read-load.json
0874f708f3e6f6cd733b6be98b3478634d2064d46ae0d1e2e222c3aa712d2953	6254804	acceptance/develop-3f210d1a-v2/runs/saturation-54f6c9d8/metrics-after-restart.json
63e0ecd8837227e70487d5353823bb2b21013e5143847f11377ed7aefc77b6c8	6361776	acceptance/develop-3f210d1a-v2/runs/saturation-54f6c9d8/metrics-after-write-load.json
f08394b0049bec7f8b23a73eefd461e316fdba1bbd33ed6cfc21718bff05855e	3438879	acceptance/develop-3f210d1a-v2/runs/saturation-54f6c9d8/metrics-baseline.json
032c73f93172f68e071734085067c603a0db70401311ac96f24ef859c73fd642	4745393	acceptance/develop-3f210d1a-v2/runs/saturation-54f6c9d8/metrics-before-load.json
61ba2dda96b71eef834a83bf9ebd2408ef2af7b89568d945428b69b20bbb06a3	550	acceptance/develop-3f210d1a-v2/runs/saturation-54f6c9d8/result.json
e3b0c44298fc1c149afbf4c8996fb92427ae41e4649b934ca495991b7852b855	0	acceptance/develop-3f210d1a-v2/runs/saturation-54f6c9d8/kikimr_working_dir/netData.tsv
44136fa355b3678a1146ad16f7e8649e94fb4fc21fe77e8310c060f61caaff8a	2	acceptance/develop-3f210d1a-v2/runs/saturation-54f6c9d8-supervisor/cleanup-before.json
af5f749f4bd8fb04ff0b04ea06201aacaaae022d88e05b508a5462b7e323d911	877	acceptance/develop-3f210d1a-v2/runs/saturation-54f6c9d8-supervisor/identity.json
360485b58ac3b1c433ac6958f0f1746b5964a85c76156523e8c5dd3810d37606	57	acceptance/develop-3f210d1a-v2/runs/saturation-54f6c9d8-supervisor/processes.json
e3e27185a3e81f47d4eb0ef287d38680e5fc404aecd79a09761045fd561cd907	85	acceptance/develop-3f210d1a-v2/runs/saturation-54f6c9d8-supervisor/result.json
fa8efcb79791e1bd35ad9a7d9efd97974ddfe06094d5b7f585f9dcc127b789ce	14263	acceptance/develop-3f210d1a-v2/runs/stripe-4ade5a70/events.jsonl
22cfe7f3b8445e7402b38036bd3b24d26412273a7ffe6a0789900b752a731121	3531847	acceptance/develop-3f210d1a-v2/runs/stripe-4ade5a70/metrics-after-recovery.json
14a125f6dd7f77764de95255c075fcf77b25f374124f0c294d1112c6283fee1a	3438881	acceptance/develop-3f210d1a-v2/runs/stripe-4ade5a70/metrics-baseline.json
08bffb6999f8f897a183edaf4419f8452793cfcf43f253383e7bf1047f0606c5	3532163	acceptance/develop-3f210d1a-v2/runs/stripe-4ade5a70/metrics-before-crash.json
c839328a982e87bf1ef0e46124bcf8e3aa098de4f78234f5428ca61663cf1d8a	209	acceptance/develop-3f210d1a-v2/runs/stripe-4ade5a70/result.json
29a7ba33256fc658ee84edbfe5da86957a21debeacf2bd37eebf420847da6f1f	13458	acceptance/develop-3f210d1a-v2/runs/stripe-4ade5a70/stripe2-after-overwrite-compaction.json
68db1f008f22d91eedbfb375dbfd8dfa4055c0d9f7a676008d272c4d0bd4af77	129	acceptance/develop-3f210d1a-v2/runs/stripe-4ade5a70/stripe2-compaction.json
700ab356c9486f1681060410bfb0bf73f610396e618148c7a00ded7067eed13e	5343	acceptance/develop-3f210d1a-v2/runs/stripe-4ade5a70/stripe2-compressed.json
a2a3f8c0d3667e250e852027bc1fd2865d6e6c34693cedc9252e56d96e648df1	437	acceptance/develop-3f210d1a-v2/runs/stripe-4ade5a70/stripe2-config-0.json
558543e22c16cc3e845b6372f9960bbc79ed2f50a83736b48e365545f8aa1121	435	acceptance/develop-3f210d1a-v2/runs/stripe-4ade5a70/stripe2-config-1.json
991ccd6cf46bd3fd77ba5ad8ac5e61e710244034cf6982b76ddf0cdbc0bd8f93	380	acceptance/develop-3f210d1a-v2/runs/stripe-4ade5a70/stripe2-raw.json
dbe233eb6951e53f8303355ce618f87c3a56a83e842e9911131f9f950bddf045	87	acceptance/develop-3f210d1a-v2/runs/stripe-4ade5a70/stripe2-scan.json
8e49d34361e3fa339d228bd6991c5da673098b7c3ac8db7ff7fd4d58f8e09175	5799	acceptance/develop-3f210d1a-v2/runs/stripe-4ade5a70/stripe2-stripe-crossing.json
7df1ccb72181e654f6c9b80004eb109a979aa127d046969cc80beba9e4ec4f11	570	acceptance/develop-3f210d1a-v2/runs/stripe-4ade5a70/stripe2-volume.json
e3b0c44298fc1c149afbf4c8996fb92427ae41e4649b934ca495991b7852b855	0	acceptance/develop-3f210d1a-v2/runs/stripe-4ade5a70/kikimr_working_dir/netData.tsv
44136fa355b3678a1146ad16f7e8649e94fb4fc21fe77e8310c060f61caaff8a	2	acceptance/develop-3f210d1a-v2/runs/stripe-4ade5a70-supervisor/cleanup-before.json
25cddb5b05dd4c42b2c2c99e93fcf55cad8b280821adb9f86621bc5d98017042	870	acceptance/develop-3f210d1a-v2/runs/stripe-4ade5a70-supervisor/identity.json
1a68bac21656e5052216fd7df0676398b4a84ba3405f9430803c4b7237f62f0f	57	acceptance/develop-3f210d1a-v2/runs/stripe-4ade5a70-supervisor/processes.json
af2877b7a11d582bbfe25f1d0ba3429d104b018754c4ccb697f90d70dd7fb411	85	acceptance/develop-3f210d1a-v2/runs/stripe-4ade5a70-supervisor/result.json
4d65aff78a649e18e432e70f0c5a8e67f17571babc51e19535c4c0a9cc4f8c57	5604	acceptance/develop-3f210d1a-v2/runs/unconfirmed-before-ack-e703c901/boundary-before-boundary.json
dc2d76dd9fc87ae9ee84f1c9b0e2a08b5e4affe1d8c08fa147cad36536d71378	686	acceptance/develop-3f210d1a-v2/runs/unconfirmed-before-ack-e703c901/boundary-config-0.json
15eb8292e6767b12c80025e04c33fd11531a4a89b27ecbe811f3f238acd554e5	5477	acceptance/develop-3f210d1a-v2/runs/unconfirmed-before-ack-e703c901/boundary-recovered.json
529b962d748154d98fbd949a8ed47d821346e5124e009f9c744542c72e765f38	87	acceptance/develop-3f210d1a-v2/runs/unconfirmed-before-ack-e703c901/boundary-scan.json
4d65aff78a649e18e432e70f0c5a8e67f17571babc51e19535c4c0a9cc4f8c57	5604	acceptance/develop-3f210d1a-v2/runs/unconfirmed-before-ack-e703c901/boundary-seed.json
228e9c1f60553ab86c68053f494ec8138f68aa7138bb503643d3f763aecb9414	79	acceptance/develop-3f210d1a-v2/runs/unconfirmed-before-ack-e703c901/client-outcome.json
e3eb85b127c266260eca58074cd95bde1d86b070ade2522e848e1068eee70a31	24868	acceptance/develop-3f210d1a-v2/runs/unconfirmed-before-ack-e703c901/events.jsonl
1d51988d09f127270733fa1cad7f9a7a30caf9a0d6874663f168dca88ca259a3	3539128	acceptance/develop-3f210d1a-v2/runs/unconfirmed-before-ack-e703c901/metrics-after.json
7a2817b6f09ef4431ca323b0c67d86e08c469fa2cbfd911659942c94bf700ea1	15367	acceptance/develop-3f210d1a-v2/runs/unconfirmed-before-ack-e703c901/result.json
81e1361f80f98a238bade7caf00e422ea2ebccc788292ba0c9e82845f3611b39	194	acceptance/develop-3f210d1a-v2/runs/unconfirmed-before-ack-e703c901/debugger/arm.json
641b47860ffa8bc6e81378cfdc8466f30902005e855668c07fbdab945676f854	15112	acceptance/develop-3f210d1a-v2/runs/unconfirmed-before-ack-e703c901/debugger/hit.json
c80dc5816b0782ffd4c3c0c91353377d2ec86ff8a4a9663637949acb3afce96b	424	acceptance/develop-3f210d1a-v2/runs/unconfirmed-before-ack-e703c901/debugger/ready.json
e3b0c44298fc1c149afbf4c8996fb92427ae41e4649b934ca495991b7852b855	0	acceptance/develop-3f210d1a-v2/runs/unconfirmed-before-ack-e703c901/kikimr_working_dir/netData.tsv
1978497a5ed86b910bc56b60162fbd68825e76f63834a302c9aa40442a808196	57	acceptance/develop-3f210d1a-v2/runs/unconfirmed-before-ack-e703c901-supervisor/cleanup-before.json
d2c86cdc887701c57a2a341c547a374509b83f1066cced5fd3d4f9e4dd16a15f	938	acceptance/develop-3f210d1a-v2/runs/unconfirmed-before-ack-e703c901-supervisor/identity.json
9e0ac7abb50363355f299bf4727f082231f21c7f4c1ab401d6653cd521665cdd	112	acceptance/develop-3f210d1a-v2/runs/unconfirmed-before-ack-e703c901-supervisor/processes.json
a2399d29edeca5cc327dbe8734ac2937a383867bd5a86ab457bad27aef093f0f	85	acceptance/develop-3f210d1a-v2/runs/unconfirmed-before-ack-e703c901-supervisor/result.json
95b2040f2e961b881cba6acd8b9a6da5a0aea4537d6d9baba53e4a3df96c8198	750	acceptance/develop-3f210d1a-v2/unit-test-results/meta.json
49cd5e671adee428b661beab059c12b0f3586b93cf9e52a2484ffb15287c4c84	56456	acceptance/develop-3f210d1a-v2/unit-test-results/ytest.report.trace
13d7e5c2decfe4a9bb64e1cb81f09d3fb63440198faeea5dad73acea97081bdb	15438	acceptance/develop-a74a6e80/4ade5a70-cd8c-4e2d-bca4-880be6ab5b66-local-plan.json
4a680cb8818720a8612fd46521c8b7a57914fd26597bcaea52db3f12b99164de	15578	acceptance/develop-a74a6e80/54f6c9d8-0c7c-4fc8-8f14-32c8d7be1e67-local-plan.json
a8cb0c81cbc64f7042caac26ea7bf3a2d1bca77c92900fdc6f507442e7b90a0b	154633	acceptance/develop-a74a6e80/acceptance-manifest.json
e1bf75f78b1ff8adc6831126c18c705b54a7b9ff12dc83b16699202b90364142	8949	acceptance/develop-a74a6e80/before-payload-plan.json
9769c5c9c9d51e065287e6159a204ddd9f47a83346925e8f1ce895fa6728b0e7	1080	acceptance/develop-a74a6e80/before-payload-readiness.json
7bb30e031699c32bc4cf2a8f60f428d01e12f5f4dbd707008f4f13423a8c6551	4215	acceptance/develop-a74a6e80/changed-line-coverage.json
922f150d6af8e4559531bbbecbe6a5ea416b9137811ee18a7daefe541b9741e2	5200	acceptance/develop-a74a6e80/evidence-all-plan.json
6924de1f855dabc9197a0ed172593f9b840d6f3578fc72fe6b01075a4c9c19cd	5074	acceptance/develop-a74a6e80/evidence-plan.json
8f7e8605bd7803e8dcbcf80c23151f6e4b6a57a8aed5a12e80cae9ddebe6f04f	5080	acceptance/develop-a74a6e80/evidence-retry-plan.json
aed968d8e1351c258d174ed410165e42dfe5a967688353010c10033b3ab3c93c	110874	acceptance/develop-a74a6e80/functional-manifest.json
fbee4fcafcce87f481a382d8d440d431febebb7c5fb7e99ee537f68587ded32b	3170	acceptance/develop-a74a6e80/functional-registry.json
82a3caf053015989e12acef88e5a41950a99670adb6bb5fa3e667f6e10b83b5d	17810	acceptance/develop-a74a6e80/functional-results-all.json
0ee18112433cc1c84bbeac7c9a4ce4165085ee1e430ec08530c4cf947073bc71	10870	acceptance/develop-a74a6e80/functional-results.json
9892ad0765daa4fad26289336a8932cf742662f37fc6e5ae7cc5b0134f10288a	4974	acceptance/develop-a74a6e80/material-inputs-all.json
03944664b39283a191cba00b5368206da9d16ae5fe32665049d004751fa5a762	3343	acceptance/develop-a74a6e80/material-inputs.json
99323b83defe288d69b1f2369cb21322a247003042e059fdc7d58fc9575f65bf	22091	acceptance/develop-a74a6e80/metadata-retry-plan.json
6a1fae089be10d3980d18402cd31f8dacc8691d5ffcc4f60b4d0733149110487	8177	acceptance/develop-a74a6e80/package-plan.json
a55068084fcc15460473c4e1cbbbab95747d17220cf1d6bc353f56276222a2ec	3276	acceptance/develop-a74a6e80/package-validation.json
206e02d0096991899dc212fe33ed0f3eb0c5386fc46699caaccef0e182e86c35	4869	acceptance/develop-a74a6e80/resource-probe-current.json
f029b54085bb37b8fe8b3cdf7bc91e0b9999e4300779f8ed9a6f7c2b3e9765d9	53413	acceptance/develop-a74a6e80/result-inventory-all.json
2fd0be157231f820097e203ed78db8b6e73bd9f59c73c6d2a3c80f98b829fefc	14710	acceptance/develop-a74a6e80/result-inventory.json
19bcf19953706822d68356ee1967c089279732847649b9b4b82d9ac918935d12	5427	acceptance/develop-a74a6e80/validation-plan.json
2537221bfa01500cd35f374fc019d107774a9ec20d495f8379d4f1a9cddf9478	66	acceptance/develop-a74a6e80/coverage/cov-version.txt
c2c1b4dd352ffc709827d8d7504160e16e3894905fd333b3f9595eef620ae9e2	1927008	acceptance/develop-a74a6e80/coverage/coverage.profdata
e3b0c44298fc1c149afbf4c8996fb92427ae41e4649b934ca495991b7852b855	0	acceptance/develop-a74a6e80/coverage/export.stderr
f3914d7e30e44c64ef8871ddd6f139e0bdd8d51475456a91d7b3ceb03b735b6a	864980	acceptance/develop-a74a6e80/coverage/export.stdout
3446d781f7bb0f14e9e2961c65bc5410cf44745421cb7143fe17f81c828ef614	12122	acceptance/develop-a74a6e80/coverage/manifest.json
e3b0c44298fc1c149afbf4c8996fb92427ae41e4649b934ca495991b7852b855	0	acceptance/develop-a74a6e80/coverage/merge.stderr
e3b0c44298fc1c149afbf4c8996fb92427ae41e4649b934ca495991b7852b855	0	acceptance/develop-a74a6e80/coverage/merge.stdout
2537221bfa01500cd35f374fc019d107774a9ec20d495f8379d4f1a9cddf9478	66	acceptance/develop-a74a6e80/coverage/profdata-version.txt
4d2dc05ef744934a42b24c12b9a7bc02c7c9e6c038f73a5e8e1f727c8f7c5953	11523	acceptance/develop-a74a6e80/coverage/result.json
4d4f69da78aad99ab58b0da49f965193b9dd44a52668b8f3b0db8774508830c0	5331	acceptance/resource-handoff-3ae9d586/resource-state.json
c460f514c98d066c6994bac18091bbcabaf7ad581c50d2bdc21de2366e29feed	10243	acceptance/runs/compaction-after-index-v1/boundary-before-boundary.json
6043fcbf877181441070419995d069572198c7acfc15551c7704bb983167786b	687	acceptance/runs/compaction-after-index-v1/boundary-config-0.json
9b05edd90733630d0662c99b21507dd30d10ec4346067919e025d79a28f520bf	5591	acceptance/runs/compaction-after-index-v1/boundary-recovered.json
34f74f924225068dd5527fd8d5a1196324e9f4fe4c88d877df47f302bd310973	89	acceptance/runs/compaction-after-index-v1/boundary-scan.json
4d65aff78a649e18e432e70f0c5a8e67f17571babc51e19535c4c0a9cc4f8c57	5604	acceptance/runs/compaction-after-index-v1/boundary-seed.json
1a076059fdcaa583b55e7f6a3f8aac0c15c0a06de2c87ed1476ac61891c9080b	73	acceptance/runs/compaction-after-index-v1/client-outcome.json
5f4eee2b78e0f1a156ebc756e2b8a2ebd77f2c8769120b33830e4104cfad2ec3	89916	acceptance/runs/compaction-after-index-v1/events.jsonl
820672f2310395cd0f3ca6b5498e5b78c32de337f2de9cb0c3615f83313dfe6a	3537925	acceptance/runs/compaction-after-index-v1/metrics-after.json
c5790a1ee98214a5d8f7ec682165b258eece8c780ce9534a071c6689702f9010	15362	acceptance/runs/compaction-after-index-v1/result.json
f727a71adaac53cc0d11d74f5a9ae0632090a1023ddf2725964ff18d780e20cf	189	acceptance/runs/compaction-after-index-v1/debugger/arm.json
a0dfdd12a4a863bada00a6ecfea83919aee507870416a39a006876e1c6adda54	15113	acceptance/runs/compaction-after-index-v1/debugger/hit.json
0e1b67dda5bfcf442640b1d24521f24e7655568c742130fe8bb1242f6d236aff	424	acceptance/runs/compaction-after-index-v1/debugger/ready.json
e3b0c44298fc1c149afbf4c8996fb92427ae41e4649b934ca495991b7852b855	0	acceptance/runs/compaction-after-index-v1/kikimr_working_dir/netData.tsv
5da62a93f1fb7ac3ee75532b0abe24dc4ad7359e03f59ab0c71db3c54f8ab437	57	acceptance/runs/compaction-after-index-v1-supervisor/cleanup-before.json
bed541bc0e61b85dd08b66da9c1c43970efafdcfc763123d6fe7bbb6f79cec29	891	acceptance/runs/compaction-after-index-v1-supervisor/identity.json
b9f0844161ae4113d9e3a1153852b9e83cbcbe204686b1dd1ae01a8af930159f	112	acceptance/runs/compaction-after-index-v1-supervisor/processes.json
9373814372c1482c3fbe8c4840b6566c806f68a4dd1c8ba2520237e2ec9c5b88	83	acceptance/runs/compaction-after-index-v1-supervisor/result.json
cdc73742b554482690b15967e29cecd33d238b95b5bac0ce8e7254c0c7984fc7	10243	acceptance/runs/compaction-before-index-v1/boundary-before-boundary.json
6043fcbf877181441070419995d069572198c7acfc15551c7704bb983167786b	687	acceptance/runs/compaction-before-index-v1/boundary-config-0.json
cdc73742b554482690b15967e29cecd33d238b95b5bac0ce8e7254c0c7984fc7	10243	acceptance/runs/compaction-before-index-v1/boundary-recovered.json
80fd5908e44c6ce487f2c739a9986a4e49d7524cf01923487c7ade3791feca60	89	acceptance/runs/compaction-before-index-v1/boundary-scan.json
7d6755f3f545b25281551250ff4c172b2018f01164dc2aa708f891fd9a11677d	5604	acceptance/runs/compaction-before-index-v1/boundary-seed.json
e8d1484348fdc527c137316856eb3d33cca2b3f1bfe4d8fb3cf266b4376c8a84	74	acceptance/runs/compaction-before-index-v1/client-outcome.json
7b1312bd6616805e890b18db061a9c220944a3c891856d2ef0be551adedd065e	90479	acceptance/runs/compaction-before-index-v1/events.jsonl
a2328a9059376c92ba9611a36db7f56a1e328f8531225ab9ac94e9b1fa83f4ec	3538329	acceptance/runs/compaction-before-index-v1/metrics-after.json
a0534b1590f4c8e507b3fe23c4e3bb8e6af9b1c782d5e1f574b3ad2e7087cf7d	15358	acceptance/runs/compaction-before-index-v1/result.json
3eeb6adc7e69a871c4405b4c8fc22b9b93b46940a0c80d7aa9097c2d7a43be0e	192	acceptance/runs/compaction-before-index-v1/debugger/arm.json
5b60fd02d2decd2f29264c685714933f9ca6428f4e74567bf2eaccda405356b1	15107	acceptance/runs/compaction-before-index-v1/debugger/hit.json
68b1dc71f1b3e8da00423c67786f1b3f6a7ec6636f8019bf7d74cf4b9cafedc3	424	acceptance/runs/compaction-before-index-v1/debugger/ready.json
e3b0c44298fc1c149afbf4c8996fb92427ae41e4649b934ca495991b7852b855	0	acceptance/runs/compaction-before-index-v1/kikimr_working_dir/netData.tsv
b06c1eec080606e41fa869ace216d753e41e61b90422e634feed1bd3fd86866d	57	acceptance/runs/compaction-before-index-v1-supervisor/cleanup-before.json
cc9391df2cd7dc3ec23560c18a9c4bce7fb3dc2f455c134e399dd81397329c4b	895	acceptance/runs/compaction-before-index-v1-supervisor/identity.json
cef9674b3b240eb964f59da56f3ebf22004e86f046be4e3fdfc095d211bf0b84	112	acceptance/runs/compaction-before-index-v1-supervisor/processes.json
f33e71062211abde865d76b17d004af7e736b028733448862ce35ee2c7c3bf86	85	acceptance/runs/compaction-before-index-v1-supervisor/result.json
7d6755f3f545b25281551250ff4c172b2018f01164dc2aa708f891fd9a11677d	5604	acceptance/runs/direct-after-index-v1/boundary-before-boundary.json
6043fcbf877181441070419995d069572198c7acfc15551c7704bb983167786b	687	acceptance/runs/direct-after-index-v1/boundary-config-0.json
854dcbc85783012719e96551825a3803c58cd744315ccb880710dd8b5d47ac09	5477	acceptance/runs/direct-after-index-v1/boundary-recovered.json
529b962d748154d98fbd949a8ed47d821346e5124e009f9c744542c72e765f38	87	acceptance/runs/direct-after-index-v1/boundary-scan.json
7d6755f3f545b25281551250ff4c172b2018f01164dc2aa708f891fd9a11677d	5604	acceptance/runs/direct-after-index-v1/boundary-seed.json
228e9c1f60553ab86c68053f494ec8138f68aa7138bb503643d3f763aecb9414	79	acceptance/runs/direct-after-index-v1/client-outcome.json
c3594663b8a7b6ee3ad80b0bc2e68ca4808badee512b13d7f3c25d21988513fd	24457	acceptance/runs/direct-after-index-v1/events.jsonl
0f607c0944f013c15d606a6c7de1ed9b4bbf063e14e12efd81eb441b1e74d1d6	3536312	acceptance/runs/direct-after-index-v1/metrics-after.json
197c2ef1a6c437e29b485f321ddce8a9cebb5cc3672b3bdf2488a1d4297bc94c	15344	acceptance/runs/direct-after-index-v1/result.json
88c57c5df02cfb52af77e260558a6d731e1aebc3b02bfd03bfb64eeb9010d993	177	acceptance/runs/direct-after-index-v1/debugger/arm.json
d34042c9c5ff01210f7c954c37496c7e1f1bf6843b124f180b98c81f128ad749	15093	acceptance/runs/direct-after-index-v1/debugger/hit.json
094cd2299a27f24132cf65fbede9a6ab588698c7f8c9b003f50a9a85cdf8b043	424	acceptance/runs/direct-after-index-v1/debugger/ready.json
e3b0c44298fc1c149afbf4c8996fb92427ae41e4649b934ca495991b7852b855	0	acceptance/runs/direct-after-index-v1/kikimr_working_dir/netData.tsv
2d43e076df6faf812df580822522d48ca35899e00156c1f21fc103f1937de22e	57	acceptance/runs/direct-after-index-v1-supervisor/cleanup-before.json
98db0acbd5d47d179863224737097240e19f667795ec152d87f422abadc505f2	884	acceptance/runs/direct-after-index-v1-supervisor/identity.json
871cdece250defd1d899427b7831b82c160e1aaccef1ff027673ce3bf3d5a265	112	acceptance/runs/direct-after-index-v1-supervisor/processes.json
4c8a24f5a1823b292a9bf3a3f7566c0ec2e98abf8df1ab663fd2cc3cce4902d3	85	acceptance/runs/direct-after-index-v1-supervisor/result.json
4d65aff78a649e18e432e70f0c5a8e67f17571babc51e19535c4c0a9cc4f8c57	5604	acceptance/runs/direct-after-payload-v1/boundary-before-boundary.json
6043fcbf877181441070419995d069572198c7acfc15551c7704bb983167786b	687	acceptance/runs/direct-after-payload-v1/boundary-config-0.json
4d65aff78a649e18e432e70f0c5a8e67f17571babc51e19535c4c0a9cc4f8c57	5604	acceptance/runs/direct-after-payload-v1/boundary-recovered.json
9cdafd73d88311c70c1f3381b9392bd56e9abbf7c77932f31772ac2f8d3cfb7f	87	acceptance/runs/direct-after-payload-v1/boundary-scan.json
4d65aff78a649e18e432e70f0c5a8e67f17571babc51e19535c4c0a9cc4f8c57	5604	acceptance/runs/direct-after-payload-v1/boundary-seed.json
228e9c1f60553ab86c68053f494ec8138f68aa7138bb503643d3f763aecb9414	79	acceptance/runs/direct-after-payload-v1/client-outcome.json
4d03ea4027b91ecf552855904692aef727df0d4444b4c91b3ee892773b0d3118	24572	acceptance/runs/direct-after-payload-v1/events.jsonl
fea876c7cd8c66ed543ca8a56aeb9096599436ddc3ea7b6ff986c9dad6a5e31b	3537116	acceptance/runs/direct-after-payload-v1/metrics-after.json
9d4301d04fdcdcd5fbebcbf9fef9cfe7c3ea6c544ba2839b429549552a3b9c3d	15354	acceptance/runs/direct-after-payload-v1/result.json
0d81058677df3c1c4e7bee7b42a2766a2526ba8fd94a8d3a402927e6ac2bf092	183	acceptance/runs/direct-after-payload-v1/debugger/arm.json
6e144af1a3bd803f0058d44783414662435f8fc279ad24cd8c3e356f80da4680	15101	acceptance/runs/direct-after-payload-v1/debugger/hit.json
3b1a6b61795faa70766d81a9112b07ccef3c55e531fd23eeda998258b8b36d19	424	acceptance/runs/direct-after-payload-v1/debugger/ready.json
e3b0c44298fc1c149afbf4c8996fb92427ae41e4649b934ca495991b7852b855	0	acceptance/runs/direct-after-payload-v1/kikimr_working_dir/netData.tsv
1ed930afc3ae56c7ddeb731c81970e6621ca0bc1eb6ca9905fd96afe53520689	57	acceptance/runs/direct-after-payload-v1-supervisor/cleanup-before.json
bec5c0134e628601e2f2458c7954c7600e2343c077c0a36db7d28696cc78e631	887	acceptance/runs/direct-after-payload-v1-supervisor/identity.json
4e171521722b0ac039bb656790f1a630400964fb74c6814aece90f476bb158b8	112	acceptance/runs/direct-after-payload-v1-supervisor/processes.json
ef830915441c5e40de8a196282980307d27db7f301449b936acf6ba4a9df9d93	85	acceptance/runs/direct-after-payload-v1-supervisor/result.json
4d65aff78a649e18e432e70f0c5a8e67f17571babc51e19535c4c0a9cc4f8c57	5604	acceptance/runs/direct-before-payload-v1/boundary-before-boundary.json
6043fcbf877181441070419995d069572198c7acfc15551c7704bb983167786b	687	acceptance/runs/direct-before-payload-v1/boundary-config-0.json
4d65aff78a649e18e432e70f0c5a8e67f17571babc51e19535c4c0a9cc4f8c57	5604	acceptance/runs/direct-before-payload-v1/boundary-recovered.json
9cdafd73d88311c70c1f3381b9392bd56e9abbf7c77932f31772ac2f8d3cfb7f	87	acceptance/runs/direct-before-payload-v1/boundary-scan.json
4d65aff78a649e18e432e70f0c5a8e67f17571babc51e19535c4c0a9cc4f8c57	5604	acceptance/runs/direct-before-payload-v1/boundary-seed.json
228e9c1f60553ab86c68053f494ec8138f68aa7138bb503643d3f763aecb9414	79	acceptance/runs/direct-before-payload-v1/client-outcome.json
34d9796c8acd1c35ed675b7d52e68fcc1327d1bfaa5bd9240bcda88ff3a8585b	24643	acceptance/runs/direct-before-payload-v1/events.jsonl
c16c65d1acde0ff28c8cb809110a2d27a128a711bb9ab65b44d6ae3f9ef1a194	3537521	acceptance/runs/direct-before-payload-v1/metrics-after.json
c8ef41c50ff1216d530dc7dfc9b25cbcb2eb91f23300bf505eabe69ad7bc7eab	15364	acceptance/runs/direct-before-payload-v1/result.json
45c13be45ced28379fc967c02b28febaa952e547a6ccb3611be61050286e662d	186	acceptance/runs/direct-before-payload-v1/debugger/arm.json
1ea8ed38d5a308f48ad7e827abf7e7b0e0b875d20da6b737e7afc0ec61cd0a75	15110	acceptance/runs/direct-before-payload-v1/debugger/hit.json
2b2bc62f679728f606e2f31ceef8717040f4492c483f50644c8e8969896a89f9	424	acceptance/runs/direct-before-payload-v1/debugger/ready.json
e3b0c44298fc1c149afbf4c8996fb92427ae41e4649b934ca495991b7852b855	0	acceptance/runs/direct-before-payload-v1/kikimr_working_dir/netData.tsv
d68406664b27579e87d2daab36ce5727580ced4c38e42015cc29dc402d4e0709	57	acceptance/runs/direct-before-payload-v1-supervisor/cleanup-before.json
c51be0c7cc2b4d7d758f1bcf23bc558e39e000f3157d2f1a8708a9bd546734d0	890	acceptance/runs/direct-before-payload-v1-supervisor/identity.json
e470eefc35fc9f09e990b74c50dd0654fa8e5c93764044f18859651e4a488c38	112	acceptance/runs/direct-before-payload-v1-supervisor/processes.json
35f4466b3f86f4555a72c49d5dd20a17a3e37161dab2a0c84213fcec1f232869	85	acceptance/runs/direct-before-payload-v1-supervisor/result.json
8c9705a9f9d128e14ddb88226a7080f8cc885b4b7f0a506dd115187b004805da	8304	acceptance/runs/metadata-copy-mismatch-v1/events.jsonl
07dfac0f1f701dc1290240b27b856ff057e87e4ae67461e835c13bc475ae4200	818	acceptance/runs/metadata-copy-mismatch-v1/metadata-config-0.json
7d6755f3f545b25281551250ff4c172b2018f01164dc2aa708f891fd9a11677d	5604	acceptance/runs/metadata-copy-mismatch-v1/metadata-seed.json
f4d86bc24db8a1bc1bef1f05f8b15653fa77059b512621b0a4bcb39c0fb616e6	3537740	acceptance/runs/metadata-copy-mismatch-v1/metrics-after.json
21b3b4096d09aab42f143496e193420013d0af2a05207b56fd024551d2a16555	8195	acceptance/runs/metadata-copy-mismatch-v1/result.json
10f0b4e024c57ac02e0b392eab64ab36c48b6727db8c862779c5796a95e4c6cd	44	acceptance/runs/metadata-copy-mismatch-v1/debugger/hit.json
b6b3511b338c0e817410276aad0def63f693bb1be8eca38886c1ce0dd2811146	7892	acceptance/runs/metadata-copy-mismatch-v1/debugger/injections.jsonl
3de0d439326d2e28e0a64e93cc51e51746ab6e95ddb07dd92e2fab64ddf39b92	90	acceptance/runs/metadata-copy-mismatch-v1/debugger/ready.json
e3b0c44298fc1c149afbf4c8996fb92427ae41e4649b934ca495991b7852b855	0	acceptance/runs/metadata-copy-mismatch-v1/kikimr_working_dir/netData.tsv
5c85bb764cdc0575d68daa172fc28f0ddf142b84e7316483d7d2b40596fc9bf0	112	acceptance/runs/metadata-copy-mismatch-v1-supervisor/cleanup-before.json
a1a324a103754917bfaa65a5695b5242d96a716fae68eb3afcc877204a472b81	892	acceptance/runs/metadata-copy-mismatch-v1-supervisor/identity.json
f45f9454f725da84833d520193e96bdcd650d4524279aac10af8aa60409c748e	167	acceptance/runs/metadata-copy-mismatch-v1-supervisor/processes.json
eac79551a607da1a0bf4562e1e3660d16924f650ea951c5a88142a0529823939	85	acceptance/runs/metadata-copy-mismatch-v1-supervisor/result.json
a38e40cb97afaca9c7897fc13690bb2062cf3b3284dc549475f75cd76f3ef2a3	8262	acceptance/runs/metadata-logical-size-v1/events.jsonl
07dfac0f1f701dc1290240b27b856ff057e87e4ae67461e835c13bc475ae4200	818	acceptance/runs/metadata-logical-size-v1/metadata-config-0.json
7d6755f3f545b25281551250ff4c172b2018f01164dc2aa708f891fd9a11677d	5604	acceptance/runs/metadata-logical-size-v1/metadata-seed.json
0efadac435c6549d9a7658fd16441016e09198dae2ca15c5ef7565798b5cb4aa	3537338	acceptance/runs/metadata-logical-size-v1/metrics-after.json
05f6caba1c5c296e2bc95f1e13bfe47ec8d64233c170fee9ed021f45808c67af	8189	acceptance/runs/metadata-logical-size-v1/result.json
367f3d8fe44195a89fd0f325a723d3ad1eef3226bf66bec8acd55daab4d38a9b	43	acceptance/runs/metadata-logical-size-v1/debugger/hit.json
65b8c7d1a0b41940ba9eec9bc7fda2296ecfefa3b072e0b1c5357053ee137345	7887	acceptance/runs/metadata-logical-size-v1/debugger/injections.jsonl
2eb8815b56e070e6da9eb9e368b874ff4477872c9b3e727cbea03f43aba8c26b	90	acceptance/runs/metadata-logical-size-v1/debugger/ready.json
e3b0c44298fc1c149afbf4c8996fb92427ae41e4649b934ca495991b7852b855	0	acceptance/runs/metadata-logical-size-v1/kikimr_working_dir/netData.tsv
c4b165e7ecebb74e83aca4add868c0a043d42b726c89d03cbfff058933df022a	112	acceptance/runs/metadata-logical-size-v1-supervisor/cleanup-before.json
cbc11490470802695e64eec44aeae05c8f9ff2982d63bd1c17a3bbbdd4a27360	890	acceptance/runs/metadata-logical-size-v1-supervisor/identity.json
8ea8468b9642436c73b50a980b25e44575444d20acd72153938e915fc98d9678	167	acceptance/runs/metadata-logical-size-v1-supervisor/processes.json
25b338c521e14aea1de54c5d26f408db123040223022523de88021e034e37309	85	acceptance/runs/metadata-logical-size-v1-supervisor/result.json
1267f04e1b74d784cbc6173185cea145b6cd69b78c00e0a554edf1dbdd755bbb	5969	acceptance/runs/metadata-truncated-v1/events.jsonl
07dfac0f1f701dc1290240b27b856ff057e87e4ae67461e835c13bc475ae4200	818	acceptance/runs/metadata-truncated-v1/metadata-config-0.json
7d6755f3f545b25281551250ff4c172b2018f01164dc2aa708f891fd9a11677d	5604	acceptance/runs/metadata-truncated-v1/metadata-seed.json
5b94ffd4eb71f5c6afe335868ee94d522202c6d95f7846a75983fc2d89cbda6d	3172	acceptance/runs/metadata-truncated-v1/result.json
d886ab0429a4faeaeb2fa80c947767c58bfe3bff781f053d74909506f28df194	7883	acceptance/runs/metadata-truncated-v1/debugger/injections.jsonl
466986efc70c46e0ca30f8138343c3212146d172027194734c42d41dda7449cc	90	acceptance/runs/metadata-truncated-v1/debugger/ready.json
e3b0c44298fc1c149afbf4c8996fb92427ae41e4649b934ca495991b7852b855	0	acceptance/runs/metadata-truncated-v1/kikimr_working_dir/netData.tsv
8cb666484a288d06f1ebf62d8a4f7eacaf21a94631497ed01ba353a4e3df081a	57	acceptance/runs/metadata-truncated-v1-supervisor/cleanup-before.json
37a507269c29966edbab6c8258954570afbdaee711883bc330e4cf5cdadf52d2	884	acceptance/runs/metadata-truncated-v1-supervisor/identity.json
288372cc2eac2fc280f0b88252cfe93eb4f5c3b3cfc2f0dfac2d18ddc2c26b10	112	acceptance/runs/metadata-truncated-v1-supervisor/processes.json
ad0408bfca2d7a746bc4c7aaa5d7b90c39a4619710a737f848cf2313b95b6377	85	acceptance/runs/metadata-truncated-v1-supervisor/result.json
5799ba22286c0fc6a357ba62d56bfab6981e0c6ca707f5264de310cb8fc7b2a6	8357	acceptance/runs/metadata-unknown-codec-v1/events.jsonl
07dfac0f1f701dc1290240b27b856ff057e87e4ae67461e835c13bc475ae4200	818	acceptance/runs/metadata-unknown-codec-v1/metadata-config-0.json
7d6755f3f545b25281551250ff4c172b2018f01164dc2aa708f891fd9a11677d	5604	acceptance/runs/metadata-unknown-codec-v1/metadata-seed.json
9a1313b1b768e1fc28fcb70b259f9965ecb82378d0e71951c03f995e444c4f42	3537740	acceptance/runs/metadata-unknown-codec-v1/metrics-after.json
88d36a410d9672432757d3d81db7bbb16233788ff7a44374e8cde6f8cfe43fc8	8194	acceptance/runs/metadata-unknown-codec-v1/result.json
452f730e902f8946ac92b5dfd4edb3ad9219f9a28de3c2708276140a11ddf14a	44	acceptance/runs/metadata-unknown-codec-v1/debugger/hit.json
c300793ec084412e097a961ab4eb284a34741b727b4824d31264b7364b25c7ff	7891	acceptance/runs/metadata-unknown-codec-v1/debugger/injections.jsonl
d02d298bf11cbd43dd0b7909851ed81805d5a5964d3b9918392a115207921bad	90	acceptance/runs/metadata-unknown-codec-v1/debugger/ready.json
e3b0c44298fc1c149afbf4c8996fb92427ae41e4649b934ca495991b7852b855	0	acceptance/runs/metadata-unknown-codec-v1/kikimr_working_dir/netData.tsv
b13e4fcb4cd582f600ce9e42724b1c079536fd7baa0a7273fae1472060bdd028	112	acceptance/runs/metadata-unknown-codec-v1-supervisor/cleanup-before.json
a11ffd15394bd9601d4a48a8966fce224d0a04ab51927c958cdcdd0e77b6df4b	892	acceptance/runs/metadata-unknown-codec-v1-supervisor/identity.json
53f73f84cdd7daf062b99a3acc658fe6132f607506e8950adaead13e6c8ac1fa	167	acceptance/runs/metadata-unknown-codec-v1-supervisor/processes.json
8d0165d778e38e63217cc91accbab4cd2f571f3a9772aafbebccaeb214052686	85	acceptance/runs/metadata-unknown-codec-v1-supervisor/result.json
b7ac85404c6c7b2e2f3267e347dd226167cd754a2a927728f192314c64f8b908	8441	acceptance/runs/metadata-unknown-version-v1/events.jsonl
07dfac0f1f701dc1290240b27b856ff057e87e4ae67461e835c13bc475ae4200	818	acceptance/runs/metadata-unknown-version-v1/metadata-config-0.json
7d6755f3f545b25281551250ff4c172b2018f01164dc2aa708f891fd9a11677d	5604	acceptance/runs/metadata-unknown-version-v1/metadata-seed.json
3793f24970364d85a806c20e336f5258871a6f6446e4707d35171ee1520c8be2	3538544	acceptance/runs/metadata-unknown-version-v1/metrics-after.json
ddd4e414633aa1946e65c95156409e4f9e0410e7f19811a5fd654dd7fd855d6d	8200	acceptance/runs/metadata-unknown-version-v1/result.json
d6d214e7352592fcd9e29b37f54846616df70a7e696be4a334e2a4f2d3373de4	46	acceptance/runs/metadata-unknown-version-v1/debugger/hit.json
32e2cdf3dca7e54ffc45c439c1bb1e2019fed19729598b74fb7278adf2f7650a	7895	acceptance/runs/metadata-unknown-version-v1/debugger/injections.jsonl
76f1f34d2a7ab72ee6c05a477d78a70d2855399f5b18a165018df2afbe2fe716	90	acceptance/runs/metadata-unknown-version-v1/debugger/ready.json
e3b0c44298fc1c149afbf4c8996fb92427ae41e4649b934ca495991b7852b855	0	acceptance/runs/metadata-unknown-version-v1/kikimr_working_dir/netData.tsv
b20eb1c668562767caa8f96ed3a4e31c2f1a238639175c9e63962bb82d488581	112	acceptance/runs/metadata-unknown-version-v1-supervisor/cleanup-before.json
71f5b8e508a9e2ab3f37b948fd6d9782a50453031608b230ffa8647854bd1ff1	896	acceptance/runs/metadata-unknown-version-v1-supervisor/identity.json
c416f277251c3cc6851b2b1606e8315918c18a53c10d3083c939dffef5a4191c	167	acceptance/runs/metadata-unknown-version-v1-supervisor/processes.json
c13210a515599a7470a9367d735c642d94208f1cba1b3402d11ea1f444c35b19	85	acceptance/runs/metadata-unknown-version-v1-supervisor/result.json
7d6755f3f545b25281551250ff4c172b2018f01164dc2aa708f891fd9a11677d	5604	acceptance/runs/unconfirmed-before-ack-v1/boundary-before-boundary.json
e403b6e9e9bb54a26143377ff4e42b3e24ae78ceb847b13a6f9ff04bb241723a	686	acceptance/runs/unconfirmed-before-ack-v1/boundary-config-0.json
854dcbc85783012719e96551825a3803c58cd744315ccb880710dd8b5d47ac09	5477	acceptance/runs/unconfirmed-before-ack-v1/boundary-recovered.json
529b962d748154d98fbd949a8ed47d821346e5124e009f9c744542c72e765f38	87	acceptance/runs/unconfirmed-before-ack-v1/boundary-scan.json
7d6755f3f545b25281551250ff4c172b2018f01164dc2aa708f891fd9a11677d	5604	acceptance/runs/unconfirmed-before-ack-v1/boundary-seed.json
228e9c1f60553ab86c68053f494ec8138f68aa7138bb503643d3f763aecb9414	79	acceptance/runs/unconfirmed-before-ack-v1/client-outcome.json
85b46ef0786323cf717c95c49518c0f8b5131185b71d20225da4199b324fb48a	24703	acceptance/runs/unconfirmed-before-ack-v1/events.jsonl
faba3160935c6f0afc462094b76ed2751e282f5ad956d421a25c3f7734d93195	3537922	acceptance/runs/unconfirmed-before-ack-v1/metrics-after.json
3a58af961227c4e0d0b2495cb4d54bdc61db6776e79075495b1022f92e462805	15367	acceptance/runs/unconfirmed-before-ack-v1/result.json
71873bd93e5d68a9e902e38df80a6607f25c8c0722af85a963bcd7e1f7c57426	188	acceptance/runs/unconfirmed-before-ack-v1/debugger/arm.json
6f50f47cc744b560d35112ea527cd12ccc62d110064b263af07c8225f8f173a4	15112	acceptance/runs/unconfirmed-before-ack-v1/debugger/hit.json
24e608d00283ab27a03ed27607a7e1a25ec09a363d75b3e4583c73bbc36dbec2	424	acceptance/runs/unconfirmed-before-ack-v1/debugger/ready.json
e3b0c44298fc1c149afbf4c8996fb92427ae41e4649b934ca495991b7852b855	0	acceptance/runs/unconfirmed-before-ack-v1/kikimr_working_dir/netData.tsv
70d4881c4b7b1b3087cfd7d4ffae8923d0cbd5bc1ea9674c3c886d4c5b33f392	57	acceptance/runs/unconfirmed-before-ack-v1-supervisor/cleanup-before.json
6b7d91548e211a9a25b48c272b46d6b42269462be9d96c68deae298cff02c4ab	891	acceptance/runs/unconfirmed-before-ack-v1-supervisor/identity.json
3e509b4642ba3a219940d0a816e8c85d29df723dd463153c1851bfea890b0f32	112	acceptance/runs/unconfirmed-before-ack-v1-supervisor/processes.json
04fb7e522fa9219f6068d620519d084894a161dc2895c61218d75b0a12e02473	85	acceptance/runs/unconfirmed-before-ack-v1-supervisor/result.json
5dcbc2f068f1b75dfd0cc125b447f4715b642c18736ea6d4daa50129a495bad0	14320	acceptance/tools/gdb-root/usr/share/gdb/syscalls/aarch64-linux.xml
8c786096683d498ddefe212c7aaa83bd92652c7158632d6e6f475d4040251922	16310	acceptance/tools/gdb-root/usr/share/gdb/syscalls/amd64-linux.xml
6ee59cc38b6c5b5c1a20e62c142edbb422c91e53cc7ba920363c807b03932ec5	21107	acceptance/tools/gdb-root/usr/share/gdb/syscalls/arm-linux.xml
986b1509a079b4e6472a3ba32dd8ebf9d442f37a1d52d2fd18b546d8488d283d	21253	acceptance/tools/gdb-root/usr/share/gdb/syscalls/freebsd.xml
d3101bae1c7ce204e21f47c3692520a294021d8360f3360e4e3faefc7792a0f6	17323	acceptance/tools/gdb-root/usr/share/gdb/syscalls/i386-linux.xml
313dd57d5e8108245780cb560d0d9269bbabfedbe109cbab4ed6bbec465df30d	17121	acceptance/tools/gdb-root/usr/share/gdb/syscalls/mips-n32-linux.xml
50481c8bceb8bfa8b6515b86347bc5ab6803f3afb4211e112cec979abe3d3774	16708	acceptance/tools/gdb-root/usr/share/gdb/syscalls/mips-n64-linux.xml
1facc63495fc4885b5cf7764a585e5d93ebf9196bb6fa38637933f67e3510cca	18507	acceptance/tools/gdb-root/usr/share/gdb/syscalls/mips-o32-linux.xml
0c7bece2a1464277e36c56822acb913ac534ff0187c82c0872f34444039399b5	15712	acceptance/tools/gdb-root/usr/share/gdb/syscalls/ppc-linux.xml
604b992e3a3fe8d9ffb9f03adef59bfe74c70dbab53a6f9e43fd92cb9729b919	14754	acceptance/tools/gdb-root/usr/share/gdb/syscalls/ppc64-linux.xml
88bbdb4f171c31d4811bf2d089fd5dfe88511e2baae04d7a614125656aadf668	19105	acceptance/tools/gdb-root/usr/share/gdb/syscalls/s390-linux.xml
cb5b738f92bfb832ba967583905418108e9d1a8d8863ccc4f2d4de705df33c5d	17464	acceptance/tools/gdb-root/usr/share/gdb/syscalls/s390x-linux.xml
31d7a958de5bbe7ff48bd0ca30d9a2c89bdaae3453c797dfeeb2da473d9f6110	18017	acceptance/tools/gdb-root/usr/share/gdb/syscalls/sparc-linux.xml
826460321b000122a22c90cfbe925f92bf385dbd593392fc14217032d8763e8b	17139	acceptance/tools/gdb-root/usr/share/gdb/syscalls/sparc64-linux.xml
484ea7a0acd14f45bbd6d86f24f67a8227786a6549c6a08204d9933cf62bbde0	3	ada12002-0402-4270-809a-6147ea94215b/build-release-bench.stderr
e3b0c44298fc1c149afbf4c8996fb92427ae41e4649b934ca495991b7852b855	0	ada12002-0402-4270-809a-6147ea94215b/build-release-bench.stdout
f1ab5e6951fdc9327e1bde71fb4572ffc553e4653441b0c963dcf9e571c26547	56031	ada12002-0402-4270-809a-6147ea94215b/plan.json
578e00c9ac8301e6205d85167a9272a5ab3ef7113dd40ab1daf37ddcbf696e08	14766	ada12002-0402-4270-809a-6147ea94215b/state.json
e3b0c44298fc1c149afbf4c8996fb92427ae41e4649b934ca495991b7852b855	0	ada12002-0402-4270-809a-6147ea94215b/verify-release-bench.stderr
fe3abc135391d1075f5f4751d4f30e31d625130ad431dbb7fd8f4db9c23fdd60	242	ada12002-0402-4270-809a-6147ea94215b/verify-release-bench.stdout
171d808b3c873b97980e108d5f5a413f6b306a5f90c6cf418e468d6912cfcf61	4359	d2b2cfd0-53aa-4a9e-ae14-e47c8426ef08/plan.json
a9d8a96edab4b3337368587a95a40b9aa4a4345b5baa534f064e6d5f1deae28a	7316	d2b2cfd0-53aa-4a9e-ae14-e47c8426ef08/state.json
12cdfaf57bead0353d80219327f96d1dd77dd14e66fdc7db9e18ae1945eeb89c	5565	develop-0dc832f8/coverage-plan.json
2ae254f4acd55555fbcce5d63eb871af4dfaa2e3410fd5eb0369efc5540836f0	6716	develop-0dc832f8/junit.xml
a6c9e7ab6782ebb7fe86fb1d4d793eec7d4666a92543446bbc919b85f55911ec	6345	develop-0dc832f8/plan.json
5c62273b8cd79aec359607a07ccc2fca4f16b7560526a549b2167927e84299ec	16273	develop-0dc832f8/send-filter-snapshot.json
4d20b14342ad2625ea061c1db5cc8e13113216dac409c3844d28a4d7fa425558	6344	develop-0dc832f8/e8d4be99-171b-4d94-b314-92416e001e9e/plan.json
3eb586f79fb3e54c5ea7b4fc3c881fb6238bc7b875068ec8f9da82f4330d21b0	7951	develop-0dc832f8/e8d4be99-171b-4d94-b314-92416e001e9e/state.json
e3b0c44298fc1c149afbf4c8996fb92427ae41e4649b934ca495991b7852b855	0	develop-0dc832f8/e8d4be99-171b-4d94-b314-92416e001e9e/toolchain-environment.stderr
a965e3a791f8b060f6be7a6dad8fee5f57072f17fea0a1132d922cf47f57eb5c	500	develop-0dc832f8/e8d4be99-171b-4d94-b314-92416e001e9e/toolchain-environment.stdout
92fcae3d089f9d71ad435ba4852886468d801271f39cb289658ffcda4232de73	8882	develop-0dc832f8/send-filter/cloud_blockstore_libs_storage_partition_common_ut-manifest.json
2f3740be1c55504b551d9c7ec52c1b60161d4c8e43d493c05185ff05340cc478	5773	develop-0dc832f8/send-filter/coverage-plan.json
6d46a61f341b361b648ff32867fb0eebcac1760c409150a8234a6ad592a33517	9727	develop-0dc832f8/send-filter/guard-coverage.json
02d0e5975fa1bf6b3e2ba650d05701ff56062fd2025f99d0bd9f3417f841e241	1630	develop-0dc832f8/send-filter/junit.xml
ea69da575988b39babd4fc13b3415d825b356f5933f906c891392c731797305d	6553	develop-0dc832f8/send-filter/plan.json
b6cf074a11a58e4c4a72f20c8306d84f4d7bf6afab5b9b8aff381b355a505ea7	12692	develop-0dc832f8/send-filter/profile-audit.json
e3b0c44298fc1c149afbf4c8996fb92427ae41e4649b934ca495991b7852b855	0	develop-0dc832f8/send-filter/cad8bb86-86bd-4aa9-9ca8-497dfdb7ff17/guard-coverage.stderr
92e12482e1706797bab9659da34c0337cf3c8525f7e0e9cd41c4dc3cb1d7a83b	1593	develop-0dc832f8/send-filter/cad8bb86-86bd-4aa9-9ca8-497dfdb7ff17/guard-coverage.stdout
969fc15f3d15450eb3a0fffdbd93667e0d1f3873b18f499c423214c43104478d	5772	develop-0dc832f8/send-filter/cad8bb86-86bd-4aa9-9ca8-497dfdb7ff17/plan.json
e3b0c44298fc1c149afbf4c8996fb92427ae41e4649b934ca495991b7852b855	0	develop-0dc832f8/send-filter/cad8bb86-86bd-4aa9-9ca8-497dfdb7ff17/scoped-coverage.stderr
1b017e1abd200622ae8820b05d86154050723dfaa6d52f9c68ee4e70d10f83c3	135	develop-0dc832f8/send-filter/cad8bb86-86bd-4aa9-9ca8-497dfdb7ff17/scoped-coverage.stdout
e22dff7124c06083498c961595a504389a9ec02e5448583c984880f56da23cdb	10467	develop-0dc832f8/send-filter/cad8bb86-86bd-4aa9-9ca8-497dfdb7ff17/state.json
e3b0c44298fc1c149afbf4c8996fb92427ae41e4649b934ca495991b7852b855	0	develop-0dc832f8/send-filter/cad8bb86-86bd-4aa9-9ca8-497dfdb7ff17/toolchain-environment.stderr
a965e3a791f8b060f6be7a6dad8fee5f57072f17fea0a1132d922cf47f57eb5c	500	develop-0dc832f8/send-filter/cad8bb86-86bd-4aa9-9ca8-497dfdb7ff17/toolchain-environment.stdout
17ce2e2cf15b99075a32e65c7d082ad6adc369bd84f294d7528aaead10e4f19b	6552	develop-0dc832f8/send-filter/caf40ed9-1859-4c97-9ad0-40228cb20a0f/plan.json
4c46df20d48fd8d96b0184ad4b41e5d8d916b3678c87ebc444f6879ea52587a6	10036	develop-0dc832f8/send-filter/caf40ed9-1859-4c97-9ad0-40228cb20a0f/state.json
e3b0c44298fc1c149afbf4c8996fb92427ae41e4649b934ca495991b7852b855	0	develop-0dc832f8/send-filter/caf40ed9-1859-4c97-9ad0-40228cb20a0f/toolchain-environment.stderr
a965e3a791f8b060f6be7a6dad8fee5f57072f17fea0a1132d922cf47f57eb5c	500	develop-0dc832f8/send-filter/caf40ed9-1859-4c97-9ad0-40228cb20a0f/toolchain-environment.stdout
2537221bfa01500cd35f374fc019d107774a9ec20d495f8379d4f1a9cddf9478	66	develop-0dc832f8/send-filter/coverage/cov-version.txt
b73cf509ef3bf554de7798461c2e74d47ef6388ce8949d4a6bf8ed4c4b572611	128344	develop-0dc832f8/send-filter/coverage/coverage.profdata
e3b0c44298fc1c149afbf4c8996fb92427ae41e4649b934ca495991b7852b855	0	develop-0dc832f8/send-filter/coverage/export.stderr
4b5efb43764a71dc2764abc2705a3fa834d019b870e2caa67d53c9f798cd2982	19907	develop-0dc832f8/send-filter/coverage/export.stdout
8a4cccaf1c073e38ca911411586302e71f7fd9993d3dfe72ec40c6168a96651d	8881	develop-0dc832f8/send-filter/coverage/manifest.json
e3b0c44298fc1c149afbf4c8996fb92427ae41e4649b934ca495991b7852b855	0	develop-0dc832f8/send-filter/coverage/merge.stderr
e3b0c44298fc1c149afbf4c8996fb92427ae41e4649b934ca495991b7852b855	0	develop-0dc832f8/send-filter/coverage/merge.stdout
2537221bfa01500cd35f374fc019d107774a9ec20d495f8379d4f1a9cddf9478	66	develop-0dc832f8/send-filter/coverage/profdata-version.txt
b30ffccbe66bf7f44fc0d2cd8721b0fb436f063cd6dc90311e80af3a7c018162	1491	develop-0dc832f8/send-filter/coverage/result.json
8a286cf79e6fca8b142ba7d5e94025c1514fee097fbca3928228d82a28d4585b	5601	develop-1706ced0/coverage-plan.json
614c7163617186dd6712f5f316c18b0224bb240ad220f71c2304847cda96138b	8028	develop-1706ced0/plan.json
963faa37ba28cbdfe9ff9024c2802af2b2c8d860f6b9403bebb2104f15867eef	16273	develop-1706ced0/snapshot.json
b70d25cec6d8a7126c709c92ce4530ab17c1acb15c04444ec6c3b3c7480fc3a1	8027	develop-1706ced0/5f155457-749a-40e4-8a49-99c0aadcf6fc/plan.json
3e74431d09930366e2906321e92b00141c495f7dd3c96f3485592765e0be4747	4983	develop-1706ced0/5f155457-749a-40e4-8a49-99c0aadcf6fc/state.json
e3b0c44298fc1c149afbf4c8996fb92427ae41e4649b934ca495991b7852b855	0	develop-1706ced0/5f155457-749a-40e4-8a49-99c0aadcf6fc/toolchain-environment.stderr
a965e3a791f8b060f6be7a6dad8fee5f57072f17fea0a1132d922cf47f57eb5c	500	develop-1706ced0/5f155457-749a-40e4-8a49-99c0aadcf6fc/toolchain-environment.stdout
361af31b92ed36fa415abe670a150d3e183fd9d3ccb8fd954f4e4379e4342a4d	2234	develop-4ca785e3/branch-proof.json
cdeae63225ca0263512dd029d572d36314ed82314e0bea7619bd139798788f03	8335	develop-4ca785e3/cloud_blockstore_libs_storage_partition_ut-manifest.json
56d1ea999dd87d7a41bb7d96eb0741a00f0164a826b44bd8b045e8360d05ff8b	5601	develop-4ca785e3/coverage-plan.json
69574636ce5c801d3bb7fea7d8c86d261ee9c04b176c656df5a45e95a26ac4cc	4178	develop-4ca785e3/junit.xml
e8e57f901e8f9c097ddd4cedba3ebeedbd978ea85472f1aab138c99c5e41fa9f	8028	develop-4ca785e3/plan.json
50ff1b96ebcb4e878f371588eea855c56ba87e291c1c940a2c9418d0f240e00a	15404	develop-4ca785e3/profile-audit.json
963faa37ba28cbdfe9ff9024c2802af2b2c8d860f6b9403bebb2104f15867eef	16273	develop-4ca785e3/snapshot.json
3ee99e5c9be472be0f071983b0991c69ddb6f6686aa4220531562392fa792772	8027	develop-4ca785e3/ba97354d-bd4d-44ea-a78d-b7cd5d83e3ab/plan.json
7afd78fa7ac7f151437f06358ef24e7fefe745b1c16921b62da1fc5f248a5502	11626	develop-4ca785e3/ba97354d-bd4d-44ea-a78d-b7cd5d83e3ab/state.json
e3b0c44298fc1c149afbf4c8996fb92427ae41e4649b934ca495991b7852b855	0	develop-4ca785e3/ba97354d-bd4d-44ea-a78d-b7cd5d83e3ab/toolchain-environment.stderr
a965e3a791f8b060f6be7a6dad8fee5f57072f17fea0a1132d922cf47f57eb5c	500	develop-4ca785e3/ba97354d-bd4d-44ea-a78d-b7cd5d83e3ab/toolchain-environment.stdout
2537221bfa01500cd35f374fc019d107774a9ec20d495f8379d4f1a9cddf9478	66	develop-4ca785e3/coverage/cov-version.txt
5e8cd380731245a87aade725dfcd66856eeda88f9f76d8ef3103cf517c031f5e	1815928	develop-4ca785e3/coverage/coverage.profdata
e3b0c44298fc1c149afbf4c8996fb92427ae41e4649b934ca495991b7852b855	0	develop-4ca785e3/coverage/export.stderr
c83cc96c32cc99f96e5ad5c015c65d0f3c2e50e4d89f6541de012b85c806dac5	21947	develop-4ca785e3/coverage/export.stdout
9a470790ef278c1762ee22fca5ced929c9417ded1d16cb9b29904c029e294f3e	8334	develop-4ca785e3/coverage/manifest.json
e3b0c44298fc1c149afbf4c8996fb92427ae41e4649b934ca495991b7852b855	0	develop-4ca785e3/coverage/merge.stderr
e3b0c44298fc1c149afbf4c8996fb92427ae41e4649b934ca495991b7852b855	0	develop-4ca785e3/coverage/merge.stdout
2537221bfa01500cd35f374fc019d107774a9ec20d495f8379d4f1a9cddf9478	66	develop-4ca785e3/coverage/profdata-version.txt
a97a697751a08ba572ff230a32c3a0e099352b0d9d3e584b471bfd0c3f04e2cb	1463	develop-4ca785e3/coverage/result.json
e3b0c44298fc1c149afbf4c8996fb92427ae41e4649b934ca495991b7852b855	0	develop-4ca785e3/e69585c5-14df-4727-98bb-981c6c4bf896/direct-fallback-negotiation-coverage.stderr
0cec2d243bcc0178c250eb3c0f0257b584acbe33d356278052b60172064a1425	2306	develop-4ca785e3/e69585c5-14df-4727-98bb-981c6c4bf896/direct-fallback-negotiation-coverage.stdout
22ab71915dda2ae038888f3808d21e85105fce3d7efbf2b0a40711ff45e6d6c3	5600	develop-4ca785e3/e69585c5-14df-4727-98bb-981c6c4bf896/plan.json
e3b0c44298fc1c149afbf4c8996fb92427ae41e4649b934ca495991b7852b855	0	develop-4ca785e3/e69585c5-14df-4727-98bb-981c6c4bf896/scoped-coverage.stderr
64108215212a61dc23d726f51a93e7b319162e414e0a82e041d72213ab9ae201	123	develop-4ca785e3/e69585c5-14df-4727-98bb-981c6c4bf896/scoped-coverage.stdout
4bb3a8e6220959a1603669431213c9a0896798a4b8885e968777d8b84d4679ff	10192	develop-4ca785e3/e69585c5-14df-4727-98bb-981c6c4bf896/state.json
e3b0c44298fc1c149afbf4c8996fb92427ae41e4649b934ca495991b7852b855	0	develop-4ca785e3/e69585c5-14df-4727-98bb-981c6c4bf896/toolchain-environment.stderr
a965e3a791f8b060f6be7a6dad8fee5f57072f17fea0a1132d922cf47f57eb5c	500	develop-4ca785e3/e69585c5-14df-4727-98bb-981c6c4bf896/toolchain-environment.stdout
a1c6b9a8a54d469b236579348e32243970f0ac541d4cc0ca26c728fbee5468e0	5497	develop-8691d1c3/coverage-plan.json
773924691d15856da3ffcee090cd45f546a538c42e10a8122fdaad310a786a89	6859	develop-8691d1c3/plan.json
0ae91c2227cdcf5d52e27c92a8aa1809b99db9d03a6cadc577e57eae2633686b	16273	develop-8691d1c3/snapshot.json
9f990043b8ed8a8f8fa472f2dfa6c6d35fea0fd246a5cb01288071b9023cf3e8	6858	develop-8691d1c3/8d4748a9-5464-4724-b2e6-d762cadf4629/plan.json
5ef818f799ce022bd52565fd32b3a675b880b061dac0e153d0a924ec20bc88d8	3791	develop-8691d1c3/8d4748a9-5464-4724-b2e6-d762cadf4629/state.json
1a20aeef37f0e7019f3698b1696b7f4c78a3f8501c556ed3a52b224266437eed	5685	develop-8691d1c3/line-tables/coverage-plan.json
09a99a90017e54a7e37b6946fd7ad7a747fd532b5b8ab6626101833bfa81d435	8112	develop-8691d1c3/line-tables/plan.json
c3f474698fc029f0187234cddeaf0f1fa1aa4baf8fa268946d8230d8b7b2f2fe	8111	develop-8691d1c3/line-tables/16ff6729-4294-401e-a880-9920d6808d29/plan.json
6555724335b74049179b4522d844ff667b3480805e23cd906347f2430279a2b3	5807	develop-8691d1c3/line-tables/16ff6729-4294-401e-a880-9920d6808d29/state.json
e3b0c44298fc1c149afbf4c8996fb92427ae41e4649b934ca495991b7852b855	0	develop-8691d1c3/line-tables/16ff6729-4294-401e-a880-9920d6808d29/toolchain-environment.stderr
a965e3a791f8b060f6be7a6dad8fee5f57072f17fea0a1132d922cf47f57eb5c	500	develop-8691d1c3/line-tables/16ff6729-4294-401e-a880-9920d6808d29/toolchain-environment.stdout
63d03b1a5b8281afb973ff568fe1f8fa0c5bfa70811cd0b84380093c72c7fee7	1903	develop-95c1a1ea/startup-domain/cloud_blockstore_libs_storage_init_server_ut-manifest.json
3272466815f66073d680535957199e9627085b5458617b5850616150e18b48aa	483	develop-95c1a1ea/startup-domain/coverage-assertions.json
98757ff354b42a3c5c57c635f4b0083b5753bb5332f5c2568c9063c40ab0a83b	7909	develop-95c1a1ea/startup-domain/coverage-plan.json
3be16042b9752fa0c52d66f10087c14af9d9e51a80af9feddfb87b031c39d124	16976	develop-95c1a1ea/startup-domain/formatted-snapshot.json
4c9b076808726f1d0411c9a460506033a9ed4ee163dbbf363f4877965e5dbd44	351	develop-95c1a1ea/startup-domain/junit.xml
ca2a70b22f962c9ab3cba48b47afe63402b62be8e9a09980739b4f8b85ff4421	8204	develop-95c1a1ea/startup-domain/plan.json
d6d09096a4bfbad321e85e21c0f6312970c2eb9a9b1e71eef3fbea374de32a72	3303	develop-95c1a1ea/startup-domain/profile-audit.json
b2008d392d6a76b74727eca60e3482b7be2190755e05f1a8bc6d6d5da1c3d307	8543	develop-95c1a1ea/startup-domain/reuse-partition.json
2fb81d6dd61ae9ac8d274ef8f0bbf1c75c585da6e93bf43188a0090ea4730f5d	8203	develop-95c1a1ea/startup-domain/29a4494c-bd06-4bc6-82d3-40d003f8bc51/plan.json
448af680a507cb608ad995faf4c723cf89e62c3bd62ca0cad395cbe8f60a7ecc	11922	develop-95c1a1ea/startup-domain/29a4494c-bd06-4bc6-82d3-40d003f8bc51/state.json
e3b0c44298fc1c149afbf4c8996fb92427ae41e4649b934ca495991b7852b855	0	develop-95c1a1ea/startup-domain/29a4494c-bd06-4bc6-82d3-40d003f8bc51/toolchain-environment.stderr
a965e3a791f8b060f6be7a6dad8fee5f57072f17fea0a1132d922cf47f57eb5c	500	develop-95c1a1ea/startup-domain/29a4494c-bd06-4bc6-82d3-40d003f8bc51/toolchain-environment.stdout
e3b0c44298fc1c149afbf4c8996fb92427ae41e4649b934ca495991b7852b855	0	develop-95c1a1ea/startup-domain/7eb7e491-f074-48b6-8942-9a84d36cede7/coverage-export.stderr
58b8b33f5720fbcc25ad8150714b9c609a8aa006d3887b7939e7d1fe3434d37c	138	develop-95c1a1ea/startup-domain/7eb7e491-f074-48b6-8942-9a84d36cede7/coverage-export.stdout
6837ecba8dfbd3ad5822490ffdc9c1fd0f3e9e3a5f545164ffef00afef612dd0	7908	develop-95c1a1ea/startup-domain/7eb7e491-f074-48b6-8942-9a84d36cede7/plan.json
e3b0c44298fc1c149afbf4c8996fb92427ae41e4649b934ca495991b7852b855	0	develop-95c1a1ea/startup-domain/7eb7e491-f074-48b6-8942-9a84d36cede7/required-coverage.stderr
5c3a480b7fec33c9d25748d1977e73f4d3ea6ac9997a81cec6e5c39438e7e3cf	601	develop-95c1a1ea/startup-domain/7eb7e491-f074-48b6-8942-9a84d36cede7/required-coverage.stdout
41ae68d669c0f2dcfc43a2070255db0a939f2a1ad5ba31a854ac82b063dc1055	12494	develop-95c1a1ea/startup-domain/7eb7e491-f074-48b6-8942-9a84d36cede7/state.json
e3b0c44298fc1c149afbf4c8996fb92427ae41e4649b934ca495991b7852b855	0	develop-95c1a1ea/startup-domain/7eb7e491-f074-48b6-8942-9a84d36cede7/toolchain-environment.stderr
a965e3a791f8b060f6be7a6dad8fee5f57072f17fea0a1132d922cf47f57eb5c	500	develop-95c1a1ea/startup-domain/7eb7e491-f074-48b6-8942-9a84d36cede7/toolchain-environment.stdout
2537221bfa01500cd35f374fc019d107774a9ec20d495f8379d4f1a9cddf9478	66	develop-95c1a1ea/startup-domain/coverage/cov-version.txt
a12f9e986641af2b5c7b84b391b705ce54d10c8ca9e4e3af2e308de49354223b	179552	develop-95c1a1ea/startup-domain/coverage/coverage.profdata
e3b0c44298fc1c149afbf4c8996fb92427ae41e4649b934ca495991b7852b855	0	develop-95c1a1ea/startup-domain/coverage/export.stderr
4ceae9b5fbaa699305d6267cd9b3802b539caf9aa3255953c4be78ae60667eb6	10184	develop-95c1a1ea/startup-domain/coverage/export.stdout
80df44b9d1bb8a7c0e5a20aaa99846d7d1a64d5b6ba9639b0e8a3ba7a6c528ac	1902	develop-95c1a1ea/startup-domain/coverage/manifest.json
e3b0c44298fc1c149afbf4c8996fb92427ae41e4649b934ca495991b7852b855	0	develop-95c1a1ea/startup-domain/coverage/merge.stderr
e3b0c44298fc1c149afbf4c8996fb92427ae41e4649b934ca495991b7852b855	0	develop-95c1a1ea/startup-domain/coverage/merge.stdout
2537221bfa01500cd35f374fc019d107774a9ec20d495f8379d4f1a9cddf9478	66	develop-95c1a1ea/startup-domain/coverage/profdata-version.txt
b0e3a368000450284d5a76e1c20a3e1f88b9d4548c56547d2f9974cfb04ada96	1197	develop-95c1a1ea/startup-domain/coverage/result.json
6bccbb11070bde4e14de4a0813460d300127d6baeed3dc555c3193b870f048ff	7963	develop-95c1a1ea/startup-logconfig/coverage-plan.json
cc8c1995512680cee588cccef09dffa3c273d9293719a051175c438f36aa23cb	16976	develop-95c1a1ea/startup-logconfig/formatted-snapshot.json
10a3956277a713b752ed243d0d87d4743579ed670e04cc6b824bdbbeb48325b0	1154	develop-95c1a1ea/startup-logconfig/junit.xml
3fbb16c8dcda0e2ede08d90c3a6ec180328dc797aade4bba98c023d4f79c0b57	8240	develop-95c1a1ea/startup-logconfig/plan.json
a7c71cb248bfe7db04f5a769984f73a3fde21b4c42bcc1294e1727a94ecd3280	8239	develop-95c1a1ea/startup-logconfig/3509dc4f-cf28-40a5-97bf-239209080432/plan.json
072a45ebc9647462a88af78d277072eb9e23a649f6f709409fd0a83598b6e458	8566	develop-95c1a1ea/startup-logconfig/3509dc4f-cf28-40a5-97bf-239209080432/state.json
e3b0c44298fc1c149afbf4c8996fb92427ae41e4649b934ca495991b7852b855	0	develop-95c1a1ea/startup-logconfig/3509dc4f-cf28-40a5-97bf-239209080432/toolchain-environment.stderr
a965e3a791f8b060f6be7a6dad8fee5f57072f17fea0a1132d922cf47f57eb5c	500	develop-95c1a1ea/startup-logconfig/3509dc4f-cf28-40a5-97bf-239209080432/toolchain-environment.stdout
f8bdaa9ccd600ee4b0417fbeeee0a83ca74ef958a107fdea9c71380e192239ee	7848	develop-95c1a1ea/startup-tail/coverage-plan.json
7280f4373d69d17adb5103421f76b628e7a59cb8493c49f58217a7b7a746b19d	1139	develop-95c1a1ea/startup-tail/junit.xml
39b760e8fb54a96f0b70adeb005fd734db89878458da6e5cc97b6e9814317724	8155	develop-95c1a1ea/startup-tail/plan.json
ad9a4ed982e582b4850368451c890879f631b969991f6bff92c3c12c9035c888	8154	develop-95c1a1ea/startup-tail/2d571244-9637-400f-9612-e0429a605386/plan.json
0feb91a0b486e2ca5aeb2aa48525f0338a2ac14c65f052a63776985fbd9fff39	8465	develop-95c1a1ea/startup-tail/2d571244-9637-400f-9612-e0429a605386/state.json
e3b0c44298fc1c149afbf4c8996fb92427ae41e4649b934ca495991b7852b855	0	develop-95c1a1ea/startup-tail/2d571244-9637-400f-9612-e0429a605386/toolchain-environment.stderr
a965e3a791f8b060f6be7a6dad8fee5f57072f17fea0a1132d922cf47f57eb5c	500	develop-95c1a1ea/startup-tail/2d571244-9637-400f-9612-e0429a605386/toolchain-environment.stdout
3be16042b9752fa0c52d66f10087c14af9d9e51a80af9feddfb87b031c39d124	16976	develop-99174547/before.json
53500688ef0cba8a27a9a31d5779e65b3e5da128a6f065af6e4f4ba1a88c7734	9393	develop-99174547/concurrent-plan-v2.json
6c186ffeefe4cdf4abf109768bada33cbe59b5b79739179344e849e88a23e3a8	8895	develop-99174547/concurrent-plan.json
9889e176988a94cf9a2f0dd337457f69050db200ab5dd6dfba44563ffa97e9d1	19747	develop-99174547/concurrent-v2-evidence.json
75fc4c5afaacf4f7965819db3a3d0993e79edbc9fdc2c34430a639dfe7d6d1a7	1615	develop-99174547/environment-final.json
292ec3ce584cb88a6cec85e549be0e7482550ff618e0355062078096aaaec021	10805	develop-99174547/red-junit.xml
01c7fe17f79e42ab4a0b434777dff937aa4eeed029f7fcb35d2e408d6eecf6d8	8092	develop-99174547/red-plan.json
cfcad2a9f33437730b910eb454d492de5343da013c425ef038fc5a2dd716df9e	16976	develop-99174547/red-snapshot.json
4f38778ffce32d91937d9a1cf11ec548c38696762ab68fbafecc1d5d99cfeee1	9392	develop-99174547/15cb95fb-7fb7-4abb-94cc-7dde339aff67/plan.json
77a07a946217748cd9bac514d2601c3bf631abd7f63fd51a40bf045898bc4553	11709	develop-99174547/15cb95fb-7fb7-4abb-94cc-7dde339aff67/state.json
e3b0c44298fc1c149afbf4c8996fb92427ae41e4649b934ca495991b7852b855	0	develop-99174547/15cb95fb-7fb7-4abb-94cc-7dde339aff67/toolchain-environment.stderr
a965e3a791f8b060f6be7a6dad8fee5f57072f17fea0a1132d922cf47f57eb5c	500	develop-99174547/15cb95fb-7fb7-4abb-94cc-7dde339aff67/toolchain-environment.stdout
4a5f5f54506f3cb957d7a4eddbebacd6a124b8255f4c03e735b75e9952570534	8091	develop-99174547/7fdb573f-8120-4953-b8a8-68b8153acd43/plan.json
bfe54b0cb96ccc6f2c4020ee442a81a7b9b81beb39c045ba8b82c112a94c59b3	8510	develop-99174547/7fdb573f-8120-4953-b8a8-68b8153acd43/state.json
e3b0c44298fc1c149afbf4c8996fb92427ae41e4649b934ca495991b7852b855	0	develop-99174547/7fdb573f-8120-4953-b8a8-68b8153acd43/toolchain-environment.stderr
a965e3a791f8b060f6be7a6dad8fee5f57072f17fea0a1132d922cf47f57eb5c	500	develop-99174547/7fdb573f-8120-4953-b8a8-68b8153acd43/toolchain-environment.stdout
656d3d191cf53c5229b3240e856848c1df50c832461554f88439d71fbe3cbf08	8894	develop-99174547/b9f14e04-9cfc-4efc-a1d4-bf0fb424d1d1/plan.json
8d38ae413ee8bb6b7194382bdf67f4d6aa9cec2ed489d5db9ce1dc3d328099bc	9523	develop-99174547/b9f14e04-9cfc-4efc-a1d4-bf0fb424d1d1/state.json
e3b0c44298fc1c149afbf4c8996fb92427ae41e4649b934ca495991b7852b855	0	develop-99174547/b9f14e04-9cfc-4efc-a1d4-bf0fb424d1d1/toolchain-environment.stderr
a965e3a791f8b060f6be7a6dad8fee5f57072f17fea0a1132d922cf47f57eb5c	500	develop-99174547/b9f14e04-9cfc-4efc-a1d4-bf0fb424d1d1/toolchain-environment.stdout
22d774541affd3c9274cd33fb5618fa2dc6a31ecdb28d846834043be6f927a55	5637	develop-99174547/concurrent/0-after-concurrent.json
244fa254b759fae960985c0b04b3c682679d0adb37d62def86034cf284fb1ee2	645	develop-99174547/concurrent/0-config-0.json
1e8f3349c4372bdfde1cf836726b659f0c95ae84750ec4efa1bf20313c7e0808	10303	develop-99174547/concurrent/0-mixed-before.json
7d6755f3f545b25281551250ff4c172b2018f01164dc2aa708f891fd9a11677d	5604	develop-99174547/concurrent/0-seed.json
03436488ce23c2ba428f6345653f397d4ce0a2f524e171178c60ae89c73bbe9e	5637	develop-99174547/concurrent/1-after-concurrent.json
244fa254b759fae960985c0b04b3c682679d0adb37d62def86034cf284fb1ee2	645	develop-99174547/concurrent/1-config-0.json
809fbcb919963a9806469df3531e3dc8476844b801bedfbd672a939f9faedb17	10303	develop-99174547/concurrent/1-mixed-before.json
c4b6c17978c1b27cf9b78facfcd4322fbf961132293785a856b5b651940c138c	5604	develop-99174547/concurrent/1-seed.json
4de07ed2acf9945b4ee716f0e5eda1fa373d194198801425a4beebfd5413282f	5637	develop-99174547/concurrent/2-after-concurrent.json
244fa254b759fae960985c0b04b3c682679d0adb37d62def86034cf284fb1ee2	645	develop-99174547/concurrent/2-config-0.json
f202544fe93dd442722b3f2a0ba5fcc7a6f30bdaae0e3397c3dcb91e4b0bff67	10303	develop-99174547/concurrent/2-mixed-before.json
1e2247d2fbe4c7b5029cb6d23f289903a4d1e4404c367427661e3f52df520207	5604	develop-99174547/concurrent/2-seed.json
5310d5d998bc2ed3bfb7e2dd15d6d6e6e492c640c44707560b3343d4091514ec	5637	develop-99174547/concurrent/3-after-concurrent.json
244fa254b759fae960985c0b04b3c682679d0adb37d62def86034cf284fb1ee2	645	develop-99174547/concurrent/3-config-0.json
d5e19f61c2101fc649230987e5891b96b1ee6224d9a1b4edb84c27d1c3639e9c	10303	develop-99174547/concurrent/3-mixed-before.json
2cc56c404337e0ae26ff1c2d8872e05f81ac44c79bb0ecde3cc2e1fba72d44e5	5604	develop-99174547/concurrent/3-seed.json
19e620e885faee65f48ec116cae3a10d3cc59d6ec23a66a0cb57893aa2e7f9b0	5637	develop-99174547/concurrent/4-after-concurrent.json
244fa254b759fae960985c0b04b3c682679d0adb37d62def86034cf284fb1ee2	645	develop-99174547/concurrent/4-config-0.json
e148c66b039b27fcd63b2436af4122bb2a16cc8dd2f8f68c3467cca9699191f9	10303	develop-99174547/concurrent/4-mixed-before.json
8333dbe4a69fa501ae6b1c333e5c90ef766d4231d907a3cebae4bf1621bae08e	5604	develop-99174547/concurrent/4-seed.json
efc982d67018c56af9b0cdb77d8e0867c22481a12493e25494c91aabaa45f7ef	5637	develop-99174547/concurrent/5-after-concurrent.json
244fa254b759fae960985c0b04b3c682679d0adb37d62def86034cf284fb1ee2	645	develop-99174547/concurrent/5-config-0.json
2621d7b1a1bbf9adf1dda0b5eb1e55033ff2fe963427678e1c5394877ecd6e20	10303	develop-99174547/concurrent/5-mixed-before.json
601a028a9df2cd7bc7b339ba5251f9025ebcd16338dcd0a799fb197f9464ca3f	5604	develop-99174547/concurrent/5-seed.json
04d0e2abc6a2d9f3f2412aa8b044f5e7228fee3b219027c01bb037873fafd51c	413	develop-99174547/concurrent/6-after-concurrent.json
244fa254b759fae960985c0b04b3c682679d0adb37d62def86034cf284fb1ee2	645	develop-99174547/concurrent/6-config-0.json
d0d75bf98bd0293c2925166be98cf6c5feaddea9623c7a65f88ce576224ad4d0	10303	develop-99174547/concurrent/6-mixed-before.json
436fb2d301009d7813ff9530299e449ebcf766e99be0d3c894219751786c3a11	5604	develop-99174547/concurrent/6-seed.json
244fa254b759fae960985c0b04b3c682679d0adb37d62def86034cf284fb1ee2	645	develop-99174547/concurrent/7-config-0.json
6d4abba821d76a7351412066d214e47dc7844d0c067a64624c948e7de7cae41f	10303	develop-99174547/concurrent/7-mixed-before.json
c21be9f2b7b6a54831e96d8329d07fdd0e08879cb664ca412025552ed042a70c	5604	develop-99174547/concurrent/7-seed.json
187fdeee98078c71c0d4a14ade8f6750473d6d96420de360a4ab2fc4f495cfd8	479	develop-99174547/concurrent/counter-deltas.json
7590a412452835d5275200024a45559fa8c06d491811970de74f735453462fb9	999286	develop-99174547/concurrent/events.jsonl
e1bfb2d9b0e2c42b2bf6c5bf6eee5aa15026ee402855df7da39a7a5ffb847848	4909189	develop-99174547/concurrent/metrics-after-concurrent.json
4797268708f18dd64aca563a78cefc7b6cd2288e6cc4bf96b93c19667dc600f5	3438879	develop-99174547/concurrent/metrics-baseline.json
f841d6638d59a769babdd563dacb2e0e0d4dcfad832750ef28d58addada8bedd	4799025	develop-99174547/concurrent/metrics-before-concurrent.json
26de42e5420deb70578aad1e1d96ffe66999efbc7fb890cb9c077644f3b96bf4	292808	develop-99174547/concurrent/metrics-series.jsonl
757fe8e4ac73e8dc8e9a09b0fdecb9597f04b9c7b28f5e6ded73b67597f283ae	706	develop-99174547/concurrent/result.json
0f537d3d48322ba0f4da96b7efc20ca7fb599c0750b3889c470d31f376e361c5	4106	develop-99174547/concurrent/workers.json
e3b0c44298fc1c149afbf4c8996fb92427ae41e4649b934ca495991b7852b855	0	develop-99174547/concurrent/kikimr_working_dir/netData.tsv
a70d96d73506391b367f04c147615bfb3ca933ee19cf9044e3c9717a59b456b5	135	develop-99174547/concurrent-guard-selftest/selftest.json
44136fa355b3678a1146ad16f7e8649e94fb4fc21fe77e8310c060f61caaff8a	2	develop-99174547/concurrent-guard-selftest/failure/cleanup-before.json
7d639670623ecb9b3f238e3eb2c29eca7eca1827b371cb863dfbddbaf61f5b73	486	develop-99174547/concurrent-guard-selftest/failure/identity.json
a0db20741b63a46af055a99dd0c3db8dd451afff3baa9b9aa63b545496dab4d3	57	develop-99174547/concurrent-guard-selftest/failure/processes.json
179bcf05d85b4bbb9227d9209b34bae07cd70260ced6656e0942f6f93943eb24	85	develop-99174547/concurrent-guard-selftest/failure/result.json
ba64b5615a1eebedf1beacf1ba8f570e33b64bd66c2be1aff6c05f5060c1837e	57	develop-99174547/concurrent-guard-selftest/lostpid/cleanup-before.json
e196afda92f155d75f7693b63a3067e2ba63753c9cd9b6c029c8db6950c4c9b8	707	develop-99174547/concurrent-guard-selftest/lostpid/identity.json
d0c7982c418e461640580b8097a502cf1e12a8b40ee686497ca2a204eaf4391f	84	develop-99174547/concurrent-guard-selftest/lostpid/result.json
44136fa355b3678a1146ad16f7e8649e94fb4fc21fe77e8310c060f61caaff8a	2	develop-99174547/concurrent-guard-selftest/normal/cleanup-before.json
703d61bc81709a25d7a6478b2033c3f9dc53a6fcc5145b9831a6330d3978c104	481	develop-99174547/concurrent-guard-selftest/normal/identity.json
2c4a11cf23dfaeb6f1ea006c9021f63cbd4d9c256e77c9b927397aa5a171ed39	57	develop-99174547/concurrent-guard-selftest/normal/processes.json
10a1b1b715f3cb8396175837e7e566a6fc8ed7b010687f1e990f0be74ac22558	85	develop-99174547/concurrent-guard-selftest/normal/result.json
9f54e8fb12b8d3838b2b65e565182daacee2592416ee6aee81d1b34a16553d8b	57	develop-99174547/concurrent-guard-selftest/parentdeath/cleanup-before.json
d95ed6ac2a3ea05e2155846127c21ae63e9e43af8376762a1d3abc5af49cf139	532	develop-99174547/concurrent-guard-selftest/parentdeath/identity.json
238a914ff9dc4b20c7fa767159526d557b9546f691b67f3e8f54cb758869b37d	57	develop-99174547/concurrent-guard-selftest/parentdeath/processes.json
9a447b591a94692168d157581f06ade198fc33aa9bdbccb2e316bfc04e191672	85	develop-99174547/concurrent-guard-selftest/parentdeath/result.json
44136fa355b3678a1146ad16f7e8649e94fb4fc21fe77e8310c060f61caaff8a	2	develop-99174547/concurrent-supervisor/cleanup-before.json
195eb14218b9c25651a405f0001d8ffc61f22b9a878fdd7a97ef7c6a34710e87	856	develop-99174547/concurrent-supervisor/identity.json
04d13edfa4392316a78f916745ad7e7653c4b0d0e376043c5faf5b74a5aa9dd0	57	develop-99174547/concurrent-supervisor/processes.json
ea3ee631d277ee810ad5c4920830757e1ac4e728dd9a78c54ac99e5d2054c6c9	85	develop-99174547/concurrent-supervisor/result.json
d0f0370cd5dca7fb93bead5959228bd2edf48f47c2bf08ae552e5a84ab095668	5637	develop-99174547/concurrent-v2/0-after-concurrent.json
244fa254b759fae960985c0b04b3c682679d0adb37d62def86034cf284fb1ee2	645	develop-99174547/concurrent-v2/0-config-0.json
86d26d2bf52c96afed9b644b167c4b95313152e7ef5756b50c171c60a8cc7aa7	10303	develop-99174547/concurrent-v2/0-mixed-before.json
4d65aff78a649e18e432e70f0c5a8e67f17571babc51e19535c4c0a9cc4f8c57	5604	develop-99174547/concurrent-v2/0-seed.json
f2518d81d03c68c51d71124e3cf63a7ab57b5adddb625354bcf3436c10087dee	5637	develop-99174547/concurrent-v2/1-after-concurrent.json
244fa254b759fae960985c0b04b3c682679d0adb37d62def86034cf284fb1ee2	645	develop-99174547/concurrent-v2/1-config-0.json
345ca84db811bfa7739bb2bff2941a29a4b273c19070565983da299368576f20	10303	develop-99174547/concurrent-v2/1-mixed-before.json
8960f868af77c9a3d92b428a41f5782ca5a62d336236b8710bae3f4da7bc5067	5604	develop-99174547/concurrent-v2/1-seed.json
db2292a05b62ab0866f78c35e22e299d73447de012d8b9651e60169f2d43e3c4	413	develop-99174547/concurrent-v2/2-after-concurrent.json
244fa254b759fae960985c0b04b3c682679d0adb37d62def86034cf284fb1ee2	645	develop-99174547/concurrent-v2/2-config-0.json
2f13e434157aced71fbe61413e8b2857063e44ace790090469c750ef06e2afeb	10303	develop-99174547/concurrent-v2/2-mixed-before.json
61496c62be52932ba64050118b620fb59e2872b681f24eb9fb7d576164e1a354	5604	develop-99174547/concurrent-v2/2-seed.json
e2c54664289aedc0152a7e006ed06af525e62f4eb12e67c9f2331ed47e59be21	5637	develop-99174547/concurrent-v2/3-after-concurrent.json
244fa254b759fae960985c0b04b3c682679d0adb37d62def86034cf284fb1ee2	645	develop-99174547/concurrent-v2/3-config-0.json
2efd0a37404952820b2432cc125d426db5d647f5a14b2542109856c22286abac	10303	develop-99174547/concurrent-v2/3-mixed-before.json
842bd3d7fb420548ef0f3be7b7208669a249fd5b5c472d184f97d12f15ed663b	5604	develop-99174547/concurrent-v2/3-seed.json
c2605c3781c53501681b9b1c9831cdae6d2eae328861f16ca39b2098b5ab5b3b	5637	develop-99174547/concurrent-v2/4-after-concurrent.json
244fa254b759fae960985c0b04b3c682679d0adb37d62def86034cf284fb1ee2	645	develop-99174547/concurrent-v2/4-config-0.json
55e3fa3202d77ae862fb8eb4e5fd0dab0e82c3f89d918beeb6b9de1846079816	10303	develop-99174547/concurrent-v2/4-mixed-before.json
7e852a3668d4dad77c5de6986e84a9e20c276a99d6201cea25c6fd11f4b50f6f	5604	develop-99174547/concurrent-v2/4-seed.json
73d2bf156b2c1fd46733e684b0fd862df2cd8d53649cf8b33e6b3d85888559a8	5637	develop-99174547/concurrent-v2/5-after-concurrent.json
244fa254b759fae960985c0b04b3c682679d0adb37d62def86034cf284fb1ee2	645	develop-99174547/concurrent-v2/5-config-0.json
de81ac32376976acb124a51b4aed50083643264a769627b4dfd22fb25e862061	10303	develop-99174547/concurrent-v2/5-mixed-before.json
a8ab24cd5ed78b2fcbda986069d74e15bb988b4d47d717b1622c3c05a7d7f232	5604	develop-99174547/concurrent-v2/5-seed.json
c747fdf3766649367a9ea4b69730291886ceda929149d35548759933dfc01377	5637	develop-99174547/concurrent-v2/6-after-concurrent.json
244fa254b759fae960985c0b04b3c682679d0adb37d62def86034cf284fb1ee2	645	develop-99174547/concurrent-v2/6-config-0.json
a210da671c1451989a62079a06139b329d0cecfeee11a7ab42dd9e9b7787fd28	10303	develop-99174547/concurrent-v2/6-mixed-before.json
bb2e4f35aab16fcf4e53d000797f899ca7de814f7806be980c36204e3c28ff32	5604	develop-99174547/concurrent-v2/6-seed.json
1ff5ce0e5766c5ff3f41dae7c2cc6f71405cb65b7e49b8d84731e1c5ebc797a3	5637	develop-99174547/concurrent-v2/7-after-concurrent.json
244fa254b759fae960985c0b04b3c682679d0adb37d62def86034cf284fb1ee2	645	develop-99174547/concurrent-v2/7-config-0.json
2d1a11e533a1b6a7b3e97c409ca6da3f14a32a279f95675302f12be473d28aef	10303	develop-99174547/concurrent-v2/7-mixed-before.json
3835b87e4fc9328f2454a96d3c04eb3b42f3f7c92666f36337327bee671d6f55	5604	develop-99174547/concurrent-v2/7-seed.json
fb342300147ac1afc77723f67d4c28595373a34097c1981d33da5488f12c9f81	479	develop-99174547/concurrent-v2/counter-deltas.json
fc5730a0d3865dc5d6f08ed07b3231f1b44b17c44ebc5c41e0080c6d10de5114	1000308	develop-99174547/concurrent-v2/events.jsonl
97a24c9844dd59fee3c3d4aa8b666f5ed194f38946a523b535f2936277d73731	4910178	develop-99174547/concurrent-v2/metrics-after-concurrent.json
dfac4fe61005c3abf9c14f897bb66ec2f8bc253aa7e49810c61c0433d9d5dba2	3438879	develop-99174547/concurrent-v2/metrics-baseline.json
7b3ca80a896d570221dd17d3c84ce6e6f3ccc4d11dc75d3b183c286539636214	4698614	develop-99174547/concurrent-v2/metrics-before-concurrent.json
d959f24be53ffae8e4d69a58abfab134405d5a76aa863639826b579f03f6e5b3	286134	develop-99174547/concurrent-v2/metrics-series.jsonl
adff152806dfda810ea99d868bde1f0817d8624c5796e8471aa99da3444aa7c0	5723	develop-99174547/concurrent-v2/result.json
f8f873e0dab04f916ab6a149abb44529d0c7754ef1512423744ed08e04f440c9	4106	develop-99174547/concurrent-v2/workers.json
e3b0c44298fc1c149afbf4c8996fb92427ae41e4649b934ca495991b7852b855	0	develop-99174547/concurrent-v2/kikimr_working_dir/netData.tsv
a70d96d73506391b367f04c147615bfb3ca933ee19cf9044e3c9717a59b456b5	135	develop-99174547/concurrent-v2-guard-selftest/selftest.json
44136fa355b3678a1146ad16f7e8649e94fb4fc21fe77e8310c060f61caaff8a	2	develop-99174547/concurrent-v2-guard-selftest/failure/cleanup-before.json
e6110f95f0f8c0fccf010c22c6f2adec70ecf1b37b3bb56c9383faf425c0bef8	486	develop-99174547/concurrent-v2-guard-selftest/failure/identity.json
ad97df063a6253eb484c648f0af5119e9becb458787789baf061329823edc045	57	develop-99174547/concurrent-v2-guard-selftest/failure/processes.json
d888108f9cf920801f6a2879bf9f3167f0ab70123f4e0daf5db90d8152dce1c8	84	develop-99174547/concurrent-v2-guard-selftest/failure/result.json
5619f3fb4b337826b6ef3e6b9cef25b2d4e7aa2b806f52b6a84286b6ee62ee7d	57	develop-99174547/concurrent-v2-guard-selftest/lostpid/cleanup-before.json
fd68ba6d4cc2b21b4ed209eab077b8f86d0d4a5ed827df98a3251cbb9711e63f	709	develop-99174547/concurrent-v2-guard-selftest/lostpid/identity.json
b8aec4423cae8a06d6f874e9d8524390fce5c1318b77a97d175b42b94416268c	84	develop-99174547/concurrent-v2-guard-selftest/lostpid/result.json
44136fa355b3678a1146ad16f7e8649e94fb4fc21fe77e8310c060f61caaff8a	2	develop-99174547/concurrent-v2-guard-selftest/normal/cleanup-before.json
cad63dcc9c447a6562d31c0b2fe331c7351aae3ee58a2db7a134de7b66bce305	481	develop-99174547/concurrent-v2-guard-selftest/normal/identity.json
b01cf1f75294b24f473f903e9dbbc886cd9044136ff0cc94491f8f52a5c4536c	57	develop-99174547/concurrent-v2-guard-selftest/normal/processes.json
7d5b39c7a858ba4ac488f2e048cc74205c8398da101295b14745d6109ad9244e	85	develop-99174547/concurrent-v2-guard-selftest/normal/result.json
deddd78504861a8392fd964514bf00422c09d00c7b9151c11700cd9d1b6c9d22	57	develop-99174547/concurrent-v2-guard-selftest/parentdeath/cleanup-before.json
1138167dda3e1c3fe93c2ac753655a53a433ac0680bc09f16e32c01cfee08543	532	develop-99174547/concurrent-v2-guard-selftest/parentdeath/identity.json
af0b446e08b4a3b52f63dbc0bb2d04c007c67d9bc5f0e962918774be70231662	57	develop-99174547/concurrent-v2-guard-selftest/parentdeath/processes.json
461ba5751004e8a78db5564108608239307e87c6751edfc59487f957e5520d64	85	develop-99174547/concurrent-v2-guard-selftest/parentdeath/result.json
44136fa355b3678a1146ad16f7e8649e94fb4fc21fe77e8310c060f61caaff8a	2	develop-99174547/concurrent-v2-supervisor/cleanup-before.json
8785f87b05afd4df7f0682b3d0277fa71b781c005bc0ba2c5246c399ca11efc3	858	develop-99174547/concurrent-v2-supervisor/identity.json
fc628f7838300d539490dbf3e9a5fc272c2ff28e6e4a773daf19e4bd1e224c94	57	develop-99174547/concurrent-v2-supervisor/processes.json
10dbb89cee351c3f8e1c9ea29292598b879bb0f57640bfe3694ac0891ae5ab84	85	develop-99174547/concurrent-v2-supervisor/result.json
3c69cedb7ad968f2ddb113f92d6aa6a3bebb20af97d18671cd0885dd64c565f9	4054	develop-99174547/green/cloud_blockstore_libs_storage_partition_ut-manifest.json
15fff338c9ea473e7e0b1f692c5efddc64e60558b1ebec52265818d2b72018e6	5745	develop-99174547/green/coverage-plan.json
7760b6b04dbe7d0bdee2919dca7a10ee0d5c21fbd6e82a0e853b07fbeee75031	16976	develop-99174547/green/formatted-snapshot.json
cbf5b37dba2660de3a38096707416c2b43d81a3f17a03b16d20ef6ec26e358ce	781	develop-99174547/green/junit.xml
e51ebb4468b7d369cbe8e052edc55a6747618d18fbe56bdcd55eb8aee325006f	8346	develop-99174547/green/plan.json
adc56692102c698efe5370bc0699995a5053809ce26a69bd44b81f6bdd805619	6008	develop-99174547/green/profile-audit.json
3bdab39a510d869ab3057511efefac037eee85cdb3cd8b7e39d990771bd05e5f	8345	develop-99174547/green/8ca515d5-5317-465c-8820-f0cc32d9ef70/plan.json
117a64388bdea3a889821ab0616b5231d3a275df10d462c282ebd7de193d04aa	12018	develop-99174547/green/8ca515d5-5317-465c-8820-f0cc32d9ef70/state.json
e3b0c44298fc1c149afbf4c8996fb92427ae41e4649b934ca495991b7852b855	0	develop-99174547/green/8ca515d5-5317-465c-8820-f0cc32d9ef70/toolchain-environment.stderr
a965e3a791f8b060f6be7a6dad8fee5f57072f17fea0a1132d922cf47f57eb5c	500	develop-99174547/green/8ca515d5-5317-465c-8820-f0cc32d9ef70/toolchain-environment.stdout
2537221bfa01500cd35f374fc019d107774a9ec20d495f8379d4f1a9cddf9478	66	develop-99174547/green/coverage/cov-version.txt
cf1c421ab2fa4141d28b59a50cc3a48949a9c12a07bf34ff32e2ba46ac1831e2	1345992	develop-99174547/green/coverage/coverage.profdata
e3b0c44298fc1c149afbf4c8996fb92427ae41e4649b934ca495991b7852b855	0	develop-99174547/green/coverage/export.stderr
ed00ff1b8fbfc419a8ecc4d460f4a77e1a18167437d60f66ba3a6ae9707de959	5903	develop-99174547/green/coverage/export.stdout
d168cfe48ba7bd2abc3807a23e6bd6dacecc442b568dc689bdf0040ac578a660	4053	develop-99174547/green/coverage/manifest.json
e3b0c44298fc1c149afbf4c8996fb92427ae41e4649b934ca495991b7852b855	0	develop-99174547/green/coverage/merge.stderr
e3b0c44298fc1c149afbf4c8996fb92427ae41e4649b934ca495991b7852b855	0	develop-99174547/green/coverage/merge.stdout
2537221bfa01500cd35f374fc019d107774a9ec20d495f8379d4f1a9cddf9478	66	develop-99174547/green/coverage/profdata-version.txt
99ba511dbfd1089f514f1e52de77c1c8af66a4d2f9031690fc8561de1bf6cfdb	1197	develop-99174547/green/coverage/result.json
e3b0c44298fc1c149afbf4c8996fb92427ae41e4649b934ca495991b7852b855	0	develop-99174547/green/df6ac62a-6c52-42a4-aa62-c9b1a9e1a38b/coverage-export.stderr
2cfcb2f81111197ec5ae2d5376a30fd0464616c40df88d49bf646e18148c86a3	129	develop-99174547/green/df6ac62a-6c52-42a4-aa62-c9b1a9e1a38b/coverage-export.stdout
9b18eaacad4bb57f3285114c8ae44988adfcdd151e7ddd55d53729ee3acb4717	5744	develop-99174547/green/df6ac62a-6c52-42a4-aa62-c9b1a9e1a38b/plan.json
86a82c5e953eba2ca0b69281bb5d5b4d682b2d423db2528424383a6d10ceaa05	8759	develop-99174547/green/df6ac62a-6c52-42a4-aa62-c9b1a9e1a38b/state.json
e3b0c44298fc1c149afbf4c8996fb92427ae41e4649b934ca495991b7852b855	0	develop-99174547/green/df6ac62a-6c52-42a4-aa62-c9b1a9e1a38b/toolchain-environment.stderr
a965e3a791f8b060f6be7a6dad8fee5f57072f17fea0a1132d922cf47f57eb5c	500	develop-99174547/green/df6ac62a-6c52-42a4-aa62-c9b1a9e1a38b/toolchain-environment.stdout
13cf9802c0c83a88be15e3fe02de3e9c9dba3c0ac44e2f89afd89072e601da50	287	develop-99174547/red-stat/cache-hit.json
339e6dc8d2d08fca67379bd715c2858a1ccab8883f421366cb289c07f4a467f6	814	develop-99174547/red-stat/critical-path.json
5b0584fb56d281d5b9f19ded19d76ed5884461eb1f76d586a13f057c4b39f9ca	152	develop-99174547/red-stat/disk-usage.json
45536e637ef0c54a44a222e9c8a42e6f865812e73051d27c9ff47607994926ec	9406	develop-99174547/red-stat/longest-tasks.json
9ca8d50dfdabab09b933de1fd84c27e1852d4ac2f943bc78b38036486ccef912	16273	develop-ac564911/formatted-snapshot.json
5fd057a28f01a370505aca27022bcd10e87139f7410308e5533bade823a7ba56	16273	develop-ac564911/partition-snapshot.json
d3e071b172fd0e3a788deaea9d51527b2429152382c7b8a08f873b575cd452d1	8308	develop-ac564911/plan.json
b7a74cd3ab958066bc32fbeb2813f9d014dc312f7b20ec7c2e75139c5d2b973c	8307	develop-ac564911/814a48bc-77af-4d63-b4b4-722bedec39f0/plan.json
b0560ee9a8b6b6f524413f74e8d63cfbeb88c99e23ea659808e477444a29c890	5690	develop-ac564911/814a48bc-77af-4d63-b4b4-722bedec39f0/state.json
e3b0c44298fc1c149afbf4c8996fb92427ae41e4649b934ca495991b7852b855	0	develop-ac564911/814a48bc-77af-4d63-b4b4-722bedec39f0/toolchain-environment.stderr
a965e3a791f8b060f6be7a6dad8fee5f57072f17fea0a1132d922cf47f57eb5c	500	develop-ac564911/814a48bc-77af-4d63-b4b4-722bedec39f0/toolchain-environment.stdout
325f341e2c18782d6dbbf363fc9e622e0026d9fe9ae682ed8a65a134ef56df5d	42120	df5c8107-3762-416f-b208-b50dea16aaa4/plan.json
608e7b29601c8fce58442eb501475c124268300af8335bfb879df12a8e72e3d9	5002	df5c8107-3762-416f-b208-b50dea16aaa4/state.json
03b148425aceba30a0da63ef22bfa80807feba25ad1966d86200bc2abf934012	72217	e1d4696b-124f-4da1-b597-27572fb0e2ea/plan.json
a2a82bb4e971492bfbd146d1fee326752b472b717a05b6144cf844defe56f801	5324	e1d4696b-124f-4da1-b597-27572fb0e2ea/state.json
a0591e562ec8331903c059f2eb95757b25174bdacd8361f6cce9f0a9f18bfd2d	8536	e2e-036e6f46/audit.json
1f03324d5b14c163f34dd5dc9d2d990f4f0c07dd6ba1ce1f6fc170191c71b749	8441	e2e-1b3fdcf2/audit.json
59ff04d40d05c01d4ef5b47b139d2688d6aeec638b9254e4ff12fafd9988ca82	5998	e2e-2d75a828/config-plan-v1.json
8f1b08ecf717066db277483de771624585ec6a7ea3bf9d1ac6e5f138801d8a3d	5529	e2e-2d75a828/config-plan-v2.json
a7d43c1f49294e815e7c5f02925d3aeca6867c8ad1a9a53b3a4b79fe15e4d53f	811	e2e-2d75a828/config-v1-evidence.json
c6adb83c41b37c0bb268b67f4bc477d5a6a734a10c16f59ba18578bd4a1e9a5c	56333	e2e-2d75a828/config-v2-evidence.json
a4cafbb2c2fe87763afe29babca281cff3048dcf4abd52e5664fd45eb8e070d1	1422	e2e-2d75a828/reuse-audit.json
1b2d4a1bd23117d61820ac624ed39b211abf0204ff7547a52b931d2d88c82930	5997	e2e-2d75a828/04938e28-4e3d-42fa-8dfe-ca935035871f/plan.json
9b8cba1fd4bd316701a5bef9d02664ff0b8d5a32a8e6d3ec2b6401a7f7e2b911	5315	e2e-2d75a828/04938e28-4e3d-42fa-8dfe-ca935035871f/state.json
4162b0f11201c10bd85527c9772fbf918c10030034380f239c57d907493a7e47	5528	e2e-2d75a828/5760b86d-c9f7-44f1-bfbb-9d794e14baa3/plan.json
7ce705a6ea0b04eec5131a6d1e8581c37703614d322462e93c70d7e4baac9965	5769	e2e-2d75a828/5760b86d-c9f7-44f1-bfbb-9d794e14baa3/state.json
26427df97f77d11f9b00daffbcddcf179984f66f76c38e86a3d1b46f410127de	73	e2e-2d75a828/config-v1/default-off-compaction.json
991ccd6cf46bd3fd77ba5ad8ac5e61e710244034cf6982b76ddf0cdbc0bd8f93	380	e2e-2d75a828/config-v1/default-off-direct.json
3d1574f41f12533b38543f9fef81ad8f664be72891d02affb0f257e5cf60b11f	561	e2e-2d75a828/config-v1/default-off-effective.json
8b5e3c3a12a7ba9091b65f0a7ed226085f63c8fa6f7ce79039c7b258c74c3192	68	e2e-2d75a828/config-v1/default-off-small-after.json
8b5e3c3a12a7ba9091b65f0a7ed226085f63c8fa6f7ce79039c7b258c74c3192	68	e2e-2d75a828/config-v1/default-off-small-before.json
bb24aef0573b2d307266ff8d726ab3fd3f109d914125bd673d060fad6a71a910	61046	e2e-2d75a828/config-v1/events.jsonl
04d6193e53f357df0b1ba300f4b505e94211d63555f9d110948c6b85b98758bf	3438879	e2e-2d75a828/config-v1/metrics-baseline.json
d589e041b71e42c455f143a50ee36b2f16866f06e494929b6d50779af2de1604	584	e2e-2d75a828/config-v1/result.json
e3b0c44298fc1c149afbf4c8996fb92427ae41e4649b934ca495991b7852b855	0	e2e-2d75a828/config-v1/kikimr_working_dir/netData.tsv
44136fa355b3678a1146ad16f7e8649e94fb4fc21fe77e8310c060f61caaff8a	2	e2e-2d75a828/config-v1-supervisor/cleanup-before.json
204faf472912a7c21e3d80cb6b34295196e34cad99ec6219b7c40a2a8ea570e3	817	e2e-2d75a828/config-v1-supervisor/identity.json
738fbe732abfe96bc9c19cea0f205559102fb3f07b47a8fe6be3e311a31618b7	57	e2e-2d75a828/config-v1-supervisor/processes.json
88c24f89a30b8bb470fcbf1132f47d13c2a5b23eb64f636cecfc7a1f7f4e4bc8	84	e2e-2d75a828/config-v1-supervisor/result.json
26427df97f77d11f9b00daffbcddcf179984f66f76c38e86a3d1b46f410127de	73	e2e-2d75a828/config-v2/bad-chunk-compaction.json
36b8a2ffce931249a466ece67c486745b5da8a9a45064f106f303e4805b904ce	641	e2e-2d75a828/config-v2/bad-chunk-config-0.json
acf89f67ec1780f2869681639b77d7b9139d41a8239cd5e357d02af5bda189fa	380	e2e-2d75a828/config-v2/bad-chunk-direct.json
e3eebd19cb49954d19e5250395309b5a64efc5aa844fa69c2121fe765b04ab53	645	e2e-2d75a828/config-v2/bad-chunk-effective.json
dee8e6eefe09c9767d744e59632a6d9846f9f4bf48765cf62a97c39c4fe134c4	411	e2e-2d75a828/config-v2/bad-chunk-small-after.json
ba807577ed591b7065c464845ad43bcd85231f1951b6169d95719795bde6b765	4730	e2e-2d75a828/config-v2/bad-chunk-small-before-000.json
26427df97f77d11f9b00daffbcddcf179984f66f76c38e86a3d1b46f410127de	73	e2e-2d75a828/config-v2/bad-codec-compaction.json
b6949f2e9ee77d3a893f60e4ea86eb143eb00a93e4a6a00911915972b4b222ee	644	e2e-2d75a828/config-v2/bad-codec-config-0.json
a5b06ee0a5b07d9bb8ec37853ccb25162ba2592a161b3d63b0e2765e50167c0d	380	e2e-2d75a828/config-v2/bad-codec-direct.json
97b500143b22e92fbc86e72c65b470cdc04ba0368d2dd3c0dd1f7575d6622b5d	648	e2e-2d75a828/config-v2/bad-codec-effective.json
2677f99b00ea93fb1f34176ac30b98eda728d4ca6fa92f73b69558fd3f756048	411	e2e-2d75a828/config-v2/bad-codec-small-after.json
37c0518ee4b9a561490aa4ebf189c476a86ae6028fc088a15988e4c91acaee06	4730	e2e-2d75a828/config-v2/bad-codec-small-before-000.json
26427df97f77d11f9b00daffbcddcf179984f66f76c38e86a3d1b46f410127de	73	e2e-2d75a828/config-v2/bad-percent-compaction.json
e79dc98f2ba3d2da2a8bbd3e20b6943a03579dc278293495f50ef29b555b5550	641	e2e-2d75a828/config-v2/bad-percent-config-0.json
ab01b2b5d6e0abed4059c342f4bf6cf202485c589831740d5f437bbbdc18ae67	380	e2e-2d75a828/config-v2/bad-percent-direct.json
ae29d38d6ce792192c88ab28c132ece9aa4dc16158a5f213d0e2a621c97a9fa8	645	e2e-2d75a828/config-v2/bad-percent-effective.json
df1813ed76494b3da6c0f0efdf3ea125c91aa93aa3c756b6347f771ed620f42b	411	e2e-2d75a828/config-v2/bad-percent-small-after.json
fe32bb5d5f5f0074bcac21931cbb8f112499f9f868c80c88bc0adab298182b31	4730	e2e-2d75a828/config-v2/bad-percent-small-before-000.json
26427df97f77d11f9b00daffbcddcf179984f66f76c38e86a3d1b46f410127de	73	e2e-2d75a828/config-v2/bad-savings-compaction.json
0d94dd9d2677557e2cba101b31f23f9e90f53b6c668b341c6d425b8652fb48e2	642	e2e-2d75a828/config-v2/bad-savings-config-0.json
d4c35ebe1437616e577ee19d30544f270f6a501e393d0546842946bbbde6d741	380	e2e-2d75a828/config-v2/bad-savings-direct.json
ba606c682dbfa1c5bb34e14e2d5f82ec30b1d97365b61d8c1b68e8a19acca60b	646	e2e-2d75a828/config-v2/bad-savings-effective.json
39a6babe92363688f242e95d127965af0ea2d11cbebeb1e282c5135715c89eb0	411	e2e-2d75a828/config-v2/bad-savings-small-after.json
28fba4b3e13cec60dc69198143de9be74138508a071a6bb7bd6bdd29ceca4b0a	4730	e2e-2d75a828/config-v2/bad-savings-small-before-000.json
26427df97f77d11f9b00daffbcddcf179984f66f76c38e86a3d1b46f410127de	73	e2e-2d75a828/config-v2/both-on-compaction.json
e79dc98f2ba3d2da2a8bbd3e20b6943a03579dc278293495f50ef29b555b5550	641	e2e-2d75a828/config-v2/both-on-config-0.json
6e4a9541052674422a6622cfa5726353526480ca7ead5d1f718d2fa472676639	5314	e2e-2d75a828/config-v2/both-on-direct.json
d4dfe59b8d126d007462b000ff303f0099fb99ced998ab7259a49fa5cc12a379	645	e2e-2d75a828/config-v2/both-on-effective.json
97c171472fbf77fdfd9fec9c81623383e9e0ecc175050686164f12a662eb7fcc	1234	e2e-2d75a828/config-v2/both-on-small-after.json
cc70aa58e7d3a08874e4d05e85b98c458d9004f8421492465b13a9472cb82531	4730	e2e-2d75a828/config-v2/both-on-small-before-000.json
26427df97f77d11f9b00daffbcddcf179984f66f76c38e86a3d1b46f410127de	73	e2e-2d75a828/config-v2/compaction-only-compaction.json
e79dc98f2ba3d2da2a8bbd3e20b6943a03579dc278293495f50ef29b555b5550	641	e2e-2d75a828/config-v2/compaction-only-config-0.json
e4e9e51520c032a07559f90b7eaf6bec56c7b987f7edce7d3ddd55c7c0a00a24	380	e2e-2d75a828/config-v2/compaction-only-direct.json
4322dba3868d7cde3e9f73205b9f49ce9eeca50a6af18bc0d8e3992fb8144ad6	643	e2e-2d75a828/config-v2/compaction-only-effective.json
f6a63cfd14e6ca4d176e1bbf0def23d4d8735b5232155a0a30328bd8a6bd9357	1234	e2e-2d75a828/config-v2/compaction-only-small-after.json
ccdcdf2ae06cec3cc5d0099533e3b4c0629744e55794f1f7d88dd0efdec8ea7b	4730	e2e-2d75a828/config-v2/compaction-only-small-before-000.json
9a84a52f7ca496905ba9cf03e7e9fe70e97faf37c4c248729e2e85fd264f7840	643	e2e-2d75a828/config-v2/concurrent-config-0.json
26427df97f77d11f9b00daffbcddcf179984f66f76c38e86a3d1b46f410127de	73	e2e-2d75a828/config-v2/default-off-compaction.json
e79dc98f2ba3d2da2a8bbd3e20b6943a03579dc278293495f50ef29b555b5550	641	e2e-2d75a828/config-v2/default-off-config-0.json
991ccd6cf46bd3fd77ba5ad8ac5e61e710244034cf6982b76ddf0cdbc0bd8f93	380	e2e-2d75a828/config-v2/default-off-direct.json
e79dc98f2ba3d2da2a8bbd3e20b6943a03579dc278293495f50ef29b555b5550	641	e2e-2d75a828/config-v2/default-off-effective.json
83c83ed77d6b431dd0f0ea9d165b89034afac5a6e3a4d47a47bf9df858e82278	411	e2e-2d75a828/config-v2/default-off-small-after.json
50fbf3391c12aece195b8014cbbaff449e70f3828eaee3465d8dac4b301caecf	4730	e2e-2d75a828/config-v2/default-off-small-before-000.json
26427df97f77d11f9b00daffbcddcf179984f66f76c38e86a3d1b46f410127de	73	e2e-2d75a828/config-v2/deny-allowlist-compaction.json
e79dc98f2ba3d2da2a8bbd3e20b6943a03579dc278293495f50ef29b555b5550	641	e2e-2d75a828/config-v2/deny-allowlist-config-0.json
235a3cd323d6a8db7e8d8a1f1aa9cebe4dcbbe15fb7673d32da14224e4dadfde	380	e2e-2d75a828/config-v2/deny-allowlist-direct.json
d4dfe59b8d126d007462b000ff303f0099fb99ced998ab7259a49fa5cc12a379	645	e2e-2d75a828/config-v2/deny-allowlist-effective.json
f33aced27f33cd2828d183b093c4301b173d55d62ee15365e2e8d840e42db6c4	411	e2e-2d75a828/config-v2/deny-allowlist-small-after.json
6d85591be18116c0f66eef8fc4dff47705d45498c6415a46f242483d17b9dd55	4730	e2e-2d75a828/config-v2/deny-allowlist-small-before-000.json
26427df97f77d11f9b00daffbcddcf179984f66f76c38e86a3d1b46f410127de	73	e2e-2d75a828/config-v2/direct-only-compaction.json
e79dc98f2ba3d2da2a8bbd3e20b6943a03579dc278293495f50ef29b555b5550	641	e2e-2d75a828/config-v2/direct-only-config-0.json
dea54c39cac00c464b1bfc77220903404619f655f135d5adfcac9bd704f7ed33	5311	e2e-2d75a828/config-v2/direct-only-direct.json
9a84a52f7ca496905ba9cf03e7e9fe70e97faf37c4c248729e2e85fd264f7840	643	e2e-2d75a828/config-v2/direct-only-effective.json
d25c46358e6dcfea9c2dcbbddc2e5ea155e9377a982ee559acc7046dcd51cd5f	411	e2e-2d75a828/config-v2/direct-only-small-after.json
49d15e997757bb05d286f5c04027f872d684c11badc18dee4f0ba92476b220b9	4730	e2e-2d75a828/config-v2/direct-only-small-before-000.json
15e504fa40b9b98fd2601653d59b150876154995c4c32f2e8585cc7aaf896d30	672853	e2e-2d75a828/config-v2/events.jsonl
7e030253d24be10ea4f7adaeef383738d6ae4f9061730e54c8db58558481eac7	5544867	e2e-2d75a828/config-v2/metrics-after-concurrency.json
1744f583ff504d3d7ed4d7f4dcacd63062e854a3563a286726f55a026a7a497d	4925463	e2e-2d75a828/config-v2/metrics-after-config-matrix.json
903f68fe93ff1165700338175a15d5ac0543f5f76a3cf25f18280721660616a8	4290372	e2e-2d75a828/config-v2/metrics-after-restart.json
8db1fabe3283dd2f4f3119e61c71cbd43d4c932c1da82b480bb726c61a03f3bb	3438879	e2e-2d75a828/config-v2/metrics-baseline.json
98d03435b7ba58409c415d082f3c1de7d56f67250d324cd5e12b8d392c0f6af8	363	e2e-2d75a828/config-v2/result.json
26427df97f77d11f9b00daffbcddcf179984f66f76c38e86a3d1b46f410127de	73	e2e-2d75a828/config-v2/threshold-fallback-compaction.json
88ae66b6cb1a57a3e5938020017b7a8f940e9b1f258fe970ed7c406691d7f911	642	e2e-2d75a828/config-v2/threshold-fallback-config-0.json
a942ddb321df3fc59efc3c0b9d5b896a01ef0d57248f1923ca6bc104637f61ee	380	e2e-2d75a828/config-v2/threshold-fallback-direct.json
f31b0fd8fc19f804e0b2a44b0990f02e64b9a42b255e435f32aaff4bfcc8b2f6	646	e2e-2d75a828/config-v2/threshold-fallback-effective.json
206c94c100701326099afceef481719dc2415f5404dad703b9782f45225bdc90	411	e2e-2d75a828/config-v2/threshold-fallback-small-after.json
27f5f78cb05aeeaa8504e92ad59db919bb270160e05598332a3f3eeb328ac64e	4730	e2e-2d75a828/config-v2/threshold-fallback-small-before-000.json
e3b0c44298fc1c149afbf4c8996fb92427ae41e4649b934ca495991b7852b855	0	e2e-2d75a828/config-v2/kikimr_working_dir/netData.tsv
44136fa355b3678a1146ad16f7e8649e94fb4fc21fe77e8310c060f61caaff8a	2	e2e-2d75a828/config-v2-supervisor/cleanup-before.json
dffe9a82741bc6c01c2f77ce8f30318860efdea92e0407e02a2496256641c303	816	e2e-2d75a828/config-v2-supervisor/identity.json
461094f1328515ca0fbf29a404bc3d00f0a4a694e702359b2eb25c7ff61aace4	57	e2e-2d75a828/config-v2-supervisor/processes.json
6e0c1094d134b0d933929aedb47fd2271e27bcb385394ec028a472bfebd90252	84	e2e-2d75a828/config-v2-supervisor/result.json
a70d96d73506391b367f04c147615bfb3ca933ee19cf9044e3c9717a59b456b5	135	e2e-2d75a828/guard-selftest/selftest.json
44136fa355b3678a1146ad16f7e8649e94fb4fc21fe77e8310c060f61caaff8a	2	e2e-2d75a828/guard-selftest/failure/cleanup-before.json
a9ca667d751838c43e6885142fb5eb0102a6c73ea5f7b2655211e99d2024b558	487	e2e-2d75a828/guard-selftest/failure/identity.json
d5928f11ea5e57e8743f17b7ea19621f7aefdabeef7937432a3d2feac6558862	57	e2e-2d75a828/guard-selftest/failure/processes.json
e06e3ebcddbed47d0879fa48396f04b6f2340bbddb2765580b7fd625d5c31fc5	85	e2e-2d75a828/guard-selftest/failure/result.json
a5d5f980855637b124103e72fc15ff81742644520aa67b87244e8d8cb76c181c	57	e2e-2d75a828/guard-selftest/lostpid/cleanup-before.json
e068193494f148839737a7ecea58f107e79f4f5e855dfdf006918ae580fbb0f7	692	e2e-2d75a828/guard-selftest/lostpid/identity.json
f6607545fd4bc3a4b6ac3f33618a456abc3582ff073e80458f5fc036f85920c0	85	e2e-2d75a828/guard-selftest/lostpid/result.json
44136fa355b3678a1146ad16f7e8649e94fb4fc21fe77e8310c060f61caaff8a	2	e2e-2d75a828/guard-selftest/normal/cleanup-before.json
bc61c1dece8e8e3cf29a0bd0afee5243a9d454060d6438f09fa35e5ac075ea1e	482	e2e-2d75a828/guard-selftest/normal/identity.json
a270d77b6959341980684713363b5af39222bca008d5ec7ab0f0c93204680a18	57	e2e-2d75a828/guard-selftest/normal/processes.json
46e21353d96ee4c1569f049fec29e3c9d074f4eb5c3da3df142b5ae4781e5fad	85	e2e-2d75a828/guard-selftest/normal/result.json
fb1b81ff700c92fa8b6b9e0ad405ce51f56297a4f2eb1f281787d70189ff12d2	57	e2e-2d75a828/guard-selftest/parentdeath/cleanup-before.json
e48f8ae44b28af8082d24abdb101057362703da241e841e070c0fc9c0dca1908	532	e2e-2d75a828/guard-selftest/parentdeath/identity.json
3395c78f4b8ed14b48afce5ee9cf969b6fe178d05ff53e13f0f0d2ca6ea90ad1	57	e2e-2d75a828/guard-selftest/parentdeath/processes.json
60ec1f338b075edba0344f23491b7e29919970b109ea3aeca6420fb264ccc581	85	e2e-2d75a828/guard-selftest/parentdeath/result.json
c907a55e1ae9d9d2aa3256eaa7f5d80b4d996cb5c5ccea60b5af1a1f2fc0b9cc	4750	e2e-45615624/environment-final.json
d70362c36951383f4dee089db79a242ffaaa6e911850bef6b8b76b2e18a96e8f	8430	e2e-45615624/plan.json
791862f7d207962387d8bb423297ecdb8971ae167a8998a4fec5e0c45afe5dc8	32933	e2e-45615624/v1-evidence.json
2fcc1126b3d669db304d46cf4b9b00a79e9bddf4e0852b2fcf9f6a2b19c7fb92	84631	e2e-45615624/v2-evidence.json
e0df816814352eb23b9a421ed5e890e95a230e568718961fd3a32b76f1480748	8745	e2e-45615624/v2-plan.json
79a9cda6a27fcd747bddb93dfaa1d51c3f50dc0d319d30d692a3d3c2385548be	8429	e2e-45615624/144a1c75-efce-40c1-a14b-d8e5456bf0df/plan.json
5421790ba7c9fe808a1f2a391d0d990c1713541f1f20b7b3aa7579e3371d005c	9509	e2e-45615624/144a1c75-efce-40c1-a14b-d8e5456bf0df/state.json
e3b0c44298fc1c149afbf4c8996fb92427ae41e4649b934ca495991b7852b855	0	e2e-45615624/144a1c75-efce-40c1-a14b-d8e5456bf0df/toolchain-environment.stderr
a965e3a791f8b060f6be7a6dad8fee5f57072f17fea0a1132d922cf47f57eb5c	500	e2e-45615624/144a1c75-efce-40c1-a14b-d8e5456bf0df/toolchain-environment.stdout
f61a4168f211480eac4342fbe8ac25b4a2679b408e74a01eaa830686e7c76fbd	8744	e2e-45615624/6730035b-4216-44e0-845e-cff5a5e782cc/plan.json
cf8fc44bf7c05e31ec054c2bf76a03ac067899e4925a41a3f5e38fe4870b5d63	11668	e2e-45615624/6730035b-4216-44e0-845e-cff5a5e782cc/state.json
e3b0c44298fc1c149afbf4c8996fb92427ae41e4649b934ca495991b7852b855	0	e2e-45615624/6730035b-4216-44e0-845e-cff5a5e782cc/toolchain-environment.stderr
a965e3a791f8b060f6be7a6dad8fee5f57072f17fea0a1132d922cf47f57eb5c	500	e2e-45615624/6730035b-4216-44e0-845e-cff5a5e782cc/toolchain-environment.stdout
1e8f3349c4372bdfde1cf836726b659f0c95ae84750ec4efa1bf20313c7e0808	10303	e2e-45615624/compaction-death-v1/0-after-death.json
244fa254b759fae960985c0b04b3c682679d0adb37d62def86034cf284fb1ee2	645	e2e-45615624/compaction-death-v1/0-config-0.json
1e8f3349c4372bdfde1cf836726b659f0c95ae84750ec4efa1bf20313c7e0808	10303	e2e-45615624/compaction-death-v1/0-mixed-before.json
7d6755f3f545b25281551250ff4c172b2018f01164dc2aa708f891fd9a11677d	5604	e2e-45615624/compaction-death-v1/0-seed.json
8009239c9faaa7e2695fa5c36cbf774a9885cca0224d91faac08f43cf97a056d	61199	e2e-45615624/compaction-death-v1/events.jsonl
902184aa3a0e982a3fc08c15b0686f1a7e8e8518146c39d9aaa82c756fd151fc	50	e2e-45615624/compaction-death-v1/inflight-compaction.json
4cfe51241baada0268c24c9c5d7ab08b9d9e831dd73ad937e83b3f4410bc94c0	3438879	e2e-45615624/compaction-death-v1/metrics-baseline.json
c607349a9e4220bdf29b10ca43c894d245525a37862b4cfa4bffa7a01b09c0b2	3528440	e2e-45615624/compaction-death-v1/metrics-before-compaction-death.json
37bc74f989bae6b25ab137e561935dff91160ab8565521991a668a265675aaec	642	e2e-45615624/compaction-death-v1/result.json
e3b0c44298fc1c149afbf4c8996fb92427ae41e4649b934ca495991b7852b855	0	e2e-45615624/compaction-death-v1/kikimr_working_dir/netData.tsv
a70d96d73506391b367f04c147615bfb3ca933ee19cf9044e3c9717a59b456b5	135	e2e-45615624/compaction-death-v1-guard-selftest/selftest.json
44136fa355b3678a1146ad16f7e8649e94fb4fc21fe77e8310c060f61caaff8a	2	e2e-45615624/compaction-death-v1-guard-selftest/failure/cleanup-before.json
3920c427962548ac9989dd403b360981e3679c5fb001c344beb390b77d371622	486	e2e-45615624/compaction-death-v1-guard-selftest/failure/identity.json
73eb957842f8a58bf40677f9ba44a24e6b307c99215119816058fc989d28e63d	57	e2e-45615624/compaction-death-v1-guard-selftest/failure/processes.json
8eafe6b7538fbca9900ef9f49ec79fb8aafeb0f69d5e8808269861eba0fe4cc1	85	e2e-45615624/compaction-death-v1-guard-selftest/failure/result.json
c00af6f9e57144b8074afe891622db73e64dda355cc8a918a081f786e1a4767e	57	e2e-45615624/compaction-death-v1-guard-selftest/lostpid/cleanup-before.json
37cb7d56e465f03aa594bc4270e6c4d352218f6a7bc58eb2564df08cbd24a2f6	712	e2e-45615624/compaction-death-v1-guard-selftest/lostpid/identity.json
720d7a6086272a247a63f15a590cb5f29e6b26a5c30b49db45f6edfa8f661673	85	e2e-45615624/compaction-death-v1-guard-selftest/lostpid/result.json
44136fa355b3678a1146ad16f7e8649e94fb4fc21fe77e8310c060f61caaff8a	2	e2e-45615624/compaction-death-v1-guard-selftest/normal/cleanup-before.json
f8d0c8ae4cc1230a6bb54dd83759ee5e4d10f96b5e1f558d4a3e877b7e9cd009	482	e2e-45615624/compaction-death-v1-guard-selftest/normal/identity.json
67e761e5aedc44e85bfa43ddf46121eba00287f547e25639b6ad8321bfbe4663	57	e2e-45615624/compaction-death-v1-guard-selftest/normal/processes.json
efa00bebfafa3046e6d41f70d7486472ba3764a4b6d572df9a3df866c1eab51b	84	e2e-45615624/compaction-death-v1-guard-selftest/normal/result.json
6567e533f02ed2d7871235eafedfdeb5bbc6d7c60fe4679899597dc5094e4783	57	e2e-45615624/compaction-death-v1-guard-selftest/parentdeath/cleanup-before.json
61364825401fbbf49335fb4a23e6f12a890f5b4806796bd0a387559781839395	531	e2e-45615624/compaction-death-v1-guard-selftest/parentdeath/identity.json
909857fe92736e91ae4fdeaeb8385f9178d7bbadf926f91e38de5702cc9f92c7	57	e2e-45615624/compaction-death-v1-guard-selftest/parentdeath/processes.json
cafa06f04e0499bbe45ff4fa01d54eea4191169ecd3c29f086c292c5b17e9392	85	e2e-45615624/compaction-death-v1-guard-selftest/parentdeath/result.json
44136fa355b3678a1146ad16f7e8649e94fb4fc21fe77e8310c060f61caaff8a	2	e2e-45615624/compaction-death-v1-supervisor/cleanup-before.json
55b71a3613c496434bc84c8216ae47a4b949d71b211bd1c84f537f3773a513f6	860	e2e-45615624/compaction-death-v1-supervisor/identity.json
625e5cefbb6416d5638e0aa8c836da47bf2e0f1cf9fec01d19a82a4fc3b929cd	57	e2e-45615624/compaction-death-v1-supervisor/processes.json
5bbe1bf2a682403ee8fa15955e77a4bf3d42667f571b3fb07d7b80c00e63245f	84	e2e-45615624/compaction-death-v1-supervisor/result.json
86d26d2bf52c96afed9b644b167c4b95313152e7ef5756b50c171c60a8cc7aa7	10303	e2e-45615624/compaction-death-v2/0-after-death.json
9974123c77c56bb181dfb567b75911e8507f2ba7a11fe3f0728bdaf71c22549b	5634	e2e-45615624/compaction-death-v2/0-after-recovery-compaction.json
26427df97f77d11f9b00daffbcddcf179984f66f76c38e86a3d1b46f410127de	73	e2e-45615624/compaction-death-v2/0-compaction.json
244fa254b759fae960985c0b04b3c682679d0adb37d62def86034cf284fb1ee2	645	e2e-45615624/compaction-death-v2/0-config-0.json
86d26d2bf52c96afed9b644b167c4b95313152e7ef5756b50c171c60a8cc7aa7	10303	e2e-45615624/compaction-death-v2/0-mixed-before.json
34f74f924225068dd5527fd8d5a1196324e9f4fe4c88d877df47f302bd310973	89	e2e-45615624/compaction-death-v2/0-scan.json
4d65aff78a649e18e432e70f0c5a8e67f17571babc51e19535c4c0a9cc4f8c57	5604	e2e-45615624/compaction-death-v2/0-seed.json
75a4dfe0b290d307bb2bf98be9e76063cb8f6393edf27d6a7882b6d8995cecff	63519	e2e-45615624/compaction-death-v2/events.jsonl
902184aa3a0e982a3fc08c15b0686f1a7e8e8518146c39d9aaa82c756fd151fc	50	e2e-45615624/compaction-death-v2/inflight-compaction.json
32e91cd98a0e7285dd858f375ff98849939ba9fd29d9769385116a1451cc4287	3630994	e2e-45615624/compaction-death-v2/metrics-after-compaction-death.json
7a9502e2ee0b109958c8760d33d3fc42f6f3ee65766ca799e4ab1222dfbd3774	3632088	e2e-45615624/compaction-death-v2/metrics-after-recovery-compaction.json
f461c709bfcbc6ccf2122389fcacda55b730aaa1258477a824aa213744a4268c	3438879	e2e-45615624/compaction-death-v2/metrics-baseline.json
72dbdd3603bd4078311bcc2867ed835d1255a5c48481e2daa5ea9abb8d73ec2e	3529017	e2e-45615624/compaction-death-v2/metrics-before-compaction-death.json
5308a2241be6ecc5c7e6b4a1632630a36c1d911d0940f313d15ca01742b60ce8	314	e2e-45615624/compaction-death-v2/result.json
e3b0c44298fc1c149afbf4c8996fb92427ae41e4649b934ca495991b7852b855	0	e2e-45615624/compaction-death-v2/kikimr_working_dir/netData.tsv
a70d96d73506391b367f04c147615bfb3ca933ee19cf9044e3c9717a59b456b5	135	e2e-45615624/compaction-death-v2-guard-selftest/selftest.json
44136fa355b3678a1146ad16f7e8649e94fb4fc21fe77e8310c060f61caaff8a	2	e2e-45615624/compaction-death-v2-guard-selftest/failure/cleanup-before.json
9b9b1449b89dbbc723c7a042c6709a5165fb6a99889ab5e2d5624c9a63a2cc5f	486	e2e-45615624/compaction-death-v2-guard-selftest/failure/identity.json
db1aa23ae649efeac66c2dbd181073d0af4b1633775b6081f88918d39a87e75b	57	e2e-45615624/compaction-death-v2-guard-selftest/failure/processes.json
d55c7a07aafa297a76f56aa4ef1161241876cd3c2faa32cdec4290627a4f803f	85	e2e-45615624/compaction-death-v2-guard-selftest/failure/result.json
10a89df5031ece4ed66d9ce872ac4b6789c44e8d199d2feba8a799b1bf1dd305	57	e2e-45615624/compaction-death-v2-guard-selftest/lostpid/cleanup-before.json
c8d2f9491e75e3dbef8c82c87b5346a1a04d38253d6cf589658def81e8b6391c	712	e2e-45615624/compaction-death-v2-guard-selftest/lostpid/identity.json
77dde41c5711cc8409b16a62a9d0f581449ef8caa428a323f8aa5761643ff486	85	e2e-45615624/compaction-death-v2-guard-selftest/lostpid/result.json
44136fa355b3678a1146ad16f7e8649e94fb4fc21fe77e8310c060f61caaff8a	2	e2e-45615624/compaction-death-v2-guard-selftest/normal/cleanup-before.json
fad6210032e76424a8abe4c6cdc8219b64313404d1ffb7aeeae02f9e56ae029d	482	e2e-45615624/compaction-death-v2-guard-selftest/normal/identity.json
517108621e9cb577b5e6c6287f1615165cea85dceb49d2626a24947bafaa4db9	57	e2e-45615624/compaction-death-v2-guard-selftest/normal/processes.json
d7422e556330d1b5b23a019a97bc11097d613b7ff6c0af9cededad9604224b0a	84	e2e-45615624/compaction-death-v2-guard-selftest/normal/result.json
15ce4ca6f840f0a4556a61557d24913c0b77d0e37e916f3ad81e1868febe8872	57	e2e-45615624/compaction-death-v2-guard-selftest/parentdeath/cleanup-before.json
6b1e459cb6ca604f15f953976231b1777fc1486b3f4d6290d6b329fdf2e2287e	532	e2e-45615624/compaction-death-v2-guard-selftest/parentdeath/identity.json
3d1c7dcab3b1ad1054e978520978d36514c084a167bc5116c7838c600acc6c95	57	e2e-45615624/compaction-death-v2-guard-selftest/parentdeath/processes.json
a3ce82a322ada388f2990897ae4c9e60da7e541105fa778137d8c92a1dbf3d91	85	e2e-45615624/compaction-death-v2-guard-selftest/parentdeath/result.json
44136fa355b3678a1146ad16f7e8649e94fb4fc21fe77e8310c060f61caaff8a	2	e2e-45615624/compaction-death-v2-supervisor/cleanup-before.json
e4e09f413ecd2c829c8cc61b86ce21d1dac61f3cfe0ce98629aaad9fac0f2478	859	e2e-45615624/compaction-death-v2-supervisor/identity.json
5ea644e0f5d9d1bbeac9c2025877c821b7808761a93bfd3945da696726682526	57	e2e-45615624/compaction-death-v2-supervisor/processes.json
6a10442f07a16610e70a2857cb265fce4c5d6005bbf7af4627a6cbdaca3a3a29	82	e2e-45615624/compaction-death-v2-supervisor/result.json
229e6d1b89a2f0811da34fa067421dbd66e69349c9541677de5870ddeaff361d	63493	e2e-5ca266b3/evidence.json
0490cb24be4bb42e5dc4472844abbbbbb751339c6bf41967f536d9021a7921f4	136120	e2e-5ca266b3/late-evidence.json
b3805ac14a1da9fdecbb67625bdac98e6f2135e5c831dad9a7baddf4c7d963d0	8553	e2e-5ca266b3/late-plan.json
0ce1decbb5a6fd62cf13d8506ca76c5a6d948984d0eee84c233bd621a7b68b0f	8623	e2e-5ca266b3/plan.json
6efd52fc147dcbbafedf4d0a0ce571dcc6cb2aa3dc53602a76c186e391f5c045	8622	e2e-5ca266b3/172cfc8e-38fb-48d7-820c-384f7e3aaf76/plan.json
e63c042aa0f1399e0a31f6bcd1d60d0c4c1c17b21ef2fe0206ffd2293d5eeeff	11612	e2e-5ca266b3/172cfc8e-38fb-48d7-820c-384f7e3aaf76/state.json
e3b0c44298fc1c149afbf4c8996fb92427ae41e4649b934ca495991b7852b855	0	e2e-5ca266b3/172cfc8e-38fb-48d7-820c-384f7e3aaf76/toolchain-environment.stderr
a965e3a791f8b060f6be7a6dad8fee5f57072f17fea0a1132d922cf47f57eb5c	500	e2e-5ca266b3/172cfc8e-38fb-48d7-820c-384f7e3aaf76/toolchain-environment.stdout
3f97e9826a2b12f3396325a7639092074460576cc65b50affa0b5827050fecb8	8552	e2e-5ca266b3/afa6146a-d58e-4780-bd93-9a770f1c99e3/plan.json
b9070130ab1ee88c5e714761ab011ca76b703d9bf175e93ae93ee6df7570d8f2	11675	e2e-5ca266b3/afa6146a-d58e-4780-bd93-9a770f1c99e3/state.json
e3b0c44298fc1c149afbf4c8996fb92427ae41e4649b934ca495991b7852b855	0	e2e-5ca266b3/afa6146a-d58e-4780-bd93-9a770f1c99e3/toolchain-environment.stderr
a965e3a791f8b060f6be7a6dad8fee5f57072f17fea0a1132d922cf47f57eb5c	500	e2e-5ca266b3/afa6146a-d58e-4780-bd93-9a770f1c99e3/toolchain-environment.stdout
e55a2d19dcb9c1ff4dc1f4d2eb45547202a30818d75e65e294707908563e697b	5634	e2e-5ca266b3/corrupt-late-v1/bsgroup-compressed-restored.json
e55a2d19dcb9c1ff4dc1f4d2eb45547202a30818d75e65e294707908563e697b	5634	e2e-5ca266b3/corrupt-late-v1/bsgroup-compressed.json
3a2110b20a186f66a107393f34dafae5457bd5ff72b8c661c449e4feb0eeb9d7	933	e2e-5ca266b3/corrupt-late-v1/bsgroup-config-0.json
d54a4eba33493c64538bf74030ac3109741c25bdcd7f4dbd3ee240fd1e959a50	380	e2e-5ca266b3/corrupt-late-v1/bsgroup-raw-restored.json
d54a4eba33493c64538bf74030ac3109741c25bdcd7f4dbd3ee240fd1e959a50	380	e2e-5ca266b3/corrupt-late-v1/bsgroup-raw.json
a7ee2ba857afe9c9aa81dad0313e71c82804534a0833b333d4af8574bd525ead	87	e2e-5ca266b3/corrupt-late-v1/bsgroup-scan.json
992eee5641c94042c5653eda76e8a2488237e87e6cefe66a8df30ce00cece425	66331	e2e-5ca266b3/corrupt-late-v1/events.jsonl
079d0d98c1d5667c48e773b7cb6ea7d04780c509bb7f443d55849de81bfdf084	208	e2e-5ca266b3/corrupt-late-v1/fault-intent.json
1e366e0c9562eb6522465d16bd3bc891b1e6c31eae478daac65246025fa2830e	3531053	e2e-5ca266b3/corrupt-late-v1/metrics-after-restore.json
214b0c4496de535eb1ec996a5971cb70aed4d0d0a3a2d2ba6729d516a0bd898a	3531328	e2e-5ca266b3/corrupt-late-v1/metrics-before-failure.json
39c2b5b9cb76649d1a69b49656520b38b2a730a9f40c8788da9ce99b4f3c0235	2141	e2e-5ca266b3/corrupt-late-v1/payload-locations.json
9bbb3878cc978df6ac116ab118195956d36b1c0d98938b1e9b9a82644c9e7c37	404	e2e-5ca266b3/corrupt-late-v1/pdisks-info.json
6d23916e90a064dc7cba9c7dd9ba223c5533dd073e74f610a60d79067d42b30c	1435	e2e-5ca266b3/corrupt-late-v1/result.json
a7ee2ba857afe9c9aa81dad0313e71c82804534a0833b333d4af8574bd525ead	87	e2e-5ca266b3/corrupt-late-v1/scan-while-late-corrupt.json
e3b0c44298fc1c149afbf4c8996fb92427ae41e4649b934ca495991b7852b855	0	e2e-5ca266b3/corrupt-late-v1/kikimr_working_dir/netData.tsv
a70d96d73506391b367f04c147615bfb3ca933ee19cf9044e3c9717a59b456b5	135	e2e-5ca266b3/corrupt-late-v1-guard-selftest/selftest.json
44136fa355b3678a1146ad16f7e8649e94fb4fc21fe77e8310c060f61caaff8a	2	e2e-5ca266b3/corrupt-late-v1-guard-selftest/failure/cleanup-before.json
00cfb5b845741d295ff9d856eff60b760180c06c12405294b1052bc706f9ba9a	486	e2e-5ca266b3/corrupt-late-v1-guard-selftest/failure/identity.json
8d5993a6465e6f15ff8ce0d057b692e1600f2cd8dd163713b80cd09dcefc5fca	57	e2e-5ca266b3/corrupt-late-v1-guard-selftest/failure/processes.json
543f0d0b6e46fabc0ff0c183e544f3b248e80a8627a0cf25460633a76b4aac67	85	e2e-5ca266b3/corrupt-late-v1-guard-selftest/failure/result.json
bbd9750e5bc96830d841a190455639fb116856559cff44c1018e465cdd322a5c	57	e2e-5ca266b3/corrupt-late-v1-guard-selftest/lostpid/cleanup-before.json
0386d25d7d3af4c369a00cf8150bf923028e187ee2cbf94ffe3b051e5a0523ec	708	e2e-5ca266b3/corrupt-late-v1-guard-selftest/lostpid/identity.json
ceee89c336a958c21307dac409de617431018cc3981b147c257f53c57bf6aa29	85	e2e-5ca266b3/corrupt-late-v1-guard-selftest/lostpid/result.json
44136fa355b3678a1146ad16f7e8649e94fb4fc21fe77e8310c060f61caaff8a	2	e2e-5ca266b3/corrupt-late-v1-guard-selftest/normal/cleanup-before.json
548a0da4527ae205db0a46538e9741990affa0eb23f468fd8eeaea13ae1899ad	482	e2e-5ca266b3/corrupt-late-v1-guard-selftest/normal/identity.json
1b778fdda2024aa3b033c9157e07bbc9810bbc81e12d66c021c39adbee24bdf8	57	e2e-5ca266b3/corrupt-late-v1-guard-selftest/normal/processes.json
99074efb1615d0da45a7e5700e58c34b2d3ee87bcc2e6a83fe9c525d323fab28	85	e2e-5ca266b3/corrupt-late-v1-guard-selftest/normal/result.json
5b953092c65f4804551e8508a7cb09c909b5cba68bf99ddcefdba976bd9ff828	57	e2e-5ca266b3/corrupt-late-v1-guard-selftest/parentdeath/cleanup-before.json
966e1613e11f57ec7df3d75958b3e518f73652555258432b487925f99993ec6d	532	e2e-5ca266b3/corrupt-late-v1-guard-selftest/parentdeath/identity.json
936d3c7b16b505269123e89e0ea2088110a9d10afa6d0f23a0d2e54cbd61f77f	57	e2e-5ca266b3/corrupt-late-v1-guard-selftest/parentdeath/processes.json
092f63dfa2365219be4ef53c880cd4c80cf9be75c9f0b3e57669770157f4187c	85	e2e-5ca266b3/corrupt-late-v1-guard-selftest/parentdeath/result.json
44136fa355b3678a1146ad16f7e8649e94fb4fc21fe77e8310c060f61caaff8a	2	e2e-5ca266b3/corrupt-late-v1-supervisor/cleanup-before.json
2e3027418b442c8943e617147b2d4bd555e4f754787cfa9766fffe108a702551	852	e2e-5ca266b3/corrupt-late-v1-supervisor/identity.json
26136abe50ce51a8367a05d94b4a5d6b90b8d0cc644e8acc827c592550b4252d	57	e2e-5ca266b3/corrupt-late-v1-supervisor/processes.json
743e0eab3e2bcf032f68099bc7fe67c6b208fc6face586925904a46ba905a9da	85	e2e-5ca266b3/corrupt-late-v1-supervisor/result.json
54a0d0108813545b3bcced5621e69c6782026e6f332c86eca819e55ab0197081	5634	e2e-5ca266b3/corrupt-v1/bsgroup-compressed-restored.json
54a0d0108813545b3bcced5621e69c6782026e6f332c86eca819e55ab0197081	5634	e2e-5ca266b3/corrupt-v1/bsgroup-compressed.json
3a2110b20a186f66a107393f34dafae5457bd5ff72b8c661c449e4feb0eeb9d7	933	e2e-5ca266b3/corrupt-v1/bsgroup-config-0.json
4d17090489f6953aa5490562d63a7278d6f4ef3cf81ce7e25cfad8cdeed46181	380	e2e-5ca266b3/corrupt-v1/bsgroup-raw-restored.json
4d17090489f6953aa5490562d63a7278d6f4ef3cf81ce7e25cfad8cdeed46181	380	e2e-5ca266b3/corrupt-v1/bsgroup-raw.json
a7ee2ba857afe9c9aa81dad0313e71c82804534a0833b333d4af8574bd525ead	87	e2e-5ca266b3/corrupt-v1/bsgroup-scan.json
bd55c031c622c6a7dfd06d017fa318f06984adea77a28cb2e9bf157fb7b8cc5b	64910	e2e-5ca266b3/corrupt-v1/events.jsonl
e999816493e902720d67efd9f97d20a658fc435691c8fcdfca109117b168a0af	203	e2e-5ca266b3/corrupt-v1/fault-intent.json
3e718d84402d1a12e1ba60306a663275fd132cb5cd44006d9ff02d3c58bda6de	3530048	e2e-5ca266b3/corrupt-v1/metrics-after-restore.json
277ffeec729f4c037349b59d9b9deee0fbf62b6ae54859e307b2f4350626a94f	3530317	e2e-5ca266b3/corrupt-v1/metrics-before-failure.json
76da6f1d8d06f75f204cd038f1afd27a76c3156c9a5f7cd877545779ca77ff8f	2136	e2e-5ca266b3/corrupt-v1/payload-locations.json
91571d85f77bb274dece256b17f1c470e31f9a5428a831105a15f8631d0f1c85	394	e2e-5ca266b3/corrupt-v1/pdisks-info.json
701061d18993a42e8c7b7be93a6e00c9db87710f4b30264c110485f91b4a5c4c	1408	e2e-5ca266b3/corrupt-v1/result.json
e3b0c44298fc1c149afbf4c8996fb92427ae41e4649b934ca495991b7852b855	0	e2e-5ca266b3/corrupt-v1/kikimr_working_dir/netData.tsv
a70d96d73506391b367f04c147615bfb3ca933ee19cf9044e3c9717a59b456b5	135	e2e-5ca266b3/corrupt-v1-guard-selftest/selftest.json
44136fa355b3678a1146ad16f7e8649e94fb4fc21fe77e8310c060f61caaff8a	2	e2e-5ca266b3/corrupt-v1-guard-selftest/failure/cleanup-before.json
7435da5df3d97d7a6c3297bcc5d5ecd2e982e5d34360613f28c6b60ceb798b77	486	e2e-5ca266b3/corrupt-v1-guard-selftest/failure/identity.json
c6a415eef5b929a5458bd8b5df402fb3d001ffc2cab32f6ba85c2dc7b544fcb1	57	e2e-5ca266b3/corrupt-v1-guard-selftest/failure/processes.json
9d8a1e5c884093118c0e96ca1272554f4c6c5992e99e0e96f18a8a0433df71c2	85	e2e-5ca266b3/corrupt-v1-guard-selftest/failure/result.json
bb3bffcad52e8cf3712b26dfb80fef7cc1e3c9fc5c83ae744a2efa10b2cdff9f	57	e2e-5ca266b3/corrupt-v1-guard-selftest/lostpid/cleanup-before.json
84ddebaf7a5a2793a6c19ce6ad03c6765e6d3d76bd8db2f16419a24aa17b81b1	702	e2e-5ca266b3/corrupt-v1-guard-selftest/lostpid/identity.json
2e7e65df57e481c571b00b74e35487e4b7f02390f54c94c7da9720971ae19230	84	e2e-5ca266b3/corrupt-v1-guard-selftest/lostpid/result.json
44136fa355b3678a1146ad16f7e8649e94fb4fc21fe77e8310c060f61caaff8a	2	e2e-5ca266b3/corrupt-v1-guard-selftest/normal/cleanup-before.json
b194066fd819331a3e68d61afdac2f41cefc9adaeb421cd4f128fe31ce45f809	482	e2e-5ca266b3/corrupt-v1-guard-selftest/normal/identity.json
8ec60e5a8dc55a7f0fa42c172a7af8aea5dc7284d87c5d13f8e2606fa1af8a85	57	e2e-5ca266b3/corrupt-v1-guard-selftest/normal/processes.json
5c8eb83f3a834ac3a3f10534d10b2a5e4c561c6ea6c6622042c965a6fc3fffeb	85	e2e-5ca266b3/corrupt-v1-guard-selftest/normal/result.json
5580016839dc1aeaf0ad05bda702d063fc00e2fba8fbba88d2cd010ba3e36809	57	e2e-5ca266b3/corrupt-v1-guard-selftest/parentdeath/cleanup-before.json
caebf58cd591c436b3c5293bb7afb5be330893006169373cc771e3c938566b66	532	e2e-5ca266b3/corrupt-v1-guard-selftest/parentdeath/identity.json
4f1dfbc595490effb628a3b964224c26bf2da2c62ddcf550103174594624af20	57	e2e-5ca266b3/corrupt-v1-guard-selftest/parentdeath/processes.json
ed654e51c5224321ad16e6375d0a61f9331d8048437aa5e234fc4c5dafad2e29	85	e2e-5ca266b3/corrupt-v1-guard-selftest/parentdeath/result.json
44136fa355b3678a1146ad16f7e8649e94fb4fc21fe77e8310c060f61caaff8a	2	e2e-5ca266b3/corrupt-v1-supervisor/cleanup-before.json
1d53a4c9fcce2cbf6e97ee4eaa70aa18ffce39e5adf5d20a95cea99671f19b31	843	e2e-5ca266b3/corrupt-v1-supervisor/identity.json
b0e4ee35a2a9150548c8f58ffcb7f6e6c956cf504ce5432f008b1021b84e9751	57	e2e-5ca266b3/corrupt-v1-supervisor/processes.json
13ccff333827819d4eaac803c602914e800c8fad25d1491bb5cc4e9591d30ef3	85	e2e-5ca266b3/corrupt-v1-supervisor/result.json
4a0394656caee4098491bbf9d86a1d3f4901d45a80971d97ffc8c9fd4a319580	4423	e2e-688245c2/environment-final.json
2beb49d245d47c285fe2c9c7de823d598bdf29e19de3d81e74626ef0c4149b72	80268	e2e-688245c2/evidence.json
ddcbf7ec1d8e2b7bcbf8bbc53fd49ca59375bb2806459c9fc5c685a0701fc45b	8767	e2e-688245c2/plan.json
6cfd3a17c563bd2c320c9e3382466c640126093890ebd71280ca1d77e072f2d3	66723	e2e-688245c2/short-evidence.json
7271aa2fedbea636f5126a11f857dff0cefe83c14d32d3f55e9a35e7d2fc9651	8636	e2e-688245c2/short-plan.json
9d92a17460df6c45440a84a4ce44a8e930cc230722046ab2fc9f6bd9bdf27353	8766	e2e-688245c2/876a7b79-0a15-4249-a3d8-917ed5c97063/plan.json
9b85283db25ca2dab95900c6682112193f37f21260d18d26da8c15addf4f4d02	11551	e2e-688245c2/876a7b79-0a15-4249-a3d8-917ed5c97063/state.json
e3b0c44298fc1c149afbf4c8996fb92427ae41e4649b934ca495991b7852b855	0	e2e-688245c2/876a7b79-0a15-4249-a3d8-917ed5c97063/toolchain-environment.stderr
a965e3a791f8b060f6be7a6dad8fee5f57072f17fea0a1132d922cf47f57eb5c	500	e2e-688245c2/876a7b79-0a15-4249-a3d8-917ed5c97063/toolchain-environment.stdout
9c4925f64c5b7116676904ec8a1a8ebc565a2518a33e1274da93508108f61d37	8635	e2e-688245c2/bb18b477-02aa-41a4-814f-2f6995ba88e7/plan.json
e4ca9cc8c3cc3f2cbdc7a347dccfcee1734ad9dedba0b33a727ee6206dddc8df	11580	e2e-688245c2/bb18b477-02aa-41a4-814f-2f6995ba88e7/state.json
e3b0c44298fc1c149afbf4c8996fb92427ae41e4649b934ca495991b7852b855	0	e2e-688245c2/bb18b477-02aa-41a4-814f-2f6995ba88e7/toolchain-environment.stderr
a965e3a791f8b060f6be7a6dad8fee5f57072f17fea0a1132d922cf47f57eb5c	500	e2e-688245c2/bb18b477-02aa-41a4-814f-2f6995ba88e7/toolchain-environment.stdout
244fa254b759fae960985c0b04b3c682679d0adb37d62def86034cf284fb1ee2	645	e2e-688245c2/cancel-short-v1/0-config-0.json
7d6755f3f545b25281551250ff4c172b2018f01164dc2aa708f891fd9a11677d	5604	e2e-688245c2/cancel-short-v1/0-post-CANCEL-SHORT.json
7d6755f3f545b25281551250ff4c172b2018f01164dc2aa708f891fd9a11677d	5604	e2e-688245c2/cancel-short-v1/0-seed.json
244fa254b759fae960985c0b04b3c682679d0adb37d62def86034cf284fb1ee2	645	e2e-688245c2/cancel-short-v1/1-config-0.json
c4b6c17978c1b27cf9b78facfcd4322fbf961132293785a856b5b651940c138c	5604	e2e-688245c2/cancel-short-v1/1-post-CANCEL-SHORT.json
c4b6c17978c1b27cf9b78facfcd4322fbf961132293785a856b5b651940c138c	5604	e2e-688245c2/cancel-short-v1/1-seed.json
244fa254b759fae960985c0b04b3c682679d0adb37d62def86034cf284fb1ee2	645	e2e-688245c2/cancel-short-v1/2-config-0.json
1e2247d2fbe4c7b5029cb6d23f289903a4d1e4404c367427661e3f52df520207	5604	e2e-688245c2/cancel-short-v1/2-post-CANCEL-SHORT.json
1e2247d2fbe4c7b5029cb6d23f289903a4d1e4404c367427661e3f52df520207	5604	e2e-688245c2/cancel-short-v1/2-seed.json
244fa254b759fae960985c0b04b3c682679d0adb37d62def86034cf284fb1ee2	645	e2e-688245c2/cancel-short-v1/3-config-0.json
2cc56c404337e0ae26ff1c2d8872e05f81ac44c79bb0ecde3cc2e1fba72d44e5	5604	e2e-688245c2/cancel-short-v1/3-post-CANCEL-SHORT.json
2cc56c404337e0ae26ff1c2d8872e05f81ac44c79bb0ecde3cc2e1fba72d44e5	5604	e2e-688245c2/cancel-short-v1/3-seed.json
139ae957dbc261a47bde14a6a3cc32101ff901573315f0b2cb5eed33c0b88094	17020	e2e-688245c2/cancel-short-v1/events.jsonl
e8e0a1ecb316883405f2f1c840a31e0a38cc11f56902d901759f360764f22bf3	4186397	e2e-688245c2/cancel-short-v1/metrics-after-CANCEL-SHORT.json
7d8ea9f8f4dfa64bf017d40d511883bbdd5d62dc982db2037541b7047a707986	3438879	e2e-688245c2/cancel-short-v1/metrics-baseline.json
6b3467039791ca4c5a7328833335e96fe4cff4d0d28587642b7b786463daf81d	3776589	e2e-688245c2/cancel-short-v1/metrics-before-CANCEL-SHORT.json
5ff526f51c38eede8cf1d38807e9b891c92b46400fc7e512d38379ab1ba32a71	357412	e2e-688245c2/cancel-short-v1/metrics-series.jsonl
4cff402d992769925a2a4e51007ebf1e3ed19ca00f6f9b41b8050365f77ce799	504	e2e-688245c2/cancel-short-v1/result.json
e3b0c44298fc1c149afbf4c8996fb92427ae41e4649b934ca495991b7852b855	0	e2e-688245c2/cancel-short-v1/kikimr_working_dir/netData.tsv
44136fa355b3678a1146ad16f7e8649e94fb4fc21fe77e8310c060f61caaff8a	2	e2e-688245c2/cancel-supervisor/cleanup-before.json
e8c87a3307393f945915c0fe7a0653f3e17e229f9d475a2a5a3b597c2c808154	840	e2e-688245c2/cancel-supervisor/identity.json
b012849235241195b05dd0fc4fbb1179eaa73ea750122316425fbeb8290ee4cf	57	e2e-688245c2/cancel-supervisor/processes.json
6cb6dd785e39e9df2712c23122087b0b6770e4d90e4429731711c8db92502fa2	85	e2e-688245c2/cancel-supervisor/result.json
244fa254b759fae960985c0b04b3c682679d0adb37d62def86034cf284fb1ee2	645	e2e-688245c2/cancel-v1/0-config-0.json
4d65aff78a649e18e432e70f0c5a8e67f17571babc51e19535c4c0a9cc4f8c57	5604	e2e-688245c2/cancel-v1/0-post-CANCEL-DELAYED.json
4d65aff78a649e18e432e70f0c5a8e67f17571babc51e19535c4c0a9cc4f8c57	5604	e2e-688245c2/cancel-v1/0-post-CANCEL-NORMAL.json
4d65aff78a649e18e432e70f0c5a8e67f17571babc51e19535c4c0a9cc4f8c57	5604	e2e-688245c2/cancel-v1/0-seed.json
244fa254b759fae960985c0b04b3c682679d0adb37d62def86034cf284fb1ee2	645	e2e-688245c2/cancel-v1/1-config-0.json
8960f868af77c9a3d92b428a41f5782ca5a62d336236b8710bae3f4da7bc5067	5604	e2e-688245c2/cancel-v1/1-post-CANCEL-DELAYED.json
8960f868af77c9a3d92b428a41f5782ca5a62d336236b8710bae3f4da7bc5067	5604	e2e-688245c2/cancel-v1/1-post-CANCEL-NORMAL.json
8960f868af77c9a3d92b428a41f5782ca5a62d336236b8710bae3f4da7bc5067	5604	e2e-688245c2/cancel-v1/1-seed.json
244fa254b759fae960985c0b04b3c682679d0adb37d62def86034cf284fb1ee2	645	e2e-688245c2/cancel-v1/2-config-0.json
61496c62be52932ba64050118b620fb59e2872b681f24eb9fb7d576164e1a354	5604	e2e-688245c2/cancel-v1/2-post-CANCEL-DELAYED.json
61496c62be52932ba64050118b620fb59e2872b681f24eb9fb7d576164e1a354	5604	e2e-688245c2/cancel-v1/2-post-CANCEL-NORMAL.json
61496c62be52932ba64050118b620fb59e2872b681f24eb9fb7d576164e1a354	5604	e2e-688245c2/cancel-v1/2-seed.json
244fa254b759fae960985c0b04b3c682679d0adb37d62def86034cf284fb1ee2	645	e2e-688245c2/cancel-v1/3-config-0.json
842bd3d7fb420548ef0f3be7b7208669a249fd5b5c472d184f97d12f15ed663b	5604	e2e-688245c2/cancel-v1/3-post-CANCEL-DELAYED.json
842bd3d7fb420548ef0f3be7b7208669a249fd5b5c472d184f97d12f15ed663b	5604	e2e-688245c2/cancel-v1/3-post-CANCEL-NORMAL.json
842bd3d7fb420548ef0f3be7b7208669a249fd5b5c472d184f97d12f15ed663b	5604	e2e-688245c2/cancel-v1/3-seed.json
9cc6dd02734e4e746c95cc7abecf4313da042bdf399a7932f7f6c5f0bb798ca7	176507	e2e-688245c2/cancel-v1/events.jsonl
0bacd80d46ef21c8b136bdd47f273699c056ad558f748476c7050d106df1c756	4176178	e2e-688245c2/cancel-v1/metrics-after-CANCEL-DELAYED.json
58db5a9ad7c15cde08b66ce9144b13e0a6a10d4438978b38f66aa583bce8a4bc	4176967	e2e-688245c2/cancel-v1/metrics-after-CANCEL-NORMAL.json
583ca60d1d034c15954bad0d1e7ae050851face7f3c33303a2312b781208e29d	3438879	e2e-688245c2/cancel-v1/metrics-baseline.json
c1f8fcb038d6fe5878ed398134b2698eb49575a357c4ee9b62049e49fca133fc	4176749	e2e-688245c2/cancel-v1/metrics-before-CANCEL-DELAYED.json
1453c1c1eec3613bb4134a8c83e1dbaef7dd13bb5a4bab51bbdd9ff480795813	3771763	e2e-688245c2/cancel-v1/metrics-before-CANCEL-NORMAL.json
cf65e041ccee34c6c0f3685553db4a9ed185383b4b8c363863c062b95263118e	914071	e2e-688245c2/cancel-v1/metrics-series.jsonl
626cbe6c39ddca35fa0b9ef7d11134b27d5554834e01f168617dd03970e4b59e	4176891	e2e-688245c2/cancel-v1/metrics-while-dependency-paused-after-cancel.json
d9d8d4f0628f0bd8141199bb44b1d25faad982e34ff216bd71391d881f38a96b	787	e2e-688245c2/cancel-v1/result.json
e3b0c44298fc1c149afbf4c8996fb92427ae41e4649b934ca495991b7852b855	0	e2e-688245c2/cancel-v1/kikimr_working_dir/netData.tsv
a70d96d73506391b367f04c147615bfb3ca933ee19cf9044e3c9717a59b456b5	135	e2e-688245c2/guard-selftest/selftest.json
44136fa355b3678a1146ad16f7e8649e94fb4fc21fe77e8310c060f61caaff8a	2	e2e-688245c2/guard-selftest/failure/cleanup-before.json
ca62b2d7ee440b1bd457fa7038693dfc36e143cde1bf66065dd0fc3b20b30e3f	486	e2e-688245c2/guard-selftest/failure/identity.json
f12cf015ab4fdbe746170304ad2fe232245db32a4c27a10c7f57e9758ef67c8b	57	e2e-688245c2/guard-selftest/failure/processes.json
17d49ce6c86e0f994310de8595ab147d217ad09131b4b5be572bc4692436aeb5	85	e2e-688245c2/guard-selftest/failure/result.json
8973f71a1f0c90ba5db73e7b2088aac4ebfa2e9c8fe3a6be9587cecb89d36d69	57	e2e-688245c2/guard-selftest/lostpid/cleanup-before.json
cd33bbaae65401639d6c4c981b176707958c317338249c988a7532657a654fc8	690	e2e-688245c2/guard-selftest/lostpid/identity.json
bce8742f48d2e641b8b92ae9848bc5c253026c0c95a50f2ea890d74224f5ea53	85	e2e-688245c2/guard-selftest/lostpid/result.json
44136fa355b3678a1146ad16f7e8649e94fb4fc21fe77e8310c060f61caaff8a	2	e2e-688245c2/guard-selftest/normal/cleanup-before.json
073e8d7fce628cc16467881f7caa1ba04af871c98c6deecb74df098f577bdf43	481	e2e-688245c2/guard-selftest/normal/identity.json
b936a9c0ec036ec4bc6f4b076be461708c637f1728251f60bfbc79c73b6b3e95	57	e2e-688245c2/guard-selftest/normal/processes.json
fac93858ce1cfb5e52ca5b7dd496a33fb74ea40e5d034f378a6efbe426103631	84	e2e-688245c2/guard-selftest/normal/result.json
13462c8b3d3a9053e40e50eeacd22f5bb0b1852a1816282f96d51945600f2c01	57	e2e-688245c2/guard-selftest/parentdeath/cleanup-before.json
5525a762d676f5b251a9191f1e698864a002a19be9ee5463f8076c4039e4f238	531	e2e-688245c2/guard-selftest/parentdeath/identity.json
cd98689f8be2f885eaa74f323e859c1a7509bc5e711a5d31107dda7ff431b9e8	57	e2e-688245c2/guard-selftest/parentdeath/processes.json
33ec28145030d1ed7f7293303c26b631663c76983fea3571e42618e6a48e933b	85	e2e-688245c2/guard-selftest/parentdeath/result.json
a70d96d73506391b367f04c147615bfb3ca933ee19cf9044e3c9717a59b456b5	135	e2e-688245c2/short-guard-selftest/selftest.json
44136fa355b3678a1146ad16f7e8649e94fb4fc21fe77e8310c060f61caaff8a	2	e2e-688245c2/short-guard-selftest/failure/cleanup-before.json
0c1d0c20e83b7560b73b6bfb311adfeae23bcbd3e754d0b0e9e3dcaa73f2e7f1	485	e2e-688245c2/short-guard-selftest/failure/identity.json
122e1298d6686ca20b043a7e5a94d3094b13f58e231572080462e5101bf463d8	57	e2e-688245c2/short-guard-selftest/failure/processes.json
fe80ceb7c37bbcd6ac624de8cf25d49975c4bca0bef0f29a3acf8e252fddbcd0	83	e2e-688245c2/short-guard-selftest/failure/result.json
ab7f5b7c0353c20c92a40c73727259e90d0fb1f0727248a46a5f070cb9676dca	57	e2e-688245c2/short-guard-selftest/lostpid/cleanup-before.json
dd5c7958b4c68b36a38309e4135d1dcc2c8429fd848a3fb1c9a81735d15c6cac	697	e2e-688245c2/short-guard-selftest/lostpid/identity.json
8b53b685d6e4c676f9c6d12ef5cbaa5aa43699715e168852a1bec0792f8921fa	85	e2e-688245c2/short-guard-selftest/lostpid/result.json
44136fa355b3678a1146ad16f7e8649e94fb4fc21fe77e8310c060f61caaff8a	2	e2e-688245c2/short-guard-selftest/normal/cleanup-before.json
768b78340ebde0febdc912eb24dcfe21ec517bc3a0d262eaf30b98bbb68cfcd3	482	e2e-688245c2/short-guard-selftest/normal/identity.json
80fec78a0ec7ba17cba012ac24898d4457b5e1da0c1aee6328f25a3afb5a4cc9	57	e2e-688245c2/short-guard-selftest/normal/processes.json
da9ecdefce4924269d456814e78513657f8fcb2f7365e7db8e214ea5446e2327	85	e2e-688245c2/short-guard-selftest/normal/result.json
50f81fedba69306c93d203f3df3d8a19bfb270dac6126814c6a001d4d7a43dff	57	e2e-688245c2/short-guard-selftest/parentdeath/cleanup-before.json
4fd692cd684c7263881aeea244f1c3b1c743c34a3dc7b57b5b24e36fbc1f0572	533	e2e-688245c2/short-guard-selftest/parentdeath/identity.json
db4b2e8f9d883882d2dd936d7e9770d12f533c2443a5531c2315852ff1288046	57	e2e-688245c2/short-guard-selftest/parentdeath/processes.json
f15cac3442f719947bd3b0604abceba6878122c2b3648333d815418b73d2df70	85	e2e-688245c2/short-guard-selftest/parentdeath/result.json
44136fa355b3678a1146ad16f7e8649e94fb4fc21fe77e8310c060f61caaff8a	2	e2e-688245c2/short-supervisor/cleanup-before.json
9d20d647a72c3a8c8b592958023e4b7755cfc868844873c457f06bc5a92a65aa	852	e2e-688245c2/short-supervisor/identity.json
9c123c4d807a67d22590ba082414778b38ede4d35f6873bf11cd81bce919a971	57	e2e-688245c2/short-supervisor/processes.json
c39adc9e49ec0969cb05ffbad80c757f67b0caec6f53e52b7e4310c276ef5bff	85	e2e-688245c2/short-supervisor/result.json
931e8a45f5e04ef9f05ffbd71538f85cee6fef09a0c07239c0b5b5a919521dd1	6282	e2e-720e6c3d/cleanup-plan-v1.json
758f793317dc5e6e5529e88490fd74a781a5897449a96b033de8f359efd562e7	5648	e2e-720e6c3d/cleanup-plan-v2.json
61f5f497bb485d1bdad179a9ba6553943527ad9325f22d042a085247bdb614b4	10845	e2e-720e6c3d/cleanup-v2-artifacts.json
311403f28d7c1d815115adb2633ba2476f34640160950411b7e5d6d56d45202d	11781	e2e-720e6c3d/cleanup-v2-evidence.json
31a91e1697dd42629e1a7f820652137697213df9489ebcc1595c935d8e955991	3145	e2e-720e6c3d/environment-final.json
b5006ce679100614fe5984ff5ab10d7b63842d7d6557b5a0b524ea547233aacf	7374	e2e-720e6c3d/metrics-summary.json
df8d45a6232ae09d48bd0e418f5e38d68cc413c5da6af705e4961e51e2faf07d	1000	e2e-720e6c3d/reuse-audit.json
d62ddbc84a5d1c240d0b68459fff7ca9604ca4cd2defb31917518db1ac62c3d3	5647	e2e-720e6c3d/312817e7-6e15-4eaf-9f51-ef8173a06840/plan.json
698c8996e8cd51bb262a6c7a2c9bc0a195d83bbc35c7482a856cd2a631e7f569	5779	e2e-720e6c3d/312817e7-6e15-4eaf-9f51-ef8173a06840/state.json
20e4e941bf53159112e371df692cc6482bbbe609cbad6db55d6901432af192d4	6281	e2e-720e6c3d/8e7a85be-911e-420d-a15c-e472d1f6c5ed/plan.json
f078eadee099d28c77a73a17c71cf13556b17c1f9755ef5fe94db76044b49d64	5301	e2e-720e6c3d/8e7a85be-911e-420d-a15c-e472d1f6c5ed/state.json
72d183233c323f3da71c4d56402c7d0f568d23adf2d4c12ebce2a9211ab7450c	5348	e2e-720e6c3d/cleanup-v1/cleanup-compressed.json
e90779216878bdde2fcaffcb687d10f63be23d9816b6ae0f27b69e3fb945d407	565	e2e-720e6c3d/cleanup-v1/cleanup-config-0.json
991ccd6cf46bd3fd77ba5ad8ac5e61e710244034cf6982b76ddf0cdbc0bd8f93	380	e2e-720e6c3d/cleanup-v1/cleanup-raw.json
92d6c1141d99c077ac33a0d8877ccaadb755950e19177e5af638af55db2b4644	4847	e2e-720e6c3d/cleanup-v1/events.jsonl
562d8a3b0c804cc80b83b979cfd211da3321b2c414f48862960b361f7d87df91	3530021	e2e-720e6c3d/cleanup-v1/metrics-baseline.json
eab67b1d71220f081728ff2ec69e649b1eb657fc463a751334d471956783474e	935	e2e-720e6c3d/cleanup-v1/result.json
b16044e22ead0aa4e2fc658ef4aa1b145877412a31f84b4bbc4d165d3d35445f	535	e2e-720e6c3d/cleanup-v1/volume.json
e3b0c44298fc1c149afbf4c8996fb92427ae41e4649b934ca495991b7852b855	0	e2e-720e6c3d/cleanup-v1/kikimr_working_dir/netData.tsv
44136fa355b3678a1146ad16f7e8649e94fb4fc21fe77e8310c060f61caaff8a	2	e2e-720e6c3d/cleanup-v1-supervisor/cleanup-before.json
f221e12124bbf2c8f3281e82922302fa041ff47e9844380aab58c19c5398f91e	819	e2e-720e6c3d/cleanup-v1-supervisor/identity.json
1c5933a7593fd253fbda7715a5067a59683158cedc3ec498495ba0d1a0569eea	57	e2e-720e6c3d/cleanup-v1-supervisor/processes.json
bed9448854dd13a7bf6d1cde1fa186d1e6f63bb28cba81cabebcfa2ec599eb9a	85	e2e-720e6c3d/cleanup-v1-supervisor/result.json
9daec5e142421389e6694033b9f1a3d5f296166be852abc3893ba8f94f9f7ac7	73	e2e-720e6c3d/cleanup-v2/cleanup-compaction.json
686d7aed116241e0b598e5c755307fa5c26edb3f376e8e79425af9939f7a0d4d	5348	e2e-720e6c3d/cleanup-v2/cleanup-compressed.json
5d36b6034126167b2a71546c6c3a380b8f1a0d6f937c7f600dee8cd0384761d4	603	e2e-720e6c3d/cleanup-v2/cleanup-config-0.json
5ebd078c47805a73dfa913f4f411619b71312e2d64637b2b8286bf2c276d91e2	380	e2e-720e6c3d/cleanup-v2/cleanup-raw.json
aa7760c008fb4553ec4272e1de62f9ca49f3a85e6cb5905375593981a6dbd9aa	87	e2e-720e6c3d/cleanup-v2/cleanup-scan.json
3fa9409d5354f3a5dbbc2e6d45807d065f43f94fb00e5fe74120b2fcaf01852e	139	e2e-720e6c3d/cleanup-v2/drain-000-parsed.json
562b56259ecb071b6cfe4809a8457591af0d143c85d1e18c28ea261adfd7cb06	17213	e2e-720e6c3d/cleanup-v2/events.jsonl
5664dc07d8f8edfaba5995c867868a91f639022bae1be06f4da38f94ccc80a9f	3530332	e2e-720e6c3d/cleanup-v2/metrics-after-GC-restart.json
62c15993d8cf8b2da2ab8efaa65eb6fe0589971675b2c4791b728f021ba75f59	3530351	e2e-720e6c3d/cleanup-v2/metrics-after-drain.json
50b4845951ea7e14e73e2d9df505aa2207f93a2cdde6445fcf9f28bec304eee6	3530021	e2e-720e6c3d/cleanup-v2/metrics-baseline.json
ed52daa97a1340f449859325ef11a87530fd80a03af71a36cf3a67bf6c127a0c	3635254	e2e-720e6c3d/cleanup-v2/metrics-queued-before-restart.json
3fa9409d5354f3a5dbbc2e6d45807d065f43f94fb00e5fe74120b2fcaf01852e	139	e2e-720e6c3d/cleanup-v2/queue-after-GC-restart-parsed.json
a0998a9b5cfc087e3fceab4bc0c9590676d725bc2f5a3de0e6632d11c9c5c0ba	1016	e2e-720e6c3d/cleanup-v2/queue-after-restart-parsed.json
70d33367c15244964eb733080fa2a6a630eeac04d597028e03d6183eee84b5ee	226	e2e-720e6c3d/cleanup-v2/queue-baseline-parsed.json
2ae78fcbe3fb97dad9159e04997443bf5ce56c3ac65f240ce94e651b04493f99	1625	e2e-720e6c3d/cleanup-v2/queue-before-restart-parsed.json
5006bc6ee3b2cfc2f2f82e1f192bd94a55eb558d02428b3bc0561b3aca1a6db4	186	e2e-720e6c3d/cleanup-v2/result.json
0ac7e4567746559d53e673e54b3c3eb2f03a96f8c7ecb1c9c70afc3acbf2cfd8	535	e2e-720e6c3d/cleanup-v2/volume.json
e3b0c44298fc1c149afbf4c8996fb92427ae41e4649b934ca495991b7852b855	0	e2e-720e6c3d/cleanup-v2/kikimr_working_dir/netData.tsv
44136fa355b3678a1146ad16f7e8649e94fb4fc21fe77e8310c060f61caaff8a	2	e2e-720e6c3d/cleanup-v2-supervisor/cleanup-before.json
6c756ab83114466bd159a578afddb77d99a738cf56897148b8e0d75a3d0e8040	819	e2e-720e6c3d/cleanup-v2-supervisor/identity.json
cd74867a32090a71fef77048ccaed584f54110b46b4544ba73ce09a1e7b8e026	57	e2e-720e6c3d/cleanup-v2-supervisor/processes.json
c84f7b20275bebdf6005a8e51af3dc011f1e2f76696e3474d981acff9a65d1b5	84	e2e-720e6c3d/cleanup-v2-supervisor/result.json
a70d96d73506391b367f04c147615bfb3ca933ee19cf9044e3c9717a59b456b5	135	e2e-720e6c3d/guard-selftest/selftest.json
44136fa355b3678a1146ad16f7e8649e94fb4fc21fe77e8310c060f61caaff8a	2	e2e-720e6c3d/guard-selftest/failure/cleanup-before.json
53d0aa0a4a7745a411e1848842a2df567da9f381ac7dbda0e3fccac71383c96c	486	e2e-720e6c3d/guard-selftest/failure/identity.json
7aafcdc45e3756a64b9174148145f124357f7f201c956b6b550538b630963704	57	e2e-720e6c3d/guard-selftest/failure/processes.json
4f0e2a56d1eb7f98513e9ad95fd15e2d4998bc28693a4c31e515151065650998	85	e2e-720e6c3d/guard-selftest/failure/result.json
3fd911bf97bfc16236a9ee37161294ff4f31f8efbf7c96fc3c8306bf540fa1a7	57	e2e-720e6c3d/guard-selftest/lostpid/cleanup-before.json
49ff8c0d8e61e3feed5e0bba7c52886992dcb08004d2506bb41a7e012ff2c182	690	e2e-720e6c3d/guard-selftest/lostpid/identity.json
d23f22344cc40ef8de622d694da682a416634cd3b6e9143fa3b752907cee70ae	85	e2e-720e6c3d/guard-selftest/lostpid/result.json
44136fa355b3678a1146ad16f7e8649e94fb4fc21fe77e8310c060f61caaff8a	2	e2e-720e6c3d/guard-selftest/normal/cleanup-before.json
0afccadf090e335d6ac35a1c2012d2d472801f061b2c17eed8bad3a4d7582086	482	e2e-720e6c3d/guard-selftest/normal/identity.json
e211e9b9f7eb1cb4bcc30b7b72f1479f46662b2206c70a28ace34ddb0908d0f9	57	e2e-720e6c3d/guard-selftest/normal/processes.json
917f4147a7df0c7400792071cc5e79d2b14d706784df90e4324c045da5b9589a	85	e2e-720e6c3d/guard-selftest/normal/result.json
7a63ca1ffade40b7c4b88f8a9402db2c4371fc63dce52f69d38c737045a7484f	57	e2e-720e6c3d/guard-selftest/parentdeath/cleanup-before.json
d34e75cec5a334f688ddbdfeb35bc55fcb9b6e8fd408cbbd469e72834cab0d1b	532	e2e-720e6c3d/guard-selftest/parentdeath/identity.json
f3512cf218872b05eafe96067bd84dd534533f6145c3cad1588e871496132060	57	e2e-720e6c3d/guard-selftest/parentdeath/processes.json
193ba5fa8c5edc93f65e88b3b25ac8f44948993776e1f36e7d4297cf67275f6d	85	e2e-720e6c3d/guard-selftest/parentdeath/result.json
741cc4dfe6928a269f4279530ded9a70164440345c0fbdc318fdbd9dd195a4e0	8440	e2e-809f1913/audit.json
4e0bf5907cbf6bc95fd21e690f26ab27c47a98fafc1c57ba51c2f2fa1be1b905	2633	e2e-81f363da/audit-result.json
cf0af87db6f7f74de9ef9fa4567e6e5ca6f07ccffe99e66942402a59afceee07	5644	e2e-81f363da/environment.json
02e0172959dcf43fd0819b156c1082f88852cf9d80fffd55268d42b5c5b6bae8	4217	e2e-81f363da/final-evidence.json
348f3f9c2213452698e36b1afb11f4940f48aade878fca76c58daa3a0a646055	5988	e2e-81f363da/plan.json
3a4afc04e1159f0e2a5a425a1465a29a23b6d3cfc4e14db710ad1cc996748926	244	e2e-81f363da/untrusted-policy.json
564dea02eb8a36f391dda86f7e135ddc2085f38a13036ad8ab960e21f7db174e	5987	e2e-81f363da/f16e6478-cd4c-41ca-86b9-d3ef61556d9d/plan.json
bf60a85fc6e6cc9fd123e341fecbd9ad733fc27f7d3d214f4caa1ae3262b8170	9131	e2e-81f363da/f16e6478-cd4c-41ca-86b9-d3ef61556d9d/state.json
e3b0c44298fc1c149afbf4c8996fb92427ae41e4649b934ca495991b7852b855	0	e2e-81f363da/f16e6478-cd4c-41ca-86b9-d3ef61556d9d/toolchain-environment.stderr
a965e3a791f8b060f6be7a6dad8fee5f57072f17fea0a1132d922cf47f57eb5c	500	e2e-81f363da/f16e6478-cd4c-41ca-86b9-d3ef61556d9d/toolchain-environment.stdout
ab3ad56535ae539ff472fa1785079d13908ccb5467f7268b8959c33af0f967ca	8461	e2e-95eef9e9/audit.json
1b36edd4b94c5301c299afa81e85af06a2714906df696ad9dd7e1199bbc16168	20791	e2e-a99f5802/audit.json
272d1376f5e05e5b25a759559ca09334b259b3b97d475b3c85098467d66b8de5	6268	e2e-a9b790cd/concurrent-plan-v1.json
a50119db7887c47bc8edb75c9ca7cd365a25544b5b293015db589ba7fc88c634	3233	e2e-a9b790cd/environment-final.json
f944c2cff412eb5e6c6964ec87d7709cf3a9ab5997dfd41a01bf3c1cb053dd2d	15926	e2e-a9b790cd/evidence.json
80d77d6879acf4e90db3382b27d60640b376c10f17e00f3763274804f3026550	11733	e2e-a9b790cd/failure-log-excerpt.json
a143f88cb55f5a030a8744a29d93f5197d736d0452c956c4b3cffbac8f315a72	1475	e2e-a9b790cd/reuse-audit.json
f06f90cea52fa9618042a1d8daf5c7621f7bb5cb926cc3484050ba8d192f20ef	6589	e2e-a9b790cd/triage.json
272d1376f5e05e5b25a759559ca09334b259b3b97d475b3c85098467d66b8de5	6268	e2e-a9b790cd/79d6d140-aab6-4862-a0e1-7263f72b04d4/plan.json
f82d74e534c98472d3acc334b9c2d3f42fae8b1b2dfed7c440640cbb523350cb	5373	e2e-a9b790cd/79d6d140-aab6-4862-a0e1-7263f72b04d4/state.json
d4dfe59b8d126d007462b000ff303f0099fb99ced998ab7259a49fa5cc12a379	645	e2e-a9b790cd/concurrent-v1/0-config-0.json
86d26d2bf52c96afed9b644b167c4b95313152e7ef5756b50c171c60a8cc7aa7	10303	e2e-a9b790cd/concurrent-v1/0-mixed-before.json
4d65aff78a649e18e432e70f0c5a8e67f17571babc51e19535c4c0a9cc4f8c57	5604	e2e-a9b790cd/concurrent-v1/0-seed.json
d4dfe59b8d126d007462b000ff303f0099fb99ced998ab7259a49fa5cc12a379	645	e2e-a9b790cd/concurrent-v1/1-config-0.json
345ca84db811bfa7739bb2bff2941a29a4b273c19070565983da299368576f20	10303	e2e-a9b790cd/concurrent-v1/1-mixed-before.json
8960f868af77c9a3d92b428a41f5782ca5a62d336236b8710bae3f4da7bc5067	5604	e2e-a9b790cd/concurrent-v1/1-seed.json
d4dfe59b8d126d007462b000ff303f0099fb99ced998ab7259a49fa5cc12a379	645	e2e-a9b790cd/concurrent-v1/2-config-0.json
2f13e434157aced71fbe61413e8b2857063e44ace790090469c750ef06e2afeb	10303	e2e-a9b790cd/concurrent-v1/2-mixed-before.json
61496c62be52932ba64050118b620fb59e2872b681f24eb9fb7d576164e1a354	5604	e2e-a9b790cd/concurrent-v1/2-seed.json
d4dfe59b8d126d007462b000ff303f0099fb99ced998ab7259a49fa5cc12a379	645	e2e-a9b790cd/concurrent-v1/3-config-0.json
2efd0a37404952820b2432cc125d426db5d647f5a14b2542109856c22286abac	10303	e2e-a9b790cd/concurrent-v1/3-mixed-before.json
842bd3d7fb420548ef0f3be7b7208669a249fd5b5c472d184f97d12f15ed663b	5604	e2e-a9b790cd/concurrent-v1/3-seed.json
d4dfe59b8d126d007462b000ff303f0099fb99ced998ab7259a49fa5cc12a379	645	e2e-a9b790cd/concurrent-v1/4-config-0.json
55e3fa3202d77ae862fb8eb4e5fd0dab0e82c3f89d918beeb6b9de1846079816	10303	e2e-a9b790cd/concurrent-v1/4-mixed-before.json
7e852a3668d4dad77c5de6986e84a9e20c276a99d6201cea25c6fd11f4b50f6f	5604	e2e-a9b790cd/concurrent-v1/4-seed.json
d4dfe59b8d126d007462b000ff303f0099fb99ced998ab7259a49fa5cc12a379	645	e2e-a9b790cd/concurrent-v1/5-config-0.json
de81ac32376976acb124a51b4aed50083643264a769627b4dfd22fb25e862061	10303	e2e-a9b790cd/concurrent-v1/5-mixed-before.json
a8ab24cd5ed78b2fcbda986069d74e15bb988b4d47d717b1622c3c05a7d7f232	5604	e2e-a9b790cd/concurrent-v1/5-seed.json
d4dfe59b8d126d007462b000ff303f0099fb99ced998ab7259a49fa5cc12a379	645	e2e-a9b790cd/concurrent-v1/6-config-0.json
a210da671c1451989a62079a06139b329d0cecfeee11a7ab42dd9e9b7787fd28	10303	e2e-a9b790cd/concurrent-v1/6-mixed-before.json
bb2e4f35aab16fcf4e53d000797f899ca7de814f7806be980c36204e3c28ff32	5604	e2e-a9b790cd/concurrent-v1/6-seed.json
d4dfe59b8d126d007462b000ff303f0099fb99ced998ab7259a49fa5cc12a379	645	e2e-a9b790cd/concurrent-v1/7-config-0.json
2d1a11e533a1b6a7b3e97c409ca6da3f14a32a279f95675302f12be473d28aef	10303	e2e-a9b790cd/concurrent-v1/7-mixed-before.json
3835b87e4fc9328f2454a96d3c04eb3b42f3f7c92666f36337327bee671d6f55	5604	e2e-a9b790cd/concurrent-v1/7-seed.json
25f5e666658bec1142e6b7f2fde4b619bfa0fa391e25a212875b7d29e5715a94	972705	e2e-a9b790cd/concurrent-v1/events.jsonl
1ef0a0ef544a11668056599086deb1f05a882852ea39adb99f74c1455d3b5e6d	3438879	e2e-a9b790cd/concurrent-v1/metrics-baseline.json
df117d54fa117ca9984c750a105755da5ae43cf415ac09ae536ac7c656a34af9	4798923	e2e-a9b790cd/concurrent-v1/metrics-before-concurrent.json
906421f908456f4f9187330f96bd7453e0cdb2f3b035c2e5acea53def00f6a3c	751697	e2e-a9b790cd/concurrent-v1/metrics-series.jsonl
afab69c2785d6547964b5e37c230c9bb25716f84def318515f5401d058aa6938	1223	e2e-a9b790cd/concurrent-v1/result.json
e3b0c44298fc1c149afbf4c8996fb92427ae41e4649b934ca495991b7852b855	0	e2e-a9b790cd/concurrent-v1/kikimr_working_dir/netData.tsv
44136fa355b3678a1146ad16f7e8649e94fb4fc21fe77e8310c060f61caaff8a	2	e2e-a9b790cd/concurrent-v1-supervisor/cleanup-before.json
9f90dc0dad7318620a21d8319f4704a63cea67319229d6a078ab4e2cb97498d9	825	e2e-a9b790cd/concurrent-v1-supervisor/identity.json
9f547752e27ce050633d5547539483f129f41c84bb7b48bfcb05530376d5adaa	57	e2e-a9b790cd/concurrent-v1-supervisor/processes.json
bfb32c3efdd9809337946fc8f3e69cd45edace0bac386c34f6f04f3fb9848417	85	e2e-a9b790cd/concurrent-v1-supervisor/result.json
a70d96d73506391b367f04c147615bfb3ca933ee19cf9044e3c9717a59b456b5	135	e2e-a9b790cd/guard-selftest/selftest.json
44136fa355b3678a1146ad16f7e8649e94fb4fc21fe77e8310c060f61caaff8a	2	e2e-a9b790cd/guard-selftest/failure/cleanup-before.json
1911341e7210fd1d267390ff84ebbfbeee8edd758a2420e3f833f370af5a8a6c	486	e2e-a9b790cd/guard-selftest/failure/identity.json
5b0825d073e0a4d17cd474576a5e3e0b9d80469ac02ba0354e176d819e9c5379	57	e2e-a9b790cd/guard-selftest/failure/processes.json
00b7a35f0463d1feafeaeec457873c9bed91095886ee9f90fe2b6dfdcb97aa16	84	e2e-a9b790cd/guard-selftest/failure/result.json
cb03442bca79d9be4d272679072eaf6554993cd9810d501daee65ed02844bfea	57	e2e-a9b790cd/guard-selftest/lostpid/cleanup-before.json
1692254f69e643c072dac1a7797ad984cf7a136b387419d82787aae06c27e9ae	692	e2e-a9b790cd/guard-selftest/lostpid/identity.json
16d5691e73734c798c55fc60316b8fc15f279837471249ca39dcebd35cc2972c	85	e2e-a9b790cd/guard-selftest/lostpid/result.json
44136fa355b3678a1146ad16f7e8649e94fb4fc21fe77e8310c060f61caaff8a	2	e2e-a9b790cd/guard-selftest/normal/cleanup-before.json
834c1d6acd12f047f2601ba0ee624e7923f0cda6ffb879c660286f841d232d92	482	e2e-a9b790cd/guard-selftest/normal/identity.json
fa01b96b5c27642a286520c6a6a07658db88bca1570b99344b4ddddb7a77105d	57	e2e-a9b790cd/guard-selftest/normal/processes.json
0e3a349709ec2a83508b33f890df535453448546277bc7702f9464ba95408677	84	e2e-a9b790cd/guard-selftest/normal/result.json
c9c4b1e884c3b173ae2791196ed5827a396ba6a9dbd82e3b363df57f224a5a0a	57	e2e-a9b790cd/guard-selftest/parentdeath/cleanup-before.json
1c4e0b570bc8e899c5bd2f8ca729d16727d4a967075f76741806a73beae3db11	531	e2e-a9b790cd/guard-selftest/parentdeath/identity.json
51654b79ff20f43efd7e519d30cee059536310997a87eda8b1b35fe81193d78e	57	e2e-a9b790cd/guard-selftest/parentdeath/processes.json
389763755feac78607b00fd1ff83db1c5d55298cee081131e93f69bd9c0bc037	85	e2e-a9b790cd/guard-selftest/parentdeath/result.json
506e83932fd432e37f5f4b33a68235439edefba8b8ec43a0d1f1e5a226acd6b8	84824	e2e-b2f4eac0/evidence.json
5cfdabbdb649781cebc5ea1fc611af343e9eb667075ad74354a68902d8d6a68d	8415	e2e-b2f4eac0/plan.json
bd476af1fdd513e64d85497a8ecef77f706b45f4ed8d3b4507ae4f9670d2ea03	8414	e2e-b2f4eac0/62be9503-27c8-437d-a5a0-52f685c676ab/plan.json
0655dcbc6b10069d76233bb70c127e787762a9aeb3af68517f190000eacb544a	11593	e2e-b2f4eac0/62be9503-27c8-437d-a5a0-52f685c676ab/state.json
e3b0c44298fc1c149afbf4c8996fb92427ae41e4649b934ca495991b7852b855	0	e2e-b2f4eac0/62be9503-27c8-437d-a5a0-52f685c676ab/toolchain-environment.stderr
a965e3a791f8b060f6be7a6dad8fee5f57072f17fea0a1132d922cf47f57eb5c	500	e2e-b2f4eac0/62be9503-27c8-437d-a5a0-52f685c676ab/toolchain-environment.stdout
54a0d0108813545b3bcced5621e69c6782026e6f332c86eca819e55ab0197081	5634	e2e-b2f4eac0/bsgroup-v1/bsgroup-compressed-restored.json
54a0d0108813545b3bcced5621e69c6782026e6f332c86eca819e55ab0197081	5634	e2e-b2f4eac0/bsgroup-v1/bsgroup-compressed.json
7221271351beecdad7457fe43e98a703865edcdee4e5be216df211cdee6bb5c8	834	e2e-b2f4eac0/bsgroup-v1/bsgroup-config-0.json
4d17090489f6953aa5490562d63a7278d6f4ef3cf81ce7e25cfad8cdeed46181	380	e2e-b2f4eac0/bsgroup-v1/bsgroup-raw-restored.json
4d17090489f6953aa5490562d63a7278d6f4ef3cf81ce7e25cfad8cdeed46181	380	e2e-b2f4eac0/bsgroup-v1/bsgroup-raw.json
a7ee2ba857afe9c9aa81dad0313e71c82804534a0833b333d4af8574bd525ead	87	e2e-b2f4eac0/bsgroup-v1/bsgroup-scan.json
c59e2fd3dd4730ced968a2f3ed9eedd0314f545081b5a1fa7e70bc141275e8cf	10943	e2e-b2f4eac0/bsgroup-v1/events.jsonl
b14a927013e6472fea47619084db5837b8e8d5b92b192ae1fa5f2a80d9724613	3530050	e2e-b2f4eac0/bsgroup-v1/metrics-after-restore.json
f6498ebe2232532a58ae7a1075448194a8e32e45b055055e7d626036e6dbf723	3530319	e2e-b2f4eac0/bsgroup-v1/metrics-before-failure.json
d443af69186418574e2c8e4826eac52be2809a52230a504dc7447ccc61c8b508	394	e2e-b2f4eac0/bsgroup-v1/pdisks-info.json
24d28ca1691216529f5dc58b209b2925dec223dee2c2aa4b5c4de9f678b827dd	1161	e2e-b2f4eac0/bsgroup-v1/result.json
e3b0c44298fc1c149afbf4c8996fb92427ae41e4649b934ca495991b7852b855	0	e2e-b2f4eac0/bsgroup-v1/kikimr_working_dir/netData.tsv
a70d96d73506391b367f04c147615bfb3ca933ee19cf9044e3c9717a59b456b5	135	e2e-b2f4eac0/bsgroup-v1-guard-selftest/selftest.json
44136fa355b3678a1146ad16f7e8649e94fb4fc21fe77e8310c060f61caaff8a	2	e2e-b2f4eac0/bsgroup-v1-guard-selftest/failure/cleanup-before.json
0605ced1bbba66bc12948a116cf8183ccb7c4264560db39bea5281802535f620	484	e2e-b2f4eac0/bsgroup-v1-guard-selftest/failure/identity.json
cfe4f7035364f38c86f17da7817f64b5f769fda908a1cdff848022c53ab3fb5a	57	e2e-b2f4eac0/bsgroup-v1-guard-selftest/failure/processes.json
f367140dbf215e4f4aad1eea356932d215da20c6fd2ad60738c47d98b1fef5ed	85	e2e-b2f4eac0/bsgroup-v1-guard-selftest/failure/result.json
a2d8922f2ae7ebec7db15fc522b787227fe971cc501c5e6c360432a7b6c9bc11	57	e2e-b2f4eac0/bsgroup-v1-guard-selftest/lostpid/cleanup-before.json
96f45e1f25ddd0a2a29dc3ca6217ca894dadd909c8184fd9fb89b28208388f5f	703	e2e-b2f4eac0/bsgroup-v1-guard-selftest/lostpid/identity.json
77b7d20b6c96cf8e2da36b76712c2daf3c3a85725eefdcf904f00305e9cff1c7	84	e2e-b2f4eac0/bsgroup-v1-guard-selftest/lostpid/result.json
44136fa355b3678a1146ad16f7e8649e94fb4fc21fe77e8310c060f61caaff8a	2	e2e-b2f4eac0/bsgroup-v1-guard-selftest/normal/cleanup-before.json
5cfde5e114deb58efcc846eea25e4ec254a8ca9810ef676698c33e7f70eb0d88	482	e2e-b2f4eac0/bsgroup-v1-guard-selftest/normal/identity.json
38862c60b1f35563f8e23145d8e2ad1bb6bccc9b6121581e6003a927a94d54b8	57	e2e-b2f4eac0/bsgroup-v1-guard-selftest/normal/processes.json
a382020fee36850a9ee96d073f4024f394408564db738df2811ee201b4f4a0cd	85	e2e-b2f4eac0/bsgroup-v1-guard-selftest/normal/result.json
3b6648977760a96e594aa111ed7e6ae1f69f3afea578b740e7f14078e1f69826	57	e2e-b2f4eac0/bsgroup-v1-guard-selftest/parentdeath/cleanup-before.json
ee99bd1aa0431749fbfc60c3397420f4fc150099756c7c1b2a486bc1d6f6e1a3	531	e2e-b2f4eac0/bsgroup-v1-guard-selftest/parentdeath/identity.json
ccf3cb41dd533eaecf8fed37d1fdfbc951f8579b6b6e89e2564f7505be755365	57	e2e-b2f4eac0/bsgroup-v1-guard-selftest/parentdeath/processes.json
abb93170f1ac8b573378a7d905ee59370ab2af66a80f8561d14b1145f5651f62	85	e2e-b2f4eac0/bsgroup-v1-guard-selftest/parentdeath/result.json
44136fa355b3678a1146ad16f7e8649e94fb4fc21fe77e8310c060f61caaff8a	2	e2e-b2f4eac0/bsgroup-v1-supervisor/cleanup-before.json
9a53bae6890ae4a3e62dc34ac5a17ebe83d88baf68a29c5a9f080751f9457447	842	e2e-b2f4eac0/bsgroup-v1-supervisor/identity.json
8ec6b60bbf6d60c192855df8d131eda09b36a4c072456e8b7549446b03d9344e	57	e2e-b2f4eac0/bsgroup-v1-supervisor/processes.json
6b50439e4d0f6c184871a25220a98440c812b0a7bc65f6db07797413689dc4b7	85	e2e-b2f4eac0/bsgroup-v1-supervisor/result.json
22fd92b707707f180d037b66ed9c41b1f34917db61d4e64df7ed4e4d38643a99	8677	e2e-bd3db1a8/audit.json
e0809e5b6f77b4d6acd6d46e80cc1380872c054864ec6e7059e44cb666e25bc6	20635	e2e-bf9ae6b2/audit.json
82c71b9577aa5928941426fbd7285f9c947dcd42b6aec09adc03c0378df183b0	4009	e2e-bf9ae6b2/probes.json
c727a5b4654982463189c5dc160b50da9b5f97ba301e28d645de7223506b4541	2996	e2e-d1c9d912/environment.json
470723e3542ad1dddc8338f292b100bf83f77073e0695d5f3ba6854ce9dc9974	27855	e2e-d1c9d912/evidence.json
8bb23666be563e0a6ad1467e703705624fb5494e1bde104944027aa326daffc3	8671	e2e-d1c9d912/plan.json
dc351ba4f886a9f06b896c4d7b3fbedf0f8d0cc669e95aec5e0ace9807db68ae	8670	e2e-d1c9d912/c11b6f61-4d5b-4de4-bc5d-38a9024e446b/plan.json
8859b3eebe6799367c82450c03866142e38d544991090076c8ed7b7e3101ef65	11668	e2e-d1c9d912/c11b6f61-4d5b-4de4-bc5d-38a9024e446b/state.json
e3b0c44298fc1c149afbf4c8996fb92427ae41e4649b934ca495991b7852b855	0	e2e-d1c9d912/c11b6f61-4d5b-4de4-bc5d-38a9024e446b/toolchain-environment.stderr
a965e3a791f8b060f6be7a6dad8fee5f57072f17fea0a1132d922cf47f57eb5c	500	e2e-d1c9d912/c11b6f61-4d5b-4de4-bc5d-38a9024e446b/toolchain-environment.stdout
0bbe741af5d9eb118a8be9edad88fc143af5571f8509a782a1f15660b148c39a	5631	e2e-d1c9d912/corrupt-large-v1/bsgroup-compressed-restored.json
0bbe741af5d9eb118a8be9edad88fc143af5571f8509a782a1f15660b148c39a	5631	e2e-d1c9d912/corrupt-large-v1/bsgroup-compressed.json
3a2110b20a186f66a107393f34dafae5457bd5ff72b8c661c449e4feb0eeb9d7	933	e2e-d1c9d912/corrupt-large-v1/bsgroup-config-0.json
2591f2b410540859813d7c38fe4b8179720a1ab76c13c218f6ab0fdbaa25833b	376	e2e-d1c9d912/corrupt-large-v1/bsgroup-raw-restored.json
2591f2b410540859813d7c38fe4b8179720a1ab76c13c218f6ab0fdbaa25833b	376	e2e-d1c9d912/corrupt-large-v1/bsgroup-raw.json
a7ee2ba857afe9c9aa81dad0313e71c82804534a0833b333d4af8574bd525ead	87	e2e-d1c9d912/corrupt-large-v1/bsgroup-scan.json
26e2ccbd9340456017bb4fe774fe1e5ede6deaa999ea2f7e34b53bc14d2c63c7	28481	e2e-d1c9d912/corrupt-large-v1/events.jsonl
a054cefe6c2add058001eb7f956d6be32cef223d7096cc7c4638174aea6c9e7c	209	e2e-d1c9d912/corrupt-large-v1/fault-intent.json
4313f8cf237d75a3be1bd118e63ea1ccf53c29793aedff581f4a93c2ee7f091d	3531253	e2e-d1c9d912/corrupt-large-v1/metrics-after-restore.json
241d89b11d8fc41984f080f34352e71c8f93401f5b2559826bd777d18b0aba73	3531533	e2e-d1c9d912/corrupt-large-v1/metrics-before-failure.json
df95a9b7ec39488911c8e3afc17faf3b89bed8b7291b915849265fb9eb5dd0f0	2142	e2e-d1c9d912/corrupt-large-v1/payload-locations.json
612ae1aff79cf5f0f5df6818d2c3f756e4b24a272f3f5a7f04adfc9f219a821a	406	e2e-d1c9d912/corrupt-large-v1/pdisks-info.json
6a72d5b2ca514269abf933dcec97fce3edfeea5b4e09bb0db2bb2b1257d4e8ac	646	e2e-d1c9d912/corrupt-large-v1/result.json
7ca89fd99db905abc809c9fe4ff28873aa6784c607b7038d7d3e9b33505d0695	245	e2e-d1c9d912/corrupt-large-v1/scan-while-first-block-corrupt.json
e3b0c44298fc1c149afbf4c8996fb92427ae41e4649b934ca495991b7852b855	0	e2e-d1c9d912/corrupt-large-v1/kikimr_working_dir/netData.tsv
a70d96d73506391b367f04c147615bfb3ca933ee19cf9044e3c9717a59b456b5	135	e2e-d1c9d912/corrupt-large-v1-guard-selftest/selftest.json
44136fa355b3678a1146ad16f7e8649e94fb4fc21fe77e8310c060f61caaff8a	2	e2e-d1c9d912/corrupt-large-v1-guard-selftest/failure/cleanup-before.json
05342db63195d4fc3c436a14f70e74acd4d7748bdd02cd197f4ce69bf9a16f76	487	e2e-d1c9d912/corrupt-large-v1-guard-selftest/failure/identity.json
51110ef02cee3c47a635120460b7b3847a59f425060f32df8b4f0a148d8e9db3	57	e2e-d1c9d912/corrupt-large-v1-guard-selftest/failure/processes.json
e7b0630321794587dd59a1da843299fcab0e6bc2f605f2a4117a6301addae65e	85	e2e-d1c9d912/corrupt-large-v1-guard-selftest/failure/result.json
e3d01d36ca9750c4104d211d9806d7973a248458648bb8fb298c49270e387f0a	57	e2e-d1c9d912/corrupt-large-v1-guard-selftest/lostpid/cleanup-before.json
f718b104969323bf65880e2f6eb15f4e7c9beba92939e677b864890437a80e45	709	e2e-d1c9d912/corrupt-large-v1-guard-selftest/lostpid/identity.json
d52ab10a348a91b659bea43be155c6a3dc23107e78cd22408c26ea9a40d443e3	85	e2e-d1c9d912/corrupt-large-v1-guard-selftest/lostpid/result.json
44136fa355b3678a1146ad16f7e8649e94fb4fc21fe77e8310c060f61caaff8a	2	e2e-d1c9d912/corrupt-large-v1-guard-selftest/normal/cleanup-before.json
3e31326b64f3eafe901c8559f2828373165f0d86dec04222b1792720350e565a	482	e2e-d1c9d912/corrupt-large-v1-guard-selftest/normal/identity.json
dd6a53bdf7a0b5dcdff9aa750db9d2bd8f2cc16940e3b300bfc60309d5183ace	57	e2e-d1c9d912/corrupt-large-v1-guard-selftest/normal/processes.json
26a59bf613b8b13ea39dd98521459675a67dba4cbdc89b82769db289faedce8e	85	e2e-d1c9d912/corrupt-large-v1-guard-selftest/normal/result.json
fd61b14fd20b2b056cbeb0cfee2afb5aca1f068076d83438c0a866947122b74e	57	e2e-d1c9d912/corrupt-large-v1-guard-selftest/parentdeath/cleanup-before.json
3af66c52730f5105130cd4b83e923715708c0210a659f984668e11aaea7808c7	531	e2e-d1c9d912/corrupt-large-v1-guard-selftest/parentdeath/identity.json
540c81cc0557511cfcf9d4c1d93a8522ccb2962fc4ff14669c596b85f107ebf0	57	e2e-d1c9d912/corrupt-large-v1-guard-selftest/parentdeath/processes.json
62808e1e564a235571727a75db03d755a8371f04b9cdb8db2f2c80671545601a	85	e2e-d1c9d912/corrupt-large-v1-guard-selftest/parentdeath/result.json
44136fa355b3678a1146ad16f7e8649e94fb4fc21fe77e8310c060f61caaff8a	2	e2e-d1c9d912/corrupt-large-v1-supervisor/cleanup-before.json
f4f64761a1c445c7a09cd7ea568f58a85c9421248edfc6d34bcd0a8f377a3e18	854	e2e-d1c9d912/corrupt-large-v1-supervisor/identity.json
0731ac70d8710f84f90fe7c739bd9e6a554c0b0834091d2c95114545baf1d6ec	57	e2e-d1c9d912/corrupt-large-v1-supervisor/processes.json
02ac45148f22dda54c1880f20cd67a1b4d54a0ed8927e38893792d82fa0f3a89	85	e2e-d1c9d912/corrupt-large-v1-supervisor/result.json
9dee2e7883b580e06f760eaf6719c11973703f371374211d6c3294f03c4e24fa	34684	e2e-d3cf92ff/evidence.json
ecb509f65304d5fcf2cf6a4b62b8bd625cd6757d643bb4e88ec8084e430ac256	9117	e2e-d3cf92ff/plan.json
3cb3236392eca4f7d32ab501f63fc66026fea582108c77f300cbff406190ab5d	9116	e2e-d3cf92ff/0465fab7-dcf7-4cd6-81cf-9b59932ce7da/plan.json
7d9443f2f8317d3ba4a847b34fa4281ddfd91b61da08053f80d0c7a1cb7c140d	11700	e2e-d3cf92ff/0465fab7-dcf7-4cd6-81cf-9b59932ce7da/state.json
e3b0c44298fc1c149afbf4c8996fb92427ae41e4649b934ca495991b7852b855	0	e2e-d3cf92ff/0465fab7-dcf7-4cd6-81cf-9b59932ce7da/toolchain-environment.stderr
a965e3a791f8b060f6be7a6dad8fee5f57072f17fea0a1132d922cf47f57eb5c	500	e2e-d3cf92ff/0465fab7-dcf7-4cd6-81cf-9b59932ce7da/toolchain-environment.stdout
2bf0a9b1eafc6ff4527dd2d61e62a83f25f97327bf70032e021ba63c79d75b56	5631	e2e-d3cf92ff/corrupt-compaction-v1/bsgroup-after-corrupt-compaction.json
376244cd5a34cdf975cf87a3b47761417de7c6bb31f78130b7659de79fc8014e	5631	e2e-d3cf92ff/corrupt-compaction-v1/bsgroup-after-restored-compaction.json
2bf0a9b1eafc6ff4527dd2d61e62a83f25f97327bf70032e021ba63c79d75b56	5631	e2e-d3cf92ff/corrupt-compaction-v1/bsgroup-before-corrupt-compaction.json
2bf0a9b1eafc6ff4527dd2d61e62a83f25f97327bf70032e021ba63c79d75b56	5631	e2e-d3cf92ff/corrupt-compaction-v1/bsgroup-compressed-restored.json
2bf0a9b1eafc6ff4527dd2d61e62a83f25f97327bf70032e021ba63c79d75b56	5631	e2e-d3cf92ff/corrupt-compaction-v1/bsgroup-compressed.json
3a2110b20a186f66a107393f34dafae5457bd5ff72b8c661c449e4feb0eeb9d7	933	e2e-d3cf92ff/corrupt-compaction-v1/bsgroup-config-0.json
09879a5d60993ad896051101504912d42dd7e2bcc16957b5019f6fd27e80be61	376	e2e-d3cf92ff/corrupt-compaction-v1/bsgroup-raw-restored.json
09879a5d60993ad896051101504912d42dd7e2bcc16957b5019f6fd27e80be61	376	e2e-d3cf92ff/corrupt-compaction-v1/bsgroup-raw.json
9cdafd73d88311c70c1f3381b9392bd56e9abbf7c77932f31772ac2f8d3cfb7f	87	e2e-d3cf92ff/corrupt-compaction-v1/bsgroup-scan.json
5a5e327eb89edde4db93e720bb44a7cd2182c28b542d23a67171fdca7f3d41a7	75	e2e-d3cf92ff/corrupt-compaction-v1/corrupt-compaction-admission.json
aba08048e121e7c32746e538755344821122d82703e5b8d2ee30fad83819e293	1235	e2e-d3cf92ff/corrupt-compaction-v1/corrupt-compaction-diagnostics.json
a6a501ef76fcfdbfa0b705208ff92251347697056d8c147d1e2f1d87d662ec80	309	e2e-d3cf92ff/corrupt-compaction-v1/corrupt-compaction-status.json
9a7448ce4ab0a72d7aa24688d4195f1bcf5c9f0d0a16f7019ec9f8dcab2cd36f	31824	e2e-d3cf92ff/corrupt-compaction-v1/events.jsonl
ffae582be2c655538a4edd53fcb59595a07d900f7679c2acb00dfa2c1dfb5fe4	214	e2e-d3cf92ff/corrupt-compaction-v1/fault-intent.json
8ed2899fd60d285119276bbd28aa46dc679aed329166cba55a64a177a6b0d2f7	2309	e2e-d3cf92ff/corrupt-compaction-v1/independent-triage.json
3fcdd807c3409306065d32e9a040d3cd16741bca9a10c9007b0267a6643bba9c	3532267	e2e-d3cf92ff/corrupt-compaction-v1/metrics-after-restore.json
48a612e594b578b33e863ed251be84c58816f2e3cd09b8b401fea9db985f69d4	3532524	e2e-d3cf92ff/corrupt-compaction-v1/metrics-before-failure.json
f490e2dd9117309a4fc82ff3c524c58b77ff307ca70f3b1ecdaaf3da1f50e4e8	2147	e2e-d3cf92ff/corrupt-compaction-v1/payload-locations.json
ce646091c79db3c53c213d2ff36adb85feffe82b378f3809b2dad827d9a69dd0	416	e2e-d3cf92ff/corrupt-compaction-v1/pdisks-info.json
26427df97f77d11f9b00daffbcddcf179984f66f76c38e86a3d1b46f410127de	73	e2e-d3cf92ff/corrupt-compaction-v1/restored-compaction-status.json
21b8f493c372a6db07df38e7d2fa55cf7c2b389352ba1af4582b9b60ab731323	2487	e2e-d3cf92ff/corrupt-compaction-v1/result.json
7ca89fd99db905abc809c9fe4ff28873aa6784c607b7038d7d3e9b33505d0695	245	e2e-d3cf92ff/corrupt-compaction-v1/scan-while-first-block-corrupt.json
e3b0c44298fc1c149afbf4c8996fb92427ae41e4649b934ca495991b7852b855	0	e2e-d3cf92ff/corrupt-compaction-v1/kikimr_working_dir/netData.tsv
a70d96d73506391b367f04c147615bfb3ca933ee19cf9044e3c9717a59b456b5	135	e2e-d3cf92ff/corrupt-compaction-v1-guard-selftest/selftest.json
44136fa355b3678a1146ad16f7e8649e94fb4fc21fe77e8310c060f61caaff8a	2	e2e-d3cf92ff/corrupt-compaction-v1-guard-selftest/failure/cleanup-before.json
8b2435ec865879c5d30bd12744ea72d49d5e3158fc40b46831631ddcc4d3964f	486	e2e-d3cf92ff/corrupt-compaction-v1-guard-selftest/failure/identity.json
acc92a5ba46b08ff8b0b83ac58eb499f8057a90c16b27e69de51679101985a4c	57	e2e-d3cf92ff/corrupt-compaction-v1-guard-selftest/failure/processes.json
8da9df2176e6708164d1908912d89244f52b04a0fe3af25bc40e37860f54f9e3	85	e2e-d3cf92ff/corrupt-compaction-v1-guard-selftest/failure/result.json
a8a21d5705d6dba87869554ec602e056040ea07e4764819a8ab3471828b98924	57	e2e-d3cf92ff/corrupt-compaction-v1-guard-selftest/lostpid/cleanup-before.json
905b831597257293515f641f23226c61171abdad9ac38c815d5d6bcd1a23c1b9	714	e2e-d3cf92ff/corrupt-compaction-v1-guard-selftest/lostpid/identity.json
3cc1e03e35e7c867634747e7503414c0c949425d097b2616b654707775c66ec2	85	e2e-d3cf92ff/corrupt-compaction-v1-guard-selftest/lostpid/result.json
44136fa355b3678a1146ad16f7e8649e94fb4fc21fe77e8310c060f61caaff8a	2	e2e-d3cf92ff/corrupt-compaction-v1-guard-selftest/normal/cleanup-before.json
f52626fdd9cdf4d90b3ac5f7d47e1160cc1935488408d09d2a5f3dd98d1f740c	482	e2e-d3cf92ff/corrupt-compaction-v1-guard-selftest/normal/identity.json
5de0dc28cdfe7c48d6bb1d86a041b6c31cf63cc97ea4b3698b15466d934c12af	57	e2e-d3cf92ff/corrupt-compaction-v1-guard-selftest/normal/processes.json
2abd4244852d5de42657a0ef0da4b859bce1f50b87d0cb2c9fe764e5f397d286	85	e2e-d3cf92ff/corrupt-compaction-v1-guard-selftest/normal/result.json
c23346ecffe33a733e33673a2929465fe9a83afac6b11352d7f6868749ba3a37	57	e2e-d3cf92ff/corrupt-compaction-v1-guard-selftest/parentdeath/cleanup-before.json
84f90bcd3bc8f1d9731238f739205b4c9e611ba932c0c211321260745b4249d7	531	e2e-d3cf92ff/corrupt-compaction-v1-guard-selftest/parentdeath/identity.json
d1edb249588f3e8e296618fb54f1106006a58867d120c7183986c43ab3525b2b	57	e2e-d3cf92ff/corrupt-compaction-v1-guard-selftest/parentdeath/processes.json
964f23576c6279dc34c1a40bafcc9526aca14a4d201e8691a8b490be9b916bae	85	e2e-d3cf92ff/corrupt-compaction-v1-guard-selftest/parentdeath/result.json
44136fa355b3678a1146ad16f7e8649e94fb4fc21fe77e8310c060f61caaff8a	2	e2e-d3cf92ff/corrupt-compaction-v1-supervisor/cleanup-before.json
a4fbf5a7aeab5fe757ea1006f75dc0d91edd55f85a5131e50d46395f0d776b72	865	e2e-d3cf92ff/corrupt-compaction-v1-supervisor/identity.json
16650039805078e495d85ec6d4d3f06ae91eb422b802ddbb76cefce72d24ba8d	57	e2e-d3cf92ff/corrupt-compaction-v1-supervisor/processes.json
c3b8c7db6b9ecee1706af29948d879874bab9a69adb9614bbe0a88d88daddba4	85	e2e-d3cf92ff/corrupt-compaction-v1-supervisor/result.json
6649eeeeb0155a19580f756c419a7f336b929d5e6c0fab1b07f9fc1fff70e5d5	3276	e2e-ddf76c17/environment-final.json
9609c624816e04597624e538652cb62ad9409a0c40a50f0b234f2401be34c884	1463	e2e-ddf76c17/reuse-audit.json
b60058b3e44613967b60873392d81fcae786dab2c3f9a440e982e384d362054f	6286	e2e-ddf76c17/saturation-plan-v1.json
9e07126843a43aa9dd9c8b13410020eaea87c687b356f7ca1dae5e4aa486a096	373241	e2e-ddf76c17/saturation-v1-evidence.json
b60058b3e44613967b60873392d81fcae786dab2c3f9a440e982e384d362054f	6286	e2e-ddf76c17/df11be22-22e5-4739-bd3b-01ac06a7798e/plan.json
df2573dbabc9c34a18ae51df687d0ba0a5df31b924bf99342a47db02e61fa931	7502	e2e-ddf76c17/df11be22-22e5-4739-bd3b-01ac06a7798e/state.json
a70d96d73506391b367f04c147615bfb3ca933ee19cf9044e3c9717a59b456b5	135	e2e-ddf76c17/guard-selftest/selftest.json
44136fa355b3678a1146ad16f7e8649e94fb4fc21fe77e8310c060f61caaff8a	2	e2e-ddf76c17/guard-selftest/failure/cleanup-before.json
933b84e9db95499f8e3835d50485332212004b1796314fd231f1a525a51c97f8	485	e2e-ddf76c17/guard-selftest/failure/identity.json
80de3be60e79d3e39832c130d478dc4db9ba5436db4fb01d88a3850a3410b784	57	e2e-ddf76c17/guard-selftest/failure/processes.json
6b0768003276571789281b65662c5ed464a6cec73814a7a208983af32140d2e1	84	e2e-ddf76c17/guard-selftest/failure/result.json
8ee5186533e54ac50c8408a7fae987c633646384808356b31fd2e165d3429e36	57	e2e-ddf76c17/guard-selftest/lostpid/cleanup-before.json
7c462a0707e6d75f2e0d528a469d967a0fa3f8606b35a5f17677cd48e6d4bb69	692	e2e-ddf76c17/guard-selftest/lostpid/identity.json
3e13fd91545b58fa6e49ff125b992f80009456d40dfdd2ebea886bcdaca20c49	85	e2e-ddf76c17/guard-selftest/lostpid/result.json
44136fa355b3678a1146ad16f7e8649e94fb4fc21fe77e8310c060f61caaff8a	2	e2e-ddf76c17/guard-selftest/normal/cleanup-before.json
1249d62887958196f93acbbfe9358c566f9c98c71ddb832266812de484b4eff5	482	e2e-ddf76c17/guard-selftest/normal/identity.json
69fcb2c67b4c203826840b80477dcd0a31a465d91bd65a063c88c78b7afa45e8	57	e2e-ddf76c17/guard-selftest/normal/processes.json
f2072053a05e27487637320706dd967bb612f3282e4d06763290535840a2450d	84	e2e-ddf76c17/guard-selftest/normal/result.json
c5a3499fcb91530bee21ad0e4ca75148cfb7a36a82859863cb74faab5ea0ec0f	57	e2e-ddf76c17/guard-selftest/parentdeath/cleanup-before.json
37b367c7e4ccbb4aa14e1b1765681c4b62dc1d6dbd4f3be1e26c4c55064743d9	532	e2e-ddf76c17/guard-selftest/parentdeath/identity.json
32cfec6797341a03dfdac7012e6a71a97288f858b3b7f1c50a7afa0386410e3b	57	e2e-ddf76c17/guard-selftest/parentdeath/processes.json
4b07a6603b7c6b509184c39d5500d3bf37132f75886e4c0b0ae43b19cf9f5029	85	e2e-ddf76c17/guard-selftest/parentdeath/result.json
4d65aff78a649e18e432e70f0c5a8e67f17571babc51e19535c4c0a9cc4f8c57	5604	e2e-ddf76c17/saturation-v1/0-baseline.json
e79dc98f2ba3d2da2a8bbd3e20b6943a03579dc278293495f50ef29b555b5550	641	e2e-ddf76c17/saturation-v1/0-config-0.json
6c73c15e46daa161b166b8a2c9f7c6de2de12417011dcb9ea1b09a3e044207c9	5635	e2e-ddf76c17/saturation-v1/0-write-00.json
8a5d72c7175df9b6385abf1d04ba36da4e0d3e3a0471bc8fd2aca98a333f7b90	5635	e2e-ddf76c17/saturation-v1/0-write-01.json
134a33f45f05d8ad972ce764c6905d28cabb7e37d57f6f31b79ff28a1695910c	411	e2e-ddf76c17/saturation-v1/0-write-02.json
5f1956460c00e86b81257f097dae7edde506d2333f1a3fe7af4d444bd61f1a44	411	e2e-ddf76c17/saturation-v1/0-write-03.json
94d796f4dcf7fc2c1781ace77745125695fe30c90aadbb091350ccb81b814bdc	411	e2e-ddf76c17/saturation-v1/0-write-04.json
01478ebcb9f9752d93ed99c073522c51d8267b6f0e0f0e9d3a9e68da1a356bc5	411	e2e-ddf76c17/saturation-v1/0-write-05.json
1f5f3cc7461294824bb27c232de1a4c2f29e42a3b3b11ae8fe40f144ed0e0545	411	e2e-ddf76c17/saturation-v1/0-write-06.json
99b99fe8ad0ca3c17d24e1312546762a62a007ddf45ac41e7acc064dd2ad84d5	411	e2e-ddf76c17/saturation-v1/0-write-07.json
8960f868af77c9a3d92b428a41f5782ca5a62d336236b8710bae3f4da7bc5067	5604	e2e-ddf76c17/saturation-v1/1-baseline.json
e79dc98f2ba3d2da2a8bbd3e20b6943a03579dc278293495f50ef29b555b5550	641	e2e-ddf76c17/saturation-v1/1-config-0.json
b89ce45850a08a771be7d55cd482d23950617a15002a23bc8ed6fefdbb82132e	5635	e2e-ddf76c17/saturation-v1/1-write-00.json
1cffa8af08be60b3d68d1646af83a2af5ee13ae56ff53675088ae72d19d5049e	5635	e2e-ddf76c17/saturation-v1/1-write-01.json
27198b120cdda2c8f61a38256b8aff51c3093c8aa013716c1298d239829ee2ee	411	e2e-ddf76c17/saturation-v1/1-write-02.json
0467cf5faf3c48ee8d13d9b8a48057c925124f7ae5eb324d2ca70e04ea6dbb29	411	e2e-ddf76c17/saturation-v1/1-write-03.json
fa8dac27ef9b9cd7f040a9ae70fed005573ddffee699860e1b1b928baeefa94f	411	e2e-ddf76c17/saturation-v1/1-write-04.json
b43a901e08cad156cdaff6dd636009fe7fed02b407865e0a59efb942e33f035d	5635	e2e-ddf76c17/saturation-v1/1-write-05.json
ccd804617d3f0235602a9ae59fc850b61f44aa0f9f471e92ad8776fe52c7bc00	411	e2e-ddf76c17/saturation-v1/1-write-06.json
2bb3ff92f856fb9cef4f24b7247906ef367a8b94717067dbe8af179a07cb43b4	411	e2e-ddf76c17/saturation-v1/1-write-07.json
10885d0393cc746fade321bb9512fd7d48e2aefb8596017d3fd85eed4995ece6	5604	e2e-ddf76c17/saturation-v1/10-baseline.json
e79dc98f2ba3d2da2a8bbd3e20b6943a03579dc278293495f50ef29b555b5550	641	e2e-ddf76c17/saturation-v1/10-config-0.json
3000e29d5f5d4f7a03f9057795c8562064eb447a341b01dcfa694cf2f934b2e3	5635	e2e-ddf76c17/saturation-v1/10-write-00.json
678653a248890241f2b3c750ea19ed4ba9d798ef10faaa1009581d881a728aa7	411	e2e-ddf76c17/saturation-v1/10-write-01.json
88f140955f0570873748043f3131fc77b029482fbaedc132d317bfdea0d02844	411	e2e-ddf76c17/saturation-v1/10-write-02.json
370177c5ec53036ff2919dfa0732f9d5a41c80e017c9b9c911c288181bd9b6ea	411	e2e-ddf76c17/saturation-v1/10-write-03.json
bd26e4617fde744c721ff1b5452063d064a4adcc1402739f2bf9e207bf0b6324	411	e2e-ddf76c17/saturation-v1/10-write-04.json
83474b6b9f469d74729f31b42f6fe5db23547b2168ebd2d7f3d8ad4fb04efd3d	411	e2e-ddf76c17/saturation-v1/10-write-05.json
b7a97438d9038c690d35c6f0046bf0186ed310049278b4d4cf428fb39e23bf24	411	e2e-ddf76c17/saturation-v1/10-write-06.json
f3a562c53180ec5052f4a5a6b0c8cc61e5f502d4728b9932eb1373098b2c125b	411	e2e-ddf76c17/saturation-v1/10-write-07.json
135a9dbec4a467c9190fe40a655a835fab61e042381578e89cfd86f281c18704	5604	e2e-ddf76c17/saturation-v1/11-baseline.json
e79dc98f2ba3d2da2a8bbd3e20b6943a03579dc278293495f50ef29b555b5550	641	e2e-ddf76c17/saturation-v1/11-config-0.json
b02ff56e67826b09fc58ec8962378687a0785ec815b029653f6ac55c5ddd1cc1	5635	e2e-ddf76c17/saturation-v1/11-write-00.json
961be515d706e6706dde6404b702fbdabbf0cc8db4e2af0e885cc390254a34bd	411	e2e-ddf76c17/saturation-v1/11-write-01.json
8ceae3f8fc2f9469d814b15299e4298d50abf1603c2ab4b473303cb103c5da9d	411	e2e-ddf76c17/saturation-v1/11-write-02.json
18ca59e3f71ec7598e59ea8913c89040e1b6efd854cec854a2f73e69a3a0a89b	411	e2e-ddf76c17/saturation-v1/11-write-03.json
b8ba14019f230360b354c3940387249255604106ee64838b2f6598f964e73722	411	e2e-ddf76c17/saturation-v1/11-write-04.json
f28661e19e231648ecd2e29703a58903fef7031eef20692cfdd3bf809e455943	411	e2e-ddf76c17/saturation-v1/11-write-05.json
121952cd696efaf7235e11da87fc1b3b9e10f304e9293676c820217902cfa695	411	e2e-ddf76c17/saturation-v1/11-write-06.json
5a6d1be7042da38c3b98cd7238784177ca0acd465c2c042dcbc22c46c3f9c44e	411	e2e-ddf76c17/saturation-v1/11-write-07.json
fb8e9d7a1a8694695aa3838eebf700196a126ee1b37ea74c29dc435c1a903b41	5604	e2e-ddf76c17/saturation-v1/12-baseline.json
e79dc98f2ba3d2da2a8bbd3e20b6943a03579dc278293495f50ef29b555b5550	641	e2e-ddf76c17/saturation-v1/12-config-0.json
a85acbeb1137a2772e5c4309bce27bb083b315d02bf36ad2cf41dd0c7d25b594	5635	e2e-ddf76c17/saturation-v1/12-write-00.json
a3389fc1a71f1cb47bca3c39750bdc9478f84fc042b8a78581697eea420a7d02	411	e2e-ddf76c17/saturation-v1/12-write-01.json
be2bd7d788ac0abe6df6189c8f8eea8b52cfb59ed7679fee38c707ad3437a957	411	e2e-ddf76c17/saturation-v1/12-write-02.json
0d5ca4320ee5e14a7229cb5acb496b735a4dbc74421f485a902b7d789e8fd808	411	e2e-ddf76c17/saturation-v1/12-write-03.json
22210716b0f5e7b56f9cdcd213f11667d0c2d7c9f10b13fc2eea053c112ce1ff	411	e2e-ddf76c17/saturation-v1/12-write-04.json
b3d11220debc0989f7476d479d361961edee39a9f88a1c773da63ac19ad7611a	411	e2e-ddf76c17/saturation-v1/12-write-05.json
55ee0b34527d7bf1e783e0a8d6914f3c6f83110876ce096aa6aca7330ad5f845	411	e2e-ddf76c17/saturation-v1/12-write-06.json
018c4da7bb9bcf19651a2a0baea092a7077b6dcf299b96f9fa15ac39380c7cc6	411	e2e-ddf76c17/saturation-v1/12-write-07.json
baa80403ee58151852ee875311491ed6a4f4e6ed69198870d54ff5736ac76f16	5604	e2e-ddf76c17/saturation-v1/13-baseline.json
e79dc98f2ba3d2da2a8bbd3e20b6943a03579dc278293495f50ef29b555b5550	641	e2e-ddf76c17/saturation-v1/13-config-0.json
995a73408add9cbed9091da47e6afe9c002bdea3402c448c0a789211c27516d5	411	e2e-ddf76c17/saturation-v1/13-write-00.json
2afae0d1a61ed1c2dd66ac0bf0f398048a1be82570e6db29502ece5835980adc	411	e2e-ddf76c17/saturation-v1/13-write-01.json
426f0af507d4f843144b851446f4dff8ff0b43564715187a72d1c1085f5617a7	411	e2e-ddf76c17/saturation-v1/13-write-02.json
d560ec24b4ed7f6570837fc26680ba7c4ed03abe8511853f8d391091830f9f8c	411	e2e-ddf76c17/saturation-v1/13-write-03.json
b8de348b21f571a220677386da46cf4af29f3f4f4b0610b5d80bc372960a796a	411	e2e-ddf76c17/saturation-v1/13-write-04.json
50c33baf3dbe5431a356d0ebe50350a72b8b8654bff4d4ae2aaf34f122752f84	411	e2e-ddf76c17/saturation-v1/13-write-05.json
90639176e7e0d5172d0b7a3d667bc4a046146534366de95235839c88b4801612	411	e2e-ddf76c17/saturation-v1/13-write-06.json
d2eeff59e2d49ab99ed923dc115a26a29441a5e034a24cf46adf3352809237c3	411	e2e-ddf76c17/saturation-v1/13-write-07.json
694290d9c2c11ce4ddf994a271f2298b86c9a747f809d52471298990045e62a4	5604	e2e-ddf76c17/saturation-v1/14-baseline.json
e79dc98f2ba3d2da2a8bbd3e20b6943a03579dc278293495f50ef29b555b5550	641	e2e-ddf76c17/saturation-v1/14-config-0.json
8a53b65d32007e1a8550cb3282e3d016c5d42906b12f0fc230a655c85ad787c5	411	e2e-ddf76c17/saturation-v1/14-write-00.json
55630190696a34b4dd9c2fdbd32d5cda4e4e43c3434feb30ae0382308cc5d243	411	e2e-ddf76c17/saturation-v1/14-write-01.json
297631dfd8a6e8c25d12bfe5536c9278289494169945f562190d48d301f09b22	5635	e2e-ddf76c17/saturation-v1/14-write-02.json
0a03f417e914e9fbeba282dc10f19ee039fa8e62668597629a869eefb9504154	411	e2e-ddf76c17/saturation-v1/14-write-03.json
901e3a281664f518cba16379c807c0bc8e0e54ec43fe0d7b7b08a1c59e6e291b	411	e2e-ddf76c17/saturation-v1/14-write-04.json
d59f316c90a147925ce4f0fa81053bd0ddc4f8e5c84ae195519eab8733550664	411	e2e-ddf76c17/saturation-v1/14-write-05.json
d2d5dffac8fd862e0abd7d85fd2da31690ecc3445193ddbee93373ac05586882	411	e2e-ddf76c17/saturation-v1/14-write-06.json
ed742bbf62913d96c5c6eb3de64de552e462310005274fe8e9b0f79bd5736ceb	411	e2e-ddf76c17/saturation-v1/14-write-07.json
98cbb6cd2a8e558b959d047ef7d10a039d0f7dd9717217acb3a5e3bb5f57b64d	5604	e2e-ddf76c17/saturation-v1/15-baseline.json
e79dc98f2ba3d2da2a8bbd3e20b6943a03579dc278293495f50ef29b555b5550	641	e2e-ddf76c17/saturation-v1/15-config-0.json
0b7c8e0f0813883001022138944d80778b3d816ca5e915d79f3520b4c2075c79	5635	e2e-ddf76c17/saturation-v1/15-write-00.json
a0493ef0f0c6be5a0c5b0b18dd09995fc387b50fbcba25360a9d24d917643f08	411	e2e-ddf76c17/saturation-v1/15-write-01.json
7fff2ee639724b382f5de2b73fe15e960b28f7a4035ef9471851d9a1b2914f2d	411	e2e-ddf76c17/saturation-v1/15-write-02.json
be72d7b74591ff8d6a70a8379c89ea33e6af0656fbb40dcfd11d3436abd5faef	411	e2e-ddf76c17/saturation-v1/15-write-03.json
36eb697d59ffb85188a3492a99cb686efb167d021f2eb3c3878d0f91ecd1950d	411	e2e-ddf76c17/saturation-v1/15-write-04.json
1b77f475c5a74a6236b8ff97b80c28c892587b1659aaf5bd737f341a62dcebf6	411	e2e-ddf76c17/saturation-v1/15-write-05.json
ccaa8a0bed61e1c00d405e8f746e12e6edd45e64ea935b75dd9490537f027dff	411	e2e-ddf76c17/saturation-v1/15-write-06.json
d8de642a546717059b2479912f57afbb7a2b03504be096bd2b981a0d42882ee7	411	e2e-ddf76c17/saturation-v1/15-write-07.json
61496c62be52932ba64050118b620fb59e2872b681f24eb9fb7d576164e1a354	5604	e2e-ddf76c17/saturation-v1/2-baseline.json
e79dc98f2ba3d2da2a8bbd3e20b6943a03579dc278293495f50ef29b555b5550	641	e2e-ddf76c17/saturation-v1/2-config-0.json
5582540b95af2c5efd7a456b6957601e5883a2d53dc2c2f07d9c46f760906a79	411	e2e-ddf76c17/saturation-v1/2-write-00.json
480168c084f2d63796c4ffd34498fef16b51670492d66fd8fe9f30cd8269bbe2	411	e2e-ddf76c17/saturation-v1/2-write-01.json
77f8c2a50b833b8b6826fa6a1651929420250ef469d4d54eb8cee4ea19898ab8	411	e2e-ddf76c17/saturation-v1/2-write-02.json
644b946d34d19909761bb70a2076be4a540d8cbd7d5a1616325216401d79e98a	411	e2e-ddf76c17/saturation-v1/2-write-03.json
55fbee7249146d311945026513238826b917966020e38809ba5a0eb88c38645a	411	e2e-ddf76c17/saturation-v1/2-write-04.json
a1d6e6384dbbf0361b2eb1cc9f4a49787c31d0a816d78cd5391693c9ad81e136	411	e2e-ddf76c17/saturation-v1/2-write-05.json
0ef09a134de533c5949ee86a776754e7dc465d648667f646b8865c6a202467b7	411	e2e-ddf76c17/saturation-v1/2-write-06.json
9649cb464e5bb1c496bf75aa4049f65d85122aa3d584f16e36d0a00cdf456fff	411	e2e-ddf76c17/saturation-v1/2-write-07.json
842bd3d7fb420548ef0f3be7b7208669a249fd5b5c472d184f97d12f15ed663b	5604	e2e-ddf76c17/saturation-v1/3-baseline.json
e79dc98f2ba3d2da2a8bbd3e20b6943a03579dc278293495f50ef29b555b5550	641	e2e-ddf76c17/saturation-v1/3-config-0.json
3b61bc5b8dabeed0c63994a8cb38cfe925a295b38b1da7f1b8c31982f3f7d2d4	5635	e2e-ddf76c17/saturation-v1/3-write-00.json
1549920c4a03f808eb7389c7f20583cb2669c8ed8b3edac4d778a70304cd5772	411	e2e-ddf76c17/saturation-v1/3-write-01.json
34ab7b95d17ded33a946008616e7b0f43f4d09884238ee45f8caa6ee12131482	411	e2e-ddf76c17/saturation-v1/3-write-02.json
2c2e69f1b04b54b8a1c475b416e144c8072a58764e21810a26026632505642a4	411	e2e-ddf76c17/saturation-v1/3-write-03.json
a956cb9a8c44dfc514e1597af86e56affde9809d0a06124b027a82f2cda8651e	411	e2e-ddf76c17/saturation-v1/3-write-04.json
7e4235403a612e029bbd72a064a7c645d4cdfe377155015405b9c18dddb28287	411	e2e-ddf76c17/saturation-v1/3-write-05.json
4e1a81aad0ee4f9f18695552e8ef7d8df2a8559ef66318677c2e095b5b041996	411	e2e-ddf76c17/saturation-v1/3-write-06.json
1b9bc0abb0612a547dd4fa272c8271cd23c8111e4e3e94115245b6ce80b7195c	411	e2e-ddf76c17/saturation-v1/3-write-07.json
7e852a3668d4dad77c5de6986e84a9e20c276a99d6201cea25c6fd11f4b50f6f	5604	e2e-ddf76c17/saturation-v1/4-baseline.json
e79dc98f2ba3d2da2a8bbd3e20b6943a03579dc278293495f50ef29b555b5550	641	e2e-ddf76c17/saturation-v1/4-config-0.json
55c0e70a04e6804721c37931674fc5849c3c2317395d51db86e720aa60a7a238	411	e2e-ddf76c17/saturation-v1/4-write-00.json
6c75d1e1d8dde4436c14c88aa9c679e28b9ba19a5003dfd791a55fc625fc913c	411	e2e-ddf76c17/saturation-v1/4-write-01.json
61131652482219908ca3faf040865acc5d7d46850260766e78fb7d710dabe049	411	e2e-ddf76c17/saturation-v1/4-write-02.json
4dec775642b601b80c9c2b2919eeb50a045eae5e6b0f278c4cb9d224419462fb	411	e2e-ddf76c17/saturation-v1/4-write-03.json
c35d10d5bc5a4c3854efb4081b55000ae71d7c247815c6d89e7a7ce4fc3dbbb4	411	e2e-ddf76c17/saturation-v1/4-write-04.json
32ee0b9f0ef4111229e22451814b36f8650780f381ee2ae738a35f5cc45bbfc8	411	e2e-ddf76c17/saturation-v1/4-write-05.json
b1b194d7ee123a1a6b1142229c41359e734c3d89d4fb9b9348eb3fbae86423c2	411	e2e-ddf76c17/saturation-v1/4-write-06.json
37fdec65803fef6d1e77b5fbb79ea7f7647b1d02050581b7787274a454fdea09	411	e2e-ddf76c17/saturation-v1/4-write-07.json
a8ab24cd5ed78b2fcbda986069d74e15bb988b4d47d717b1622c3c05a7d7f232	5604	e2e-ddf76c17/saturation-v1/5-baseline.json
e79dc98f2ba3d2da2a8bbd3e20b6943a03579dc278293495f50ef29b555b5550	641	e2e-ddf76c17/saturation-v1/5-config-0.json
121306eb8b84af7e40da28dc1007f5b9b7bcabdfa8fab98c0f74ff8fa57e811a	5635	e2e-ddf76c17/saturation-v1/5-write-00.json
6bd5f44da297465b2d8a88e7f09bc59dad92cfbe5e5dd293c1466549b2c48b53	5635	e2e-ddf76c17/saturation-v1/5-write-01.json
79259423b8f97893509651468d66332ac1540aa7d9da45632b3e69326ae9a0fa	411	e2e-ddf76c17/saturation-v1/5-write-02.json
b4b73fe519e595d181b2282813f862617ad3be1471f1f42f60364c5c7ee71b0c	411	e2e-ddf76c17/saturation-v1/5-write-03.json
b3c30bc2783b934d408603f36cdcf9bbaabbb8690f29dbbd3395aaec19bf8ed9	411	e2e-ddf76c17/saturation-v1/5-write-04.json
251e0fa0a73980cbffc940f22d0335dfc39173e14a8970789162f50fb116474b	411	e2e-ddf76c17/saturation-v1/5-write-05.json
f0ddc3d3f0e0aae843a2ccc8af03779dbc870c7322140fc3c87e38ab1992eee1	411	e2e-ddf76c17/saturation-v1/5-write-06.json
691d147718a6c5aaa3d9f2af33a9d0eeaedfa534765a6114eff1e97ffcd3056f	411	e2e-ddf76c17/saturation-v1/5-write-07.json
bb2e4f35aab16fcf4e53d000797f899ca7de814f7806be980c36204e3c28ff32	5604	e2e-ddf76c17/saturation-v1/6-baseline.json
e79dc98f2ba3d2da2a8bbd3e20b6943a03579dc278293495f50ef29b555b5550	641	e2e-ddf76c17/saturation-v1/6-config-0.json
578b07d1376de889fbd92a37d3cddea3d17fccf1c71caba51784591df1a09d1e	5635	e2e-ddf76c17/saturation-v1/6-write-00.json
2be24093caff81d4b84e5a38dab20fa90762182b9c398b19ed30592a698edd78	5635	e2e-ddf76c17/saturation-v1/6-write-01.json
34d5de4602f891633938da3d1b371d0614a3465945154986106e04cbe994259c	411	e2e-ddf76c17/saturation-v1/6-write-02.json
246c0cac492292a7fd4d8d5c85ba4a4e86e601bca584be234cd2d29aab31c6a9	411	e2e-ddf76c17/saturation-v1/6-write-03.json
8b55c06c146ea56bcf64986a35d246b901e2562f33f6895701de43a65cd0ff62	411	e2e-ddf76c17/saturation-v1/6-write-04.json
1a4432b982f3e3b7fdaf7d7251a5a6d91943fed0d536601d30518d5234cc5827	411	e2e-ddf76c17/saturation-v1/6-write-05.json
36c9de21c1ec8f6872733eae62303a6b107f54b8aeeb2f3aeb8d2909bb6cd0cb	411	e2e-ddf76c17/saturation-v1/6-write-06.json
8f40d5e31efb71b68c7e0f79316f23755baf57a145f4099cbe2f557686fb3483	411	e2e-ddf76c17/saturation-v1/6-write-07.json
3835b87e4fc9328f2454a96d3c04eb3b42f3f7c92666f36337327bee671d6f55	5604	e2e-ddf76c17/saturation-v1/7-baseline.json
e79dc98f2ba3d2da2a8bbd3e20b6943a03579dc278293495f50ef29b555b5550	641	e2e-ddf76c17/saturation-v1/7-config-0.json
b82b8929511e6a31864dc341c1cdf2885fda276d8c58e9096d71aebb5fc5f49b	5635	e2e-ddf76c17/saturation-v1/7-write-00.json
3582f7f8ee0b58aba02e3d34b4e17fb8a3d8c9b6a54ba8e20c3a8b20b5583167	5635	e2e-ddf76c17/saturation-v1/7-write-01.json
ece0f11090db2fa0d7db10f544ebc7a1e6f54d1a8ac2bd7aad491b3b9157c0f5	411	e2e-ddf76c17/saturation-v1/7-write-02.json
8a2a2848913b7e1d6ffd90e918e3379b6a29782df9e9037867f8a90897147725	411	e2e-ddf76c17/saturation-v1/7-write-03.json
97309264a6e40ec47f39f62cc4e763116a77cb53a785ccc86fa9fcb52e21dea0	411	e2e-ddf76c17/saturation-v1/7-write-04.json
492fdc801bb885c4f8707eba26a9ec7a8d1537d21e57b7be9a7c3108b187248d	411	e2e-ddf76c17/saturation-v1/7-write-05.json
82aebd77f128930dcf47ba59f51cab16ba5d5ed1193d3e7e80bd1dc6f68af978	411	e2e-ddf76c17/saturation-v1/7-write-06.json
b0e030543bc9d0fdd334a4affff0d145288b75bb5fbe43e2a319061fbbce9729	411	e2e-ddf76c17/saturation-v1/7-write-07.json
acbef33e4efe24f11d57ffc85a0902be4cd917f8d24561cde41f045231083e86	5604	e2e-ddf76c17/saturation-v1/8-baseline.json
e79dc98f2ba3d2da2a8bbd3e20b6943a03579dc278293495f50ef29b555b5550	641	e2e-ddf76c17/saturation-v1/8-config-0.json
36057216b98ed4f95578056dce738a47d4df9df48d6366267da76e776bb29378	5635	e2e-ddf76c17/saturation-v1/8-write-00.json
ec79d46ed465f054d3aad39bc3846321ffe9c65876639ba4fbd538200378aae1	5635	e2e-ddf76c17/saturation-v1/8-write-01.json
83c603d39fa1dd4139f5e230d98f9aabe6fcbab89f7a082ff32ee2f831a8d9f8	411	e2e-ddf76c17/saturation-v1/8-write-02.json
881a0bd6ef4855fe0d7f8f22ee57deb539a6512c6185886864fbced169b8a60a	411	e2e-ddf76c17/saturation-v1/8-write-03.json
117ff46d584582d0f9f136025b409dbd2e73354a60330f8ae74ae6b50780bd0b	411	e2e-ddf76c17/saturation-v1/8-write-04.json
5a66fc8bf0a4fad174c6bee0c62ce705fbd5d88deff39e85844807bf21d2bbd7	5635	e2e-ddf76c17/saturation-v1/8-write-05.json
20f04316b70c3a2bfb1cd32f77c42bfebed966fbbb4507ee7871308d2ac9916d	411	e2e-ddf76c17/saturation-v1/8-write-06.json
a9f55abacb56bf45d49b54e44dac53adc69f67984dede2b3a07c957a82352b77	411	e2e-ddf76c17/saturation-v1/8-write-07.json
56eec06b14b93757322a51cdb7b65c2af190e272bec8e254635e5fbebcd347a4	5604	e2e-ddf76c17/saturation-v1/9-baseline.json
e79dc98f2ba3d2da2a8bbd3e20b6943a03579dc278293495f50ef29b555b5550	641	e2e-ddf76c17/saturation-v1/9-config-0.json
1300d5e86f0cdf2ab20206a1dc3af27e6375ce30bb1435c036283646a71542e2	411	e2e-ddf76c17/saturation-v1/9-write-00.json
da97a0a6d7079d749e1b501c7fdaa514ea6bb6a34b9021e385980c8e6b23558f	5635	e2e-ddf76c17/saturation-v1/9-write-01.json
3a2549ffbd6c36a83e2005eb3236ef66396988d4615ef2c2ee3d4f00e75b2a52	411	e2e-ddf76c17/saturation-v1/9-write-02.json
10b1532ff7c4b8f334d06437fb17f1e7bb06ed99f09008ffaf49e0f055b12125	5635	e2e-ddf76c17/saturation-v1/9-write-03.json
948e0f860d562b55eaf4ef5b74d2c39aa0c6bc4e4cd3ecf2f3782244c6c53def	411	e2e-ddf76c17/saturation-v1/9-write-04.json
5a8d31ed3125a5ae0937c6765dc1a3c2b5ba8beaaabf7b23db2f0f905bf471db	411	e2e-ddf76c17/saturation-v1/9-write-05.json
509b726775ecce49cb6d4ddf9dfcb9a310efc81173068d86e6e8a5fe29b1d364	411	e2e-ddf76c17/saturation-v1/9-write-06.json
0c364ce045f92ee50b47245d19a42d35539efe68ad7b1363418a33eb2cebc4ef	411	e2e-ddf76c17/saturation-v1/9-write-07.json
a40dbd49208afe9d3469839d24a6df398c13bcbaacf7d7cd1c0a59bcc0fe5fa3	341630	e2e-ddf76c17/saturation-v1/events.jsonl
0b9de98291d56e8a6bac480a79923af714dea2c87bfe3c3954d649d869e7574c	6363131	e2e-ddf76c17/saturation-v1/metrics-after-read-load.json
7c1d9107d211a2c4d83fbb0e77f472bce0f84db184abee17837b21ec1d24f7a2	6254801	e2e-ddf76c17/saturation-v1/metrics-after-restart.json
f689eb56e17d20f9a477994c0f2ee74b89507e201fa4c2e7aa29c8f57589e48a	6364224	e2e-ddf76c17/saturation-v1/metrics-after-write-load.json
6af4193ca2e458087b2622d68bb6f83f9c7468c8853336b64d501f4eaa507382	3438879	e2e-ddf76c17/saturation-v1/metrics-baseline.json
946f2d01e423adbb7e9c6c02642cddc97d4217e29ddd5d23f6de526f60e09ade	4745476	e2e-ddf76c17/saturation-v1/metrics-before-load.json
3695810ac435ffbfcec5db430a5b353b4386f8d0c476422e90bb0184c6040f52	550	e2e-ddf76c17/saturation-v1/result.json
e3b0c44298fc1c149afbf4c8996fb92427ae41e4649b934ca495991b7852b855	0	e2e-ddf76c17/saturation-v1/kikimr_working_dir/netData.tsv
44136fa355b3678a1146ad16f7e8649e94fb4fc21fe77e8310c060f61caaff8a	2	e2e-ddf76c17/saturation-v1-supervisor/cleanup-before.json
68012e52a291b2110926bfd4f23727e936bde716e33a332248547ea01a4f7668	825	e2e-ddf76c17/saturation-v1-supervisor/identity.json
e5608d224d481abaf9eb61c0cca967466bea344788a1fc8dba8a9fc0625b9b04	57	e2e-ddf76c17/saturation-v1-supervisor/processes.json
a99e34a7792ca59e848c4e7356ad4951e51b9c0282619706ebd20095266aaf3b	85	e2e-ddf76c17/saturation-v1-supervisor/result.json
b41830b3a739e2c7fbdecd331f94a6cfbab2a0c52efbea3e8e3ac64b79a95cc6	3083	e2e-e2dd0f6a/environment-final.json
74073e8d2f2b29fd27e227a7a9b97b8bd563958db58535201876cb61e9f9cb30	70970	e2e-e2dd0f6a/evidence.json
765bb8780f9ad206024462d40070814a686f79688545f8546a139f5ed5a903cd	8460	e2e-e2dd0f6a/plan.json
4a181a8b09cc6147b8416753ada1a7142e1995f25437285342fdc47ebb2fcb8b	8459	e2e-e2dd0f6a/158f8fdb-e553-4fed-97cc-44f8828ded2e/plan.json
7f7445c7aaffb392d7e616e42fede5a897fcb6c2da7f8e6851a91587ed0e5d05	11608	e2e-e2dd0f6a/158f8fdb-e553-4fed-97cc-44f8828ded2e/state.json
e3b0c44298fc1c149afbf4c8996fb92427ae41e4649b934ca495991b7852b855	0	e2e-e2dd0f6a/158f8fdb-e553-4fed-97cc-44f8828ded2e/toolchain-environment.stderr
a965e3a791f8b060f6be7a6dad8fee5f57072f17fea0a1132d922cf47f57eb5c	500	e2e-e2dd0f6a/158f8fdb-e553-4fed-97cc-44f8828ded2e/toolchain-environment.stdout
6043fcbf877181441070419995d069572198c7acfc15551c7704bb983167786b	687	e2e-e2dd0f6a/write-death-v1/0-config-0.json
6043fcbf877181441070419995d069572198c7acfc15551c7704bb983167786b	687	e2e-e2dd0f6a/write-death-v1/0-effective-config.json
dd71d20c5d1da891d1350dc628a0177544f8f3ff17a9141921505a4f9b0a5426	102	e2e-e2dd0f6a/write-death-v1/0-log-offsets.json
7d6755f3f545b25281551250ff4c172b2018f01164dc2aa708f891fd9a11677d	5604	e2e-e2dd0f6a/write-death-v1/0-recovered.json
9cdafd73d88311c70c1f3381b9392bd56e9abbf7c77932f31772ac2f8d3cfb7f	87	e2e-e2dd0f6a/write-death-v1/0-scan.json
7d6755f3f545b25281551250ff4c172b2018f01164dc2aa708f891fd9a11677d	5604	e2e-e2dd0f6a/write-death-v1/0-seed.json
e403b6e9e9bb54a26143377ff4e42b3e24ae78ceb847b13a6f9ff04bb241723a	686	e2e-e2dd0f6a/write-death-v1/1-config-0.json
e403b6e9e9bb54a26143377ff4e42b3e24ae78ceb847b13a6f9ff04bb241723a	686	e2e-e2dd0f6a/write-death-v1/1-effective-config.json
4532b43c057caa7fd01102573151a00a9a9cd558a2158aa898ffff518ddc66b6	202	e2e-e2dd0f6a/write-death-v1/1-log-offsets.json
71e0aaa360a7f3c96ab6125b430dc5df03ea5ef04773da96443941e23df20c6d	5477	e2e-e2dd0f6a/write-death-v1/1-recovered.json
529b962d748154d98fbd949a8ed47d821346e5124e009f9c744542c72e765f38	87	e2e-e2dd0f6a/write-death-v1/1-scan.json
c4b6c17978c1b27cf9b78facfcd4322fbf961132293785a856b5b651940c138c	5604	e2e-e2dd0f6a/write-death-v1/1-seed.json
e9a8217310ba7d40212eeb0c8397f7e76689a9cfc4db9dafb707651dde557704	20160	e2e-e2dd0f6a/write-death-v1/events.jsonl
8f328b877827dd1482fdf2888267d7c84533a508b23a0096088aef79844a6de0	3529090	e2e-e2dd0f6a/write-death-v1/metrics-0-after.json
84e356efbddd2bc8fb3c35b9dd60103075d80a0f5ffa930da6f9f17a9610a974	3529262	e2e-e2dd0f6a/write-death-v1/metrics-0-before.json
181f5a16e58fd5816dd38a55fe5e9ac75c0fe7f04744e36361845d77a4ee5d4b	3529088	e2e-e2dd0f6a/write-death-v1/metrics-1-after.json
c8a0d2ac8f9dcd411181f8314d4ebefe2830e6d6ca03f996ffe08d74d1a4dd8d	3712824	e2e-e2dd0f6a/write-death-v1/metrics-1-before.json
0654f8b2975dc77a0a33418b7fd3ab109b5f6be55f4643f4b21b85c2c7dd0b45	3438879	e2e-e2dd0f6a/write-death-v1/metrics-baseline.json
9ba404ef43ee49a3d7f941cfc2210e3dc44f59040ce87c5c15ec40ee44c38fa0	807	e2e-e2dd0f6a/write-death-v1/result.json
e3b0c44298fc1c149afbf4c8996fb92427ae41e4649b934ca495991b7852b855	0	e2e-e2dd0f6a/write-death-v1/kikimr_working_dir/netData.tsv
a70d96d73506391b367f04c147615bfb3ca933ee19cf9044e3c9717a59b456b5	135	e2e-e2dd0f6a/write-death-v1-guard-selftest/selftest.json
44136fa355b3678a1146ad16f7e8649e94fb4fc21fe77e8310c060f61caaff8a	2	e2e-e2dd0f6a/write-death-v1-guard-selftest/failure/cleanup-before.json
f730357e8f7b39daf7a222d8c201e3545ce2c02cd44ed2b1d6916b93360a24a2	486	e2e-e2dd0f6a/write-death-v1-guard-selftest/failure/identity.json
30d1fd25d990eca16d2f2c1206d1a933a2571ff9db51494946f5d1365410274d	57	e2e-e2dd0f6a/write-death-v1-guard-selftest/failure/processes.json
dbfbf9754e6829c60aa1241e391f655ce24b92ba7fab34f932dd2dda4257292c	85	e2e-e2dd0f6a/write-death-v1-guard-selftest/failure/result.json
76bd21d55f384080331e8dd93a31cecd9a47be8ba15ae087024b5e92e6c81a7d	57	e2e-e2dd0f6a/write-death-v1-guard-selftest/lostpid/cleanup-before.json
703af8901419f1de884d71d46c93cfe008bfde4da87dc81d62f0fdc7e77813c7	707	e2e-e2dd0f6a/write-death-v1-guard-selftest/lostpid/identity.json
5af6bd3076a20b6bc2ebcaa04f711c1f769215fb9d6c5690e087f200768c6065	85	e2e-e2dd0f6a/write-death-v1-guard-selftest/lostpid/result.json
44136fa355b3678a1146ad16f7e8649e94fb4fc21fe77e8310c060f61caaff8a	2	e2e-e2dd0f6a/write-death-v1-guard-selftest/normal/cleanup-before.json
39f34ad6f74aa814009c992aa01dae08b097c81606eb63a847adbd71213a625e	481	e2e-e2dd0f6a/write-death-v1-guard-selftest/normal/identity.json
3e15e3c34b0cd30963d2e45d810497431835acf75ee838cfbb6d46e25a2baf66	57	e2e-e2dd0f6a/write-death-v1-guard-selftest/normal/processes.json
05ab748196b7ec1908b80d065ae093d1e26d834c496de833bba2be53166445b8	84	e2e-e2dd0f6a/write-death-v1-guard-selftest/normal/result.json
d7a5dd5b97505dedb2b32be805854b7532805032355cf49ca30acbde425fb4b7	57	e2e-e2dd0f6a/write-death-v1-guard-selftest/parentdeath/cleanup-before.json
221ff44154021f7dcef6bdfb3b3735a98903d114bf9e31d41c39763c713ce6c1	532	e2e-e2dd0f6a/write-death-v1-guard-selftest/parentdeath/identity.json
7395d463449a991f899d2814e12e97af61c662796e7d46e6a71c138434e43bfa	57	e2e-e2dd0f6a/write-death-v1-guard-selftest/parentdeath/processes.json
3f564ed9c0461fe39ed40ed9eafdf252eb71553ae71793bf30e9688c35f2e4eb	84	e2e-e2dd0f6a/write-death-v1-guard-selftest/parentdeath/result.json
44136fa355b3678a1146ad16f7e8649e94fb4fc21fe77e8310c060f61caaff8a	2	e2e-e2dd0f6a/write-death-v1-supervisor/cleanup-before.json
0e2d0a65900424c0fb6105d14ccb2edbd6934aa5efdbc6fdc4c7a6511a2e33c2	850	e2e-e2dd0f6a/write-death-v1-supervisor/identity.json
804ff1fa65e06735610f23bd600a96867b2893e588fc1fe7626cd0a6af680d98	57	e2e-e2dd0f6a/write-death-v1-supervisor/processes.json
f098d9d1f8d0b269b22bc05c1274aed4a1344407e79892e2dd43f8a52117d748	84	e2e-e2dd0f6a/write-death-v1-supervisor/result.json
581bbbe51796f7e147ca3a2e3f8a21e027a7c0b0c5da43988f57a2784eb5c6d0	3096	e2e-e711cadc/build-plan.json
df7531df3529983927345f18f4e1c61c347ef5f3bdfd3ff06e36d1307c3892e2	145	e2e-e711cadc/compiler-identity.json
6c4819520d9914c67d3cea6a8d8a06a9a1ca6452557d35f83a10690118c5eab9	6349	e2e-e711cadc/pilot-plan-v1.json
88641612525d3a01a75b15c5256ee3d6b8a2eba2a5650bedb32b103e222c883d	5043	e2e-e711cadc/pilot-plan-v2.json
fdd7cc8488db3ecc7c396bff9847a7f6aa531c24a321d54bf1f592a3aa5edfa8	5155	e2e-e711cadc/pilot-plan-v3.json
f9371b5e0c4e56a487fa7caafea969be8de734604697e0efdbed4c3e55317f3b	5365	e2e-e711cadc/pilot-plan-v4.json
86b56ab22788bf09c59b1155f4c8e7a4e59efc2c5efc4cbe5ea152316c69019d	5435	e2e-e711cadc/pilot-plan-v5.json
5716f0c2805d61693b1ccac64a4cda1c4d222392f5cc904175457c04bc179d37	212	e2e-e711cadc/pilot-v1-abort.json
108385221d0ded8d9649814a9895cb8e4dfa857c6e9dd71b58eee6b8eb3bd9cb	12646	e2e-e711cadc/pilot-v5-artifacts.json
83169742c50130d9a5c91ee5ddfb73db3341d84a2952a43ff65e93cf7fcbda7f	264	e2e-e711cadc/pilot-v5-cleanup-check.json
143c650a5cc80b50afd2433a89384c3b58d7f45307f84b11aed9b38910551de5	42163	e2e-e711cadc/pilot-v5-evidence.json
f9371b5e0c4e56a487fa7caafea969be8de734604697e0efdbed4c3e55317f3b	5365	e2e-e711cadc/020d5ce8-afbe-47a5-a3ad-65ba5623ad56/plan.json
76bc009e7b1819ff7be684b7bda347734066973f74b650fca42e09f4287f0035	3616	e2e-e711cadc/020d5ce8-afbe-47a5-a3ad-65ba5623ad56/state.json
fdd7cc8488db3ecc7c396bff9847a7f6aa531c24a321d54bf1f592a3aa5edfa8	5155	e2e-e711cadc/536ca64a-ea4f-40e2-8eee-59419304c095/plan.json
138ba6afacf731f5f65a9fef3f1509571a2eab3eed10057e3e3bf6140954fe3c	3616	e2e-e711cadc/536ca64a-ea4f-40e2-8eee-59419304c095/state.json
6c4819520d9914c67d3cea6a8d8a06a9a1ca6452557d35f83a10690118c5eab9	6349	e2e-e711cadc/6629be12-2669-47a4-b1af-30f5ad0103ab/plan.json
bc9cac7564edbcc618f44058a7f899e7af0254dfab992842624a71219a846bc2	6977	e2e-e711cadc/6629be12-2669-47a4-b1af-30f5ad0103ab/state.json
86b56ab22788bf09c59b1155f4c8e7a4e59efc2c5efc4cbe5ea152316c69019d	5435	e2e-e711cadc/b6751fe5-a1ae-4475-a2a3-23fce28d26c6/plan.json
6d6f33317f3b85881d8e57f8d4ea24e587c14ebeac74571647619ddad281ab08	5759	e2e-e711cadc/b6751fe5-a1ae-4475-a2a3-23fce28d26c6/state.json
c43146891f6a471fb3864b588bc93ae7e9e1951b66b1c4c709c03ec6555aac49	3095	e2e-e711cadc/b9bececc-bed6-4e02-bded-b2d265bc8198/plan.json
a77ed3790a68be7c575a0651e4d88d66a03d0920b22f35655b60ca16f3d421b5	5664	e2e-e711cadc/b9bececc-bed6-4e02-bded-b2d265bc8198/state.json
88641612525d3a01a75b15c5256ee3d6b8a2eba2a5650bedb32b103e222c883d	5043	e2e-e711cadc/ebdc2709-15ea-45dd-b904-bae55e06d6ed/plan.json
a02965943427462a91320155d11a2f73e8f54e020d8272f7aa561dd66f92949b	3617	e2e-e711cadc/ebdc2709-15ea-45dd-b904-bae55e06d6ed/state.json
a70d96d73506391b367f04c147615bfb3ca933ee19cf9044e3c9717a59b456b5	135	e2e-e711cadc/guard-selftest-v1/selftest.json
44136fa355b3678a1146ad16f7e8649e94fb4fc21fe77e8310c060f61caaff8a	2	e2e-e711cadc/guard-selftest-v1/failure/cleanup-before.json
dc45a6e575e2872ca782034c5eef40a21a8a73368ab77e26fa99e4bbc5c19d28	486	e2e-e711cadc/guard-selftest-v1/failure/identity.json
2df514ffcd12cfd80e2148223f0e050248828ba2b3a8a9ec53ec844613901f83	57	e2e-e711cadc/guard-selftest-v1/failure/processes.json
a0cc595de422b11a78fb68818afacbba91105b84f7f5a6b1d8b795f1c0cc2048	85	e2e-e711cadc/guard-selftest-v1/failure/result.json
868379799c88d42b0eef68aa014a8ad0fc84e9fb38f8fdc2f89fb9d9e8897a7d	57	e2e-e711cadc/guard-selftest-v1/lostpid/cleanup-before.json
eebaff91e35a0f0d6f9dbd345e23750f610d4f7406cf49e8d368fac9bc93784f	695	e2e-e711cadc/guard-selftest-v1/lostpid/identity.json
621b8689cedcb549c9b048f7b81600a2615337923cfe79f0d2111b04e9fa6010	85	e2e-e711cadc/guard-selftest-v1/lostpid/result.json
44136fa355b3678a1146ad16f7e8649e94fb4fc21fe77e8310c060f61caaff8a	2	e2e-e711cadc/guard-selftest-v1/normal/cleanup-before.json
333d0ce1b4ce03814474bdfddc8d2b6ae41944b4dec296a6bf93ddd41ba67979	482	e2e-e711cadc/guard-selftest-v1/normal/identity.json
f90dfaf22eb29a42ac61b13f0c5cd46152fe4fadf69d7c0136b2a8177e72052e	57	e2e-e711cadc/guard-selftest-v1/normal/processes.json
b11377425f35b5b75391c2a62d09c42a75ce8bb09f540711593e97f00f793c7f	84	e2e-e711cadc/guard-selftest-v1/normal/result.json
f0addd554e460c32ff47c8877fef0beacc1fed40572cdb6128201a76887a7619	57	e2e-e711cadc/guard-selftest-v1/parentdeath/cleanup-before.json
bff91a57ccf53c22695570e131ca53631f30456fa0dfe82d48ddf895df3f08ad	532	e2e-e711cadc/guard-selftest-v1/parentdeath/identity.json
9cd388ede6a1e901c6ca71e8b278203f30927969e10dd9f83b37e5097bd1087d	57	e2e-e711cadc/guard-selftest-v1/parentdeath/processes.json
31aeceb7b03cc4664bff559baab0b809b3326f85003ca7284fa47873e5503d50	85	e2e-e711cadc/guard-selftest-v1/parentdeath/result.json
7606dcf26de63fd75e8da2e0910b3ebfa9c224200d6147dc440991fbefd78794	152	e2e-e711cadc/pilot-v1/events.jsonl
e3b0c44298fc1c149afbf4c8996fb92427ae41e4649b934ca495991b7852b855	0	e2e-e711cadc/pilot-v1/kikimr_working_dir/netData.tsv
33b0c39b3351b8db200072d9ca061d3177cb079173d9f24a61b1637e01b53356	57	e2e-e711cadc/pilot-v1-supervisor/cleanup-before.json
31e55526155002121a629fe6e57d20b4bf27516503b54583eaffa532e32ee768	811	e2e-e711cadc/pilot-v1-supervisor/identity.json
ccf6e00997f1b94130020e515f8ceb1047fb1c1779f52890fabfaef07e2d92cf	112	e2e-e711cadc/pilot-v1-supervisor/processes.json
4e0afde75e25e5aab0201cf88094f482fdbdfa8083c550171fe584d2201aa218	87	e2e-e711cadc/pilot-v1-supervisor/result.json
f6ddf2457fad94f2f9373faec5bad9c2cd03f396085ac386ae8ec675a229c0a7	5668	e2e-e711cadc/pilot-v2/describe-enabled.json
fd0d3c394f24c37973c69ee3b28d8a8de775a773b8a5a4f0ca33da3bcdffa8af	7759	e2e-e711cadc/pilot-v2/describe-fallback-tail.json
5ebd078c47805a73dfa913f4f411619b71312e2d64637b2b8286bf2c276d91e2	380	e2e-e711cadc/pilot-v2/describe-raw.json
5f410a8a43a4c043a208a62f9e879b957fc4652555483b8cf5210400538f354b	401	e2e-e711cadc/pilot-v2/effective-enabled.json
129f55d735a66b286f3134b3b9fa2f87fd183d41643c07a02e67027d766e3c8f	7313	e2e-e711cadc/pilot-v2/events.jsonl
973ae318c87e70793fd63f84901bb905da806faae563c85b71654e8e9bf6e1ae	3523185	e2e-e711cadc/pilot-v2/metrics-baseline.json
cb5cf6baa61bc93e36430104145130ab79be44fa33e477777729c3bb47ca3ec5	3529760	e2e-e711cadc/pilot-v2/metrics-enabled.json
0524f69b8cd8b1925653c6dd207207761d439097efe182e346daf92301da5fdc	2605	e2e-e711cadc/pilot-v2/result.json
1300d63f78157f5e4dba8b16b7bfacccf3e3f01b9e0e223d183a5384e2f5bfad	536	e2e-e711cadc/pilot-v2/volume.json
e3b0c44298fc1c149afbf4c8996fb92427ae41e4649b934ca495991b7852b855	0	e2e-e711cadc/pilot-v2/kikimr_working_dir/netData.tsv
44136fa355b3678a1146ad16f7e8649e94fb4fc21fe77e8310c060f61caaff8a	2	e2e-e711cadc/pilot-v2-supervisor/cleanup-before.json
b0856d8d8ec8ce2ace2ff4dd3a3570390dcc484c0488c044151e035bdfddccb4	815	e2e-e711cadc/pilot-v2-supervisor/identity.json
5963acd5ac351c1bb9706c9d15ad2479eddb792ee3cf402dbddc9928bd486e0e	57	e2e-e711cadc/pilot-v2-supervisor/processes.json
5ebd35868d98dad82d79c1c700480083be184db826cec487ef8914292ebe230d	85	e2e-e711cadc/pilot-v2-supervisor/result.json
88cab712e4ab80bf153d524bfbc91dac7b070181158e387ae548a935c09925ec	5668	e2e-e711cadc/pilot-v3/describe-enabled.json
ce4385843c61751746775ca9fa25ac4f122b5b6b378008a70e372b2a0e3b9cbd	7759	e2e-e711cadc/pilot-v3/describe-fallback-tail.json
991ccd6cf46bd3fd77ba5ad8ac5e61e710244034cf6982b76ddf0cdbc0bd8f93	380	e2e-e711cadc/pilot-v3/describe-raw.json
5f410a8a43a4c043a208a62f9e879b957fc4652555483b8cf5210400538f354b	401	e2e-e711cadc/pilot-v3/effective-enabled.json
fcb5cbd6f6aba80677af3006d7cf0ed8633a2db3f9c2da1fc321dd54b282ad1f	8643	e2e-e711cadc/pilot-v3/events.jsonl
ee7a252443b2efcf87af6e1110189446474aafaf321e2e296e6ad82802cfce08	3523184	e2e-e711cadc/pilot-v3/metrics-baseline.json
ce956e5d5aef1e85851f59f38ce08d68ef66ba415107020fb81f0f7befcbbd56	3529757	e2e-e711cadc/pilot-v3/metrics-enabled.json
1e46a0d09b52b1753144230fbc30e4203ab8f04bbdbd27cda7b36f8567fad496	3089	e2e-e711cadc/pilot-v3/result.json
50991162f0d6670ff8086d27b94d70abb830fcde58077cdc77e7981de8d0eac2	536	e2e-e711cadc/pilot-v3/volume.json
e3b0c44298fc1c149afbf4c8996fb92427ae41e4649b934ca495991b7852b855	0	e2e-e711cadc/pilot-v3/kikimr_working_dir/netData.tsv
44136fa355b3678a1146ad16f7e8649e94fb4fc21fe77e8310c060f61caaff8a	2	e2e-e711cadc/pilot-v3-supervisor/cleanup-before.json
2bffcbd44880c3d6ab4220344f3708e027e5c46e646c77fa94828b4435e94c70	815	e2e-e711cadc/pilot-v3-supervisor/identity.json
99f99a36244cb1adcff85da9284edf08e55dfdb4265d87b3f1264878c1b29816	57	e2e-e711cadc/pilot-v3-supervisor/processes.json
fa83a31f53a2044dbb646465138f658133a209981002cfa7fa806c1b81dd6025	85	e2e-e711cadc/pilot-v3-supervisor/result.json
31c5fd994435cb98ea7e49f7022f00ee6470608b738b1b625673ff5ea40ba06c	3065	e2e-e711cadc/pilot-v4/events.jsonl
8e3fe5b89193b8834977e025f7452c4742dadc90c856bee6daaa8f4d9077aeb2	3447384	e2e-e711cadc/pilot-v4/metrics-baseline.json
f2a3d103ee8cef93a9249a04225d3705187b4f68a2ac37a99da3271ef7af1b20	2963	e2e-e711cadc/pilot-v4/result.json
14841ee3111826655afda78959c111d3ac57268adf57809bd6e5a801d86a0b25	536	e2e-e711cadc/pilot-v4/volume.json
e3b0c44298fc1c149afbf4c8996fb92427ae41e4649b934ca495991b7852b855	0	e2e-e711cadc/pilot-v4/kikimr_working_dir/netData.tsv
44136fa355b3678a1146ad16f7e8649e94fb4fc21fe77e8310c060f61caaff8a	2	e2e-e711cadc/pilot-v4-supervisor/cleanup-before.json
aa08c44675b05f9d1b28bed015e806f3f3b428201f787c252c8ff10b04f2bb86	815	e2e-e711cadc/pilot-v4-supervisor/identity.json
6773c0809034e3e45505e6061e59b3f4013baf023e448bd08d86a2bb8fdf713a	57	e2e-e711cadc/pilot-v4-supervisor/processes.json
7c8206d150f89906ba3c024b4c5777dd469950449030e67066742e03c3da221b	85	e2e-e711cadc/pilot-v4-supervisor/result.json
d177c19610d59bda21a4418912c1185ee821ed0da9b3272808fe98d16bbb4c92	75	e2e-e711cadc/pilot-v5/compaction-start.json
26427df97f77d11f9b00daffbcddcf179984f66f76c38e86a3d1b46f410127de	73	e2e-e711cadc/pilot-v5/compaction-status.json
b4b240d3a170287d0ff84ab602a45f6682c3423256dab184310fca5685c00de4	7759	e2e-e711cadc/pilot-v5/describe-disabled-after-restart.json
f6ddf2457fad94f2f9373faec5bad9c2cd03f396085ac386ae8ec675a229c0a7	5668	e2e-e711cadc/pilot-v5/describe-enabled.json
b4b240d3a170287d0ff84ab602a45f6682c3423256dab184310fca5685c00de4	7759	e2e-e711cadc/pilot-v5/describe-fallback-tail.json
5ebd078c47805a73dfa913f4f411619b71312e2d64637b2b8286bf2c276d91e2	380	e2e-e711cadc/pilot-v5/describe-raw.json
29ef52fdfe8e791ef86fded31488658174a9b886dbd7390c8ec25b7254df4081	13047	e2e-e711cadc/pilot-v5/describe-reenabled.json
eeb788286c81786113b15f4914ee95330ca9e6531928e784809b6f26aa61c8be	437	e2e-e711cadc/pilot-v5/effective-enabled.json
dac80201740cbbc3e658aa6bcca8aac47dde9b455fe171e440e4d06853335e73	68097	e2e-e711cadc/pilot-v5/events.jsonl
0c1d83b5f1ca91ca0f1b86acec6c9c50ea6ee60133641dbbf725bd75db6741e8	3635478	e2e-e711cadc/pilot-v5/metrics-after-compaction.json
66f90cf8c8ec396a75b26acfbc8f2928df6124853377dbe5223c55619aa268d2	3530025	e2e-e711cadc/pilot-v5/metrics-baseline.json
eaf65706500bba04dc117a07c4212922dbc1d7006c01ca121045dc87e131478d	3530284	e2e-e711cadc/pilot-v5/metrics-disabled-after-restart.json
e2bc292da0cb86210482adb9631858add5c2693f098c6282a2f79335d1b7b3cc	3635287	e2e-e711cadc/pilot-v5/metrics-enabled.json
930042cfb6682b3be6c717ce2943bcd290af83a39e418117f4b208c462e31200	3530301	e2e-e711cadc/pilot-v5/metrics-final.json
13167e94e463a5c78715e2d202c00cade04210969915e2da9b9e6cf705eebd7d	3634691	e2e-e711cadc/pilot-v5/metrics-small-writes-before-compaction.json
cd23d1ffb3c702dc4e8a13e1c80a4f9cb968c7c45628490b82f45772c67e43b8	527	e2e-e711cadc/pilot-v5/result.json
6808760434bcee1b57ed84690713cb4be1f22631ceb61735b88994ee1fc5d1b1	1231	e2e-e711cadc/pilot-v5/small-writes-after-compaction.json
0a440613d3e8a873f7aa3f890dd33852e16de7f8576ee99bbb2cd2fada71aac5	4730	e2e-e711cadc/pilot-v5/small-writes-before-compaction.json
50df785ef9280deb1bcaee5ad48f0d1cad5d4c63779d899862ea30bad5f212a3	536	e2e-e711cadc/pilot-v5/volume.json
e3b0c44298fc1c149afbf4c8996fb92427ae41e4649b934ca495991b7852b855	0	e2e-e711cadc/pilot-v5/kikimr_working_dir/netData.tsv
44136fa355b3678a1146ad16f7e8649e94fb4fc21fe77e8310c060f61caaff8a	2	e2e-e711cadc/pilot-v5-supervisor/cleanup-before.json
00fe389fbc14070654d75eb50205e5d3733fc51948c4425ce3afa2ef32fcccc8	815	e2e-e711cadc/pilot-v5-supervisor/identity.json
4b6a64ec8e8cc809761dd51bce899e467f4cb2cc4d0e5664497e4153a90d03d6	57	e2e-e711cadc/pilot-v5-supervisor/processes.json
c81dca7083d4840d12a659aa1492ff8a3d28c808bed2d5329d9500bb5a4d74d9	85	e2e-e711cadc/pilot-v5-supervisor/result.json
761698eeb7acc4c0b44d1916f066498589676863c9b35925115494845a12cb3b	3525	e2e-e7c0bdbf/environment.json
0d0af9b4295c55974b209e5526ab040fdbdcc0f34674d391f7ce0ffe673693ca	24079	e2e-e7c0bdbf/evidence.json
24bbc945766796fa85a7bcbdbbc36159c27a21ad2dd3c631be5575173c8efcfc	9468	e2e-e7c0bdbf/plan.json
e26e862b07c820281ed5c16e0043784eaca716cb1d6b5f74c08a0b0817fade7c	9467	e2e-e7c0bdbf/b7b94a9c-c552-4a48-b515-5345beb3ebdb/plan.json
f46d5c7ccb69178989f3190ca6db509bcb1b9274cda6cb55a53efef91db558b2	11684	e2e-e7c0bdbf/b7b94a9c-c552-4a48-b515-5345beb3ebdb/state.json
e3b0c44298fc1c149afbf4c8996fb92427ae41e4649b934ca495991b7852b855	0	e2e-e7c0bdbf/b7b94a9c-c552-4a48-b515-5345beb3ebdb/toolchain-environment.stderr
a965e3a791f8b060f6be7a6dad8fee5f57072f17fea0a1132d922cf47f57eb5c	500	e2e-e7c0bdbf/b7b94a9c-c552-4a48-b515-5345beb3ebdb/toolchain-environment.stdout
97c1a2620a8928e3f64dfed1aa4799441293b6cdbf58e139e45de23eeb907ad7	5637	e2e-e7c0bdbf/concurrent-tablet-v1/0-after-concurrent.json
244fa254b759fae960985c0b04b3c682679d0adb37d62def86034cf284fb1ee2	645	e2e-e7c0bdbf/concurrent-tablet-v1/0-config-0.json
1e8f3349c4372bdfde1cf836726b659f0c95ae84750ec4efa1bf20313c7e0808	10303	e2e-e7c0bdbf/concurrent-tablet-v1/0-mixed-before.json
7d6755f3f545b25281551250ff4c172b2018f01164dc2aa708f891fd9a11677d	5604	e2e-e7c0bdbf/concurrent-tablet-v1/0-seed.json
05f835d2481ab824cc8df30d18edcc4f416defdf4d649c23337073ccccf13002	5637	e2e-e7c0bdbf/concurrent-tablet-v1/1-after-concurrent.json
244fa254b759fae960985c0b04b3c682679d0adb37d62def86034cf284fb1ee2	645	e2e-e7c0bdbf/concurrent-tablet-v1/1-config-0.json
809fbcb919963a9806469df3531e3dc8476844b801bedfbd672a939f9faedb17	10303	e2e-e7c0bdbf/concurrent-tablet-v1/1-mixed-before.json
c4b6c17978c1b27cf9b78facfcd4322fbf961132293785a856b5b651940c138c	5604	e2e-e7c0bdbf/concurrent-tablet-v1/1-seed.json
0a6e22094484282d50f05ba89055b5d63b22e092cb7c300b0493ee306628034b	5637	e2e-e7c0bdbf/concurrent-tablet-v1/2-after-concurrent.json
244fa254b759fae960985c0b04b3c682679d0adb37d62def86034cf284fb1ee2	645	e2e-e7c0bdbf/concurrent-tablet-v1/2-config-0.json
f202544fe93dd442722b3f2a0ba5fcc7a6f30bdaae0e3397c3dcb91e4b0bff67	10303	e2e-e7c0bdbf/concurrent-tablet-v1/2-mixed-before.json
1e2247d2fbe4c7b5029cb6d23f289903a4d1e4404c367427661e3f52df520207	5604	e2e-e7c0bdbf/concurrent-tablet-v1/2-seed.json
6ae14d46a98d4a23538c3d144ad670f6e5115a67e016081fab2704992d8cdcc3	5637	e2e-e7c0bdbf/concurrent-tablet-v1/3-after-concurrent.json
244fa254b759fae960985c0b04b3c682679d0adb37d62def86034cf284fb1ee2	645	e2e-e7c0bdbf/concurrent-tablet-v1/3-config-0.json
d5e19f61c2101fc649230987e5891b96b1ee6224d9a1b4edb84c27d1c3639e9c	10303	e2e-e7c0bdbf/concurrent-tablet-v1/3-mixed-before.json
2cc56c404337e0ae26ff1c2d8872e05f81ac44c79bb0ecde3cc2e1fba72d44e5	5604	e2e-e7c0bdbf/concurrent-tablet-v1/3-seed.json
e8316e549cc9b68977129f1d4525199d6de06fcda8ad344622398c3551e610f3	5637	e2e-e7c0bdbf/concurrent-tablet-v1/4-after-concurrent.json
244fa254b759fae960985c0b04b3c682679d0adb37d62def86034cf284fb1ee2	645	e2e-e7c0bdbf/concurrent-tablet-v1/4-config-0.json
e148c66b039b27fcd63b2436af4122bb2a16cc8dd2f8f68c3467cca9699191f9	10303	e2e-e7c0bdbf/concurrent-tablet-v1/4-mixed-before.json
8333dbe4a69fa501ae6b1c333e5c90ef766d4231d907a3cebae4bf1621bae08e	5604	e2e-e7c0bdbf/concurrent-tablet-v1/4-seed.json
d2ce1ef516e1e30cad80f0edc98455faaec7faed0948c9c70be32a0bf5f7f395	5637	e2e-e7c0bdbf/concurrent-tablet-v1/5-after-concurrent.json
244fa254b759fae960985c0b04b3c682679d0adb37d62def86034cf284fb1ee2	645	e2e-e7c0bdbf/concurrent-tablet-v1/5-config-0.json
2621d7b1a1bbf9adf1dda0b5eb1e55033ff2fe963427678e1c5394877ecd6e20	10303	e2e-e7c0bdbf/concurrent-tablet-v1/5-mixed-before.json
601a028a9df2cd7bc7b339ba5251f9025ebcd16338dcd0a799fb197f9464ca3f	5604	e2e-e7c0bdbf/concurrent-tablet-v1/5-seed.json
cf81545770f6b3abec0e60f471007c4af001ad1d2a68e187b248eaf111d2d2b6	5637	e2e-e7c0bdbf/concurrent-tablet-v1/6-after-concurrent.json
244fa254b759fae960985c0b04b3c682679d0adb37d62def86034cf284fb1ee2	645	e2e-e7c0bdbf/concurrent-tablet-v1/6-config-0.json
d0d75bf98bd0293c2925166be98cf6c5feaddea9623c7a65f88ce576224ad4d0	10303	e2e-e7c0bdbf/concurrent-tablet-v1/6-mixed-before.json
436fb2d301009d7813ff9530299e449ebcf766e99be0d3c894219751786c3a11	5604	e2e-e7c0bdbf/concurrent-tablet-v1/6-seed.json
2516b9511037ebd0e680f4b2ee828b171389f1223de73c8ccedaa4a475b96133	5637	e2e-e7c0bdbf/concurrent-tablet-v1/7-after-concurrent.json
244fa254b759fae960985c0b04b3c682679d0adb37d62def86034cf284fb1ee2	645	e2e-e7c0bdbf/concurrent-tablet-v1/7-config-0.json
6d4abba821d76a7351412066d214e47dc7844d0c067a64624c948e7de7cae41f	10303	e2e-e7c0bdbf/concurrent-tablet-v1/7-mixed-before.json
c21be9f2b7b6a54831e96d8329d07fdd0e08879cb664ca412025552ed042a70c	5604	e2e-e7c0bdbf/concurrent-tablet-v1/7-seed.json
52cee43a21446ecd7cf8a46c33c2c815de4b13a75bf5d890b4eae6c62fa8d48d	480	e2e-e7c0bdbf/concurrent-tablet-v1/counter-deltas.json
99e7713ba7bfa291de097a1db036dac5d04c483286c8b7d7a6fb450bf17e73fd	1059428	e2e-e7c0bdbf/concurrent-tablet-v1/events.jsonl
f18589e22ae394ead3cfa9e25e5c3a6834acde62d5735f7af7195a89581291f6	4909186	e2e-e7c0bdbf/concurrent-tablet-v1/metrics-after-concurrent.json
46c5e192118acb2ce786a64911860eb21d379f1b0d90fc7e851c35fd92c54731	4908974	e2e-e7c0bdbf/concurrent-tablet-v1/metrics-after-tablet.json
1b20d51107ec977ea781a2a4c20350f4c807c7f47341a14e6a548555b4e2c0d1	3438879	e2e-e7c0bdbf/concurrent-tablet-v1/metrics-baseline.json
76af246dcd1908a2e93b993f99f2fa3b4d74dacf6e171858fe01cd67f3077673	4798968	e2e-e7c0bdbf/concurrent-tablet-v1/metrics-before-concurrent.json
82f01a80049c6855891094d39a135b6f6684db6c040e8fcdb9ba7aca2f7e0dda	299554	e2e-e7c0bdbf/concurrent-tablet-v1/metrics-series.jsonl
042bb1d4fd2bce4075eb1e6563612682cd7f6e00463ca317e34a4700703065d5	5850	e2e-e7c0bdbf/concurrent-tablet-v1/result.json
1017fd429de6dd2969e3692ab6f7f7bb5a244eb13f37c04c6605a9b90de62b6f	4106	e2e-e7c0bdbf/concurrent-tablet-v1/workers.json
e3b0c44298fc1c149afbf4c8996fb92427ae41e4649b934ca495991b7852b855	0	e2e-e7c0bdbf/concurrent-tablet-v1/kikimr_working_dir/netData.tsv
a70d96d73506391b367f04c147615bfb3ca933ee19cf9044e3c9717a59b456b5	135	e2e-e7c0bdbf/concurrent-tablet-v1-guard-selftest/selftest.json
44136fa355b3678a1146ad16f7e8649e94fb4fc21fe77e8310c060f61caaff8a	2	e2e-e7c0bdbf/concurrent-tablet-v1-guard-selftest/failure/cleanup-before.json
07732f0aeeb6c846c588cf1370d1a1cf55e8788840e75bf744f8e670726afae7	484	e2e-e7c0bdbf/concurrent-tablet-v1-guard-selftest/failure/identity.json
c87ddd2e512b4feb8ea60187852ba001301bf635b2e6f562132bc9c2538c8acb	57	e2e-e7c0bdbf/concurrent-tablet-v1-guard-selftest/failure/processes.json
50943746efb18d7da2cdaff8fa840fa8b1e736d8e86c72a129f5f3426978671c	85	e2e-e7c0bdbf/concurrent-tablet-v1-guard-selftest/failure/result.json
6fb1437b378d84600a4298e14799c500076eb18587a8e3cd582981df3c7d87cf	57	e2e-e7c0bdbf/concurrent-tablet-v1-guard-selftest/lostpid/cleanup-before.json
d806ac176ac47475d10f496a90767938d51f73c95215e74b552f53f72b966d9f	711	e2e-e7c0bdbf/concurrent-tablet-v1-guard-selftest/lostpid/identity.json
2f728cc9e6989174a1821d470df0bb737873ddcd6100b8b96c4a36a92f79bf33	84	e2e-e7c0bdbf/concurrent-tablet-v1-guard-selftest/lostpid/result.json
44136fa355b3678a1146ad16f7e8649e94fb4fc21fe77e8310c060f61caaff8a	2	e2e-e7c0bdbf/concurrent-tablet-v1-guard-selftest/normal/cleanup-before.json
8e5ce56f2338ea1e90e332fc7e02426726065e9f4493074dccd7f5d2fa7cc23c	481	e2e-e7c0bdbf/concurrent-tablet-v1-guard-selftest/normal/identity.json
63dc9e51bf3bedff526d580ea1bc983276ba0fd3cef0f8d0278a5f3a93639b01	57	e2e-e7c0bdbf/concurrent-tablet-v1-guard-selftest/normal/processes.json
1e128be060bee057bd5a7004b27cae7eef4d4dd724d04a557f9cb51e5e03ae6f	85	e2e-e7c0bdbf/concurrent-tablet-v1-guard-selftest/normal/result.json
c6d18f1f19e48262c7e65dfa041b18faf36ee06c5f1b98b2c9c21bfcb7f56b54	57	e2e-e7c0bdbf/concurrent-tablet-v1-guard-selftest/parentdeath/cleanup-before.json
f8908c2a40970e0637941766343dd2bed6de6d9317772fe11d85d1b9bf9c6103	530	e2e-e7c0bdbf/concurrent-tablet-v1-guard-selftest/parentdeath/identity.json
8e18ec29ea0dfa7f8cf98d737c207cf63c07a09628bd26d5ad3cf2faa690af99	57	e2e-e7c0bdbf/concurrent-tablet-v1-guard-selftest/parentdeath/processes.json
2b9d57ec7cc528bccec5d9e4c5a5c6711c69a4e072331652900f353f80bffd13	84	e2e-e7c0bdbf/concurrent-tablet-v1-guard-selftest/parentdeath/result.json
44136fa355b3678a1146ad16f7e8649e94fb4fc21fe77e8310c060f61caaff8a	2	e2e-e7c0bdbf/concurrent-tablet-v1-supervisor/cleanup-before.json
5dcda0e61156c559ccdd9e0e4d63034dbf15112fb8480312f65008bee893e9b5	861	e2e-e7c0bdbf/concurrent-tablet-v1-supervisor/identity.json
5e5818df33c54853fae313b098529920f1e3a6916debb884a33e45c79199a285	57	e2e-e7c0bdbf/concurrent-tablet-v1-supervisor/processes.json
33b4e5b86af4941d58e9745b794b038de820228c283bfb0ff0bca1570cd1dada	85	e2e-e7c0bdbf/concurrent-tablet-v1-supervisor/result.json
3ddacf04ea2767471694dbd946daa12bdc9cf34986a295d47fd553ff4892f6f8	3287	e2e-f47fb444/environment-final.json
97fdec0518caa18f44704ff7120633c31e01c222a8df3c6b70cb91fe1a4bb11f	5377	e2e-f47fb444/matrix-plan-v1.json
992a1dff4c96a653627750065a26bb902ea932ec435a01ba63269b4ca2730c26	5514	e2e-f47fb444/matrix-plan-v2.json
94632159c9a3e66af2b266ef3163dc9690fe07ef66368e6deb2d1befdf342347	14562	e2e-f47fb444/matrix-v1-artifacts.json
efe7253211c2e61e354ced7aeba62bdc94cb5ac5f67673f8157c9bb277cdc858	3276	e2e-f47fb444/matrix-v1-evidence.json
13c7b1b7fcaa9e52f345cebd712932f6b02fc62f9c0eda02309b6ab7fcd158f3	15804	e2e-f47fb444/matrix-v2-artifacts.json
b6f553866b70ccc00c3e4de90e9b85336512276b6f982f82b8596b77f48316d9	15710	e2e-f47fb444/matrix-v2-evidence.json
4208100bf43e15acfd9698b570ebc2de92527a5653ef8cdf7f471da8d2c18b40	702	e2e-f47fb444/reuse-audit.json
5df499830d2103f9d2225932100344a6a5a9c7be7f19952be218b9ed6f95f3fb	5519	e2e-f47fb444/stripe-plan-v1.json
1fa3c48289f5fbe4f6b23c42d9adda7267efdff0939991ff5aef9ec8970a9caf	11064	e2e-f47fb444/stripe-v1-artifacts.json
76d1f2c72ea8a9889101298956f83de8995f984b68b140778f6515c38a5425ac	8662	e2e-f47fb444/stripe-v1-evidence.json
97fdec0518caa18f44704ff7120633c31e01c222a8df3c6b70cb91fe1a4bb11f	5377	e2e-f47fb444/3c6a2cfa-9621-4520-8ee8-475b8546440e/plan.json
cdace2240078f5212d5c07dedb106222b07a07a4bc1b6803a7f2ada50499e1d9	3624	e2e-f47fb444/3c6a2cfa-9621-4520-8ee8-475b8546440e/state.json
5df499830d2103f9d2225932100344a6a5a9c7be7f19952be218b9ed6f95f3fb	5519	e2e-f47fb444/566b4eb0-878e-462e-9f32-ecd860c6f33d/plan.json
6397f3b326f24cd8e719e1c64e83ade1ec873eb04210a6a6b32ad0272fe1d7f4	5768	e2e-f47fb444/566b4eb0-878e-462e-9f32-ecd860c6f33d/state.json
992a1dff4c96a653627750065a26bb902ea932ec435a01ba63269b4ca2730c26	5514	e2e-f47fb444/60b80109-5055-4782-8009-5ea92b716ef4/plan.json
2671eee32c8167dd8795a3974da883574c2e85e9c9dbfc3cfc29a1df07a9075f	5769	e2e-f47fb444/60b80109-5055-4782-8009-5ea92b716ef4/state.json
80978c3d9474eff82471b7af517d034351cb5eeed1af2f8097bb6f5e4c009afe	10603	e2e-f47fb444/matrix-v1/base-after-overwrite-compaction.json
9daec5e142421389e6694033b9f1a3d5f296166be852abc3893ba8f94f9f7ac7	73	e2e-f47fb444/matrix-v1/base-compaction.json
2aec9a49b5f33f6ac09c47a4c21d60e818d13382bcd668542faa63c603aefe0f	5343	e2e-f47fb444/matrix-v1/base-compressed.json
b52a8e911ae24543a3b28a5a824e6ec44c227d491360b34f75d569f39750126a	437	e2e-f47fb444/matrix-v1/base-config-3.json
9e9a5d2ede3afb288d6104a6d2fde3bc118fe78fb1b038725459c57445855ad2	435	e2e-f47fb444/matrix-v1/base-config-4.json
c56bc486b2d79487022ec3c97293632a7683e0a168f2d775fc4a8c9be2d67617	380	e2e-f47fb444/matrix-v1/base-raw.json
1d47414edf427942eafda8131e5127b0f8109957d30e22be8e80fe9a483636dc	87	e2e-f47fb444/matrix-v1/base-scan.json
a9c9e65f6fb8119c25ebab027f2bcb2ddff2b1a80fcce44873c6393fa7d1dfa2	534	e2e-f47fb444/matrix-v1/base-volume.json
deba45085062284c6b764be11985ff2edb6b45b4620583d256a796fa148dbafd	10604	e2e-f47fb444/matrix-v1/bs128-after-overwrite-compaction.json
9daec5e142421389e6694033b9f1a3d5f296166be852abc3893ba8f94f9f7ac7	73	e2e-f47fb444/matrix-v1/bs128-compaction.json
e8a86beda5aeb36eeb92efa683b011046f47c3b2fd5cdefa91e84d3cfeeb8e4d	5346	e2e-f47fb444/matrix-v1/bs128-compressed.json
b52a8e911ae24543a3b28a5a824e6ec44c227d491360b34f75d569f39750126a	437	e2e-f47fb444/matrix-v1/bs128-config-1.json
9e9a5d2ede3afb288d6104a6d2fde3bc118fe78fb1b038725459c57445855ad2	435	e2e-f47fb444/matrix-v1/bs128-config-4.json
6aa046bc63c40e6ffccb2024c5fa07bac6907c7d55350fe0a460c59d47e5554c	376	e2e-f47fb444/matrix-v1/bs128-raw.json
1d47414edf427942eafda8131e5127b0f8109957d30e22be8e80fe9a483636dc	87	e2e-f47fb444/matrix-v1/bs128-scan.json
74ddae320982d4627415527c37b723e63395b509da13102c0b1ae380a45eb7df	536	e2e-f47fb444/matrix-v1/bs128-volume.json
219482d5649ea42acd8f7bb3adb6401fc62268e8735192384ba9d30a4d2db313	10600	e2e-f47fb444/matrix-v1/bs64-after-overwrite-compaction.json
9daec5e142421389e6694033b9f1a3d5f296166be852abc3893ba8f94f9f7ac7	73	e2e-f47fb444/matrix-v1/bs64-compaction.json
7ab36dc93fbc36d1403003b887682668fbc50ae0780c7b597a9b3aaf284c910d	5343	e2e-f47fb444/matrix-v1/bs64-compressed.json
b52a8e911ae24543a3b28a5a824e6ec44c227d491360b34f75d569f39750126a	437	e2e-f47fb444/matrix-v1/bs64-config-0.json
9e9a5d2ede3afb288d6104a6d2fde3bc118fe78fb1b038725459c57445855ad2	435	e2e-f47fb444/matrix-v1/bs64-config-4.json
eadf7a4d5b984797b0fc7680c128c0b518a2af68667183a7308016680aea7265	376	e2e-f47fb444/matrix-v1/bs64-raw.json
1d47414edf427942eafda8131e5127b0f8109957d30e22be8e80fe9a483636dc	87	e2e-f47fb444/matrix-v1/bs64-scan.json
61a4f810681a4419e4136ab32082fec26821ddbf0680c5bf92840ac669a2e8be	534	e2e-f47fb444/matrix-v1/bs64-volume.json
3a967625868b73513ddcfbea099c32e75621d559bff6c2fc6a6911b9f78e0412	35846	e2e-f47fb444/matrix-v1/events.jsonl
3295acea11f4e7320f4377d0d039a0620a72b5ea6cac7abe1be4f9f08be6f13f	3438881	e2e-f47fb444/matrix-v1/metrics-baseline.json
3d66a6b42ce64ff6b49def972bfe2569d14b4bc5faaf61730569222b828324a8	3863387	e2e-f47fb444/matrix-v1/metrics-before-crash.json
7fb1e6ca65664ba6405d7443382045e57c81242800d42b4fa4fdd0a5716ed2ca	625	e2e-f47fb444/matrix-v1/overlay-volume.json
6f1fe739910abfb187f3a0e113e3df373f660c152dd35a2de3f2e13ace6e4b87	1588	e2e-f47fb444/matrix-v1/result.json
3276fcd79a7983077c75c6e7e330377ab50667afd4de182b9525d8e53690b4d5	10603	e2e-f47fb444/matrix-v1/stripe2-after-overwrite-compaction.json
5dfd581cba4e838789f89e24d6a5dd311150199d0f83a12058ea873b2e54c64b	160	e2e-f47fb444/matrix-v1/stripe2-compaction.json
8f110323938db4f4348f275d960a0d279b50f0d208d26f052f4b9aaa5b32efe2	5343	e2e-f47fb444/matrix-v1/stripe2-compressed.json
b52a8e911ae24543a3b28a5a824e6ec44c227d491360b34f75d569f39750126a	437	e2e-f47fb444/matrix-v1/stripe2-config-2.json
9e9a5d2ede3afb288d6104a6d2fde3bc118fe78fb1b038725459c57445855ad2	435	e2e-f47fb444/matrix-v1/stripe2-config-4.json
762e22813e70132372c401164cc879ecd6a74df4a9ff235d2d83afc6a05350c7	380	e2e-f47fb444/matrix-v1/stripe2-raw.json
1d47414edf427942eafda8131e5127b0f8109957d30e22be8e80fe9a483636dc	87	e2e-f47fb444/matrix-v1/stripe2-scan.json
3f3e13701c557bb34e62d62403d108264808643edf3e126226751ed65e056870	564	e2e-f47fb444/matrix-v1/stripe2-volume.json
e3b0c44298fc1c149afbf4c8996fb92427ae41e4649b934ca495991b7852b855	0	e2e-f47fb444/matrix-v1/kikimr_working_dir/netData.tsv
44136fa355b3678a1146ad16f7e8649e94fb4fc21fe77e8310c060f61caaff8a	2	e2e-f47fb444/matrix-v1-supervisor/cleanup-before.json
218d2abef13e4d750ea2381371745d9d4d20de0d59d5f6c048e0f3db6f692a22	817	e2e-f47fb444/matrix-v1-supervisor/identity.json
162d856dcaa68ac2fa3661d99b9ff84934896a77b9adcffc88b72520348c51b7	57	e2e-f47fb444/matrix-v1-supervisor/processes.json
a164597a9efeaf0449760897414ddc4e87c0a911fb162fd2917b75299166fb67	85	e2e-f47fb444/matrix-v1-supervisor/result.json
6089a442d29e2d94acc5e8f26c0782dcc2b4fe8bee607a689d9c82fa49bf610f	10603	e2e-f47fb444/matrix-v2/base-after-overwrite-compaction.json
9daec5e142421389e6694033b9f1a3d5f296166be852abc3893ba8f94f9f7ac7	73	e2e-f47fb444/matrix-v2/base-compaction.json
bba87da1b5ef690a402b32214b462fa16df1ac34b89bdc1db161e55ae5bd05ab	5343	e2e-f47fb444/matrix-v2/base-compressed.json
b52a8e911ae24543a3b28a5a824e6ec44c227d491360b34f75d569f39750126a	437	e2e-f47fb444/matrix-v2/base-config-3.json
9e9a5d2ede3afb288d6104a6d2fde3bc118fe78fb1b038725459c57445855ad2	435	e2e-f47fb444/matrix-v2/base-config-4.json
ce25f17f7d88fd6d278559f0f4bfe8fad5e0c41ce063927f7c52146143edade6	380	e2e-f47fb444/matrix-v2/base-raw.json
1d47414edf427942eafda8131e5127b0f8109957d30e22be8e80fe9a483636dc	87	e2e-f47fb444/matrix-v2/base-scan.json
74e87383c58fded1f430d31afc7ad63d1d134c09e4f3a82d9a9bbb711b2dc337	534	e2e-f47fb444/matrix-v2/base-volume.json
b84a49fde43d98bdd591a55aca45af90d5dd50f95e1bbbbc1428f9d81b8b4c20	10604	e2e-f47fb444/matrix-v2/bs128-after-overwrite-compaction.json
9daec5e142421389e6694033b9f1a3d5f296166be852abc3893ba8f94f9f7ac7	73	e2e-f47fb444/matrix-v2/bs128-compaction.json
85012bb5c08522fc39f962b54048ee51ad43386b38b8b8333200b4017bf848ab	5346	e2e-f47fb444/matrix-v2/bs128-compressed.json
b52a8e911ae24543a3b28a5a824e6ec44c227d491360b34f75d569f39750126a	437	e2e-f47fb444/matrix-v2/bs128-config-1.json
9e9a5d2ede3afb288d6104a6d2fde3bc118fe78fb1b038725459c57445855ad2	435	e2e-f47fb444/matrix-v2/bs128-config-4.json
82b8519974972e518a571b433851da758604628a013f44690051a735c4013ab5	376	e2e-f47fb444/matrix-v2/bs128-raw.json
1d47414edf427942eafda8131e5127b0f8109957d30e22be8e80fe9a483636dc	87	e2e-f47fb444/matrix-v2/bs128-scan.json
e2036eb96e0b5e9926ecee4546beacdd2f9331403ecd19f3b96f7fb2bd55447f	536	e2e-f47fb444/matrix-v2/bs128-volume.json
ff47275da7cc6e27fd8a544b03ce72f82ae5aaf5a08f19939bf93dc5f62d06c5	10600	e2e-f47fb444/matrix-v2/bs64-after-overwrite-compaction.json
9daec5e142421389e6694033b9f1a3d5f296166be852abc3893ba8f94f9f7ac7	73	e2e-f47fb444/matrix-v2/bs64-compaction.json
3fed96fdac7d83b51a059326bf64b00d5a8b674c6779043a3595c4cd236b4aa4	5343	e2e-f47fb444/matrix-v2/bs64-compressed.json
b52a8e911ae24543a3b28a5a824e6ec44c227d491360b34f75d569f39750126a	437	e2e-f47fb444/matrix-v2/bs64-config-0.json
9e9a5d2ede3afb288d6104a6d2fde3bc118fe78fb1b038725459c57445855ad2	435	e2e-f47fb444/matrix-v2/bs64-config-4.json
4c89738d9711c9fa25df3762d76eec583f118c3d86cefbfe906712b9da340af4	376	e2e-f47fb444/matrix-v2/bs64-raw.json
1d47414edf427942eafda8131e5127b0f8109957d30e22be8e80fe9a483636dc	87	e2e-f47fb444/matrix-v2/bs64-scan.json
72d5072c4238bfbd0ae16ac26547095beec39ef1250dad543ead0aed8232ef91	534	e2e-f47fb444/matrix-v2/bs64-volume.json
1f8b250773c6fcd4aa3143b9bad95097bb18fc607c0c9b9d96703f492dd57b98	45531	e2e-f47fb444/matrix-v2/events.jsonl
a90d803ec05113313980a83bb585c338284137306aa01a71b4050ccfcd4dc760	3862691	e2e-f47fb444/matrix-v2/metrics-after-recovery.json
358221b62c3fe6b585eaf7643c2baf0dd9b8eb0f12d8e46af5cac746eb23e69a	3438881	e2e-f47fb444/matrix-v2/metrics-baseline.json
1d359ab79cb13262a86f5216afbfb03bc19beb68f70d70828514447a9445a41d	3863203	e2e-f47fb444/matrix-v2/metrics-before-crash.json
0979a8a141622aeaa67954031107d2f14d4bc83bdbd3cc7a9296a0d506cd2f9d	625	e2e-f47fb444/matrix-v2/overlay-volume.json
84e525c286650d8913e8ec16bc70d0ef7dead2238e33d9242579715ce8bbed45	485	e2e-f47fb444/matrix-v2/result.json
34deea4a70284fdf85b185801e2bda470bccd013a68a93a6b86619c026952474	10603	e2e-f47fb444/matrix-v2/stripe2-after-overwrite-compaction.json
5dfd581cba4e838789f89e24d6a5dd311150199d0f83a12058ea873b2e54c64b	160	e2e-f47fb444/matrix-v2/stripe2-compaction.json
8a3d80d5581836bcdd3569d5d03f140d85123ca22e281f49115f599912332767	5343	e2e-f47fb444/matrix-v2/stripe2-compressed.json
b52a8e911ae24543a3b28a5a824e6ec44c227d491360b34f75d569f39750126a	437	e2e-f47fb444/matrix-v2/stripe2-config-2.json
9e9a5d2ede3afb288d6104a6d2fde3bc118fe78fb1b038725459c57445855ad2	435	e2e-f47fb444/matrix-v2/stripe2-config-4.json
a1c436f5fdbd65b4c50a386ae746d81ca439c9f08d4e0069eac8b3552dab3c07	380	e2e-f47fb444/matrix-v2/stripe2-raw.json
1d47414edf427942eafda8131e5127b0f8109957d30e22be8e80fe9a483636dc	87	e2e-f47fb444/matrix-v2/stripe2-scan.json
f8732950b179915fd024ab0b7575322ee51c456a7174b765d6f7d707b550262b	564	e2e-f47fb444/matrix-v2/stripe2-volume.json
e3b0c44298fc1c149afbf4c8996fb92427ae41e4649b934ca495991b7852b855	0	e2e-f47fb444/matrix-v2/kikimr_working_dir/netData.tsv
44136fa355b3678a1146ad16f7e8649e94fb4fc21fe77e8310c060f61caaff8a	2	e2e-f47fb444/matrix-v2-supervisor/cleanup-before.json
3a01e79a8a153b586b18fa25034be50bb3da904f069a06e3a7bce76014b8013c	817	e2e-f47fb444/matrix-v2-supervisor/identity.json
fa5356aac70a43e17b3f3a75b98e59db3a56b4dde0f38a0f3d2aa0cc84d09cb5	57	e2e-f47fb444/matrix-v2-supervisor/processes.json
56aa9ce2ead272f4de2de3b4ed171385bd32bcf416c4bb949a5a9b3e06265742	85	e2e-f47fb444/matrix-v2-supervisor/result.json
86b9940e4de7139d3a2ff13f92b12663300f1a23d368e13ec99ae6dda0996328	13984	e2e-f47fb444/stripe-v1/events.jsonl
bb116af5442e03028abcf10c0157760db77266ebd55f0c833fa937167bf1a295	3530642	e2e-f47fb444/stripe-v1/metrics-after-recovery.json
30788954ef8aa80a8a62776f3a1461e14ec2acbcf003a36c0c7c8b685de513e2	3438881	e2e-f47fb444/stripe-v1/metrics-baseline.json
20754011588d8bfe58115d4492820047fb1599de32e887a909d76aa36bcaadbd	3530949	e2e-f47fb444/stripe-v1/metrics-before-crash.json
c839328a982e87bf1ef0e46124bcf8e3aa098de4f78234f5428ca61663cf1d8a	209	e2e-f47fb444/stripe-v1/result.json
ee96fa55f2914afb369a7d0a1ff3912591e19de205f12427ee11e6a0fbc7ed06	13458	e2e-f47fb444/stripe-v1/stripe2-after-overwrite-compaction.json
5dfd581cba4e838789f89e24d6a5dd311150199d0f83a12058ea873b2e54c64b	160	e2e-f47fb444/stripe-v1/stripe2-compaction.json
cc01215859a140c8d93e45b5414d50e2d0dc9cf97970f802f7ae48399ff395ad	5343	e2e-f47fb444/stripe-v1/stripe2-compressed.json
b52a8e911ae24543a3b28a5a824e6ec44c227d491360b34f75d569f39750126a	437	e2e-f47fb444/stripe-v1/stripe2-config-0.json
9e9a5d2ede3afb288d6104a6d2fde3bc118fe78fb1b038725459c57445855ad2	435	e2e-f47fb444/stripe-v1/stripe2-config-1.json
5ebd078c47805a73dfa913f4f411619b71312e2d64637b2b8286bf2c276d91e2	380	e2e-f47fb444/stripe-v1/stripe2-raw.json
dbe233eb6951e53f8303355ce618f87c3a56a83e842e9911131f9f950bddf045	87	e2e-f47fb444/stripe-v1/stripe2-scan.json
3df2575d7a233215965ab9b12c6a85adcda82e099d2ee2a7275187d7b81bcee5	5799	e2e-f47fb444/stripe-v1/stripe2-stripe-crossing.json
e43e672883ceeff9cf424fa276d1900d0c1712fea587782ad5a030187cafc716	564	e2e-f47fb444/stripe-v1/stripe2-volume.json
e3b0c44298fc1c149afbf4c8996fb92427ae41e4649b934ca495991b7852b855	0	e2e-f47fb444/stripe-v1/kikimr_working_dir/netData.tsv
44136fa355b3678a1146ad16f7e8649e94fb4fc21fe77e8310c060f61caaff8a	2	e2e-f47fb444/stripe-v1-supervisor/cleanup-before.json
9704b860b22e4e0837a16bc7de8f4bc9cc825da35ba227f5c09a2fc7733199ff	817	e2e-f47fb444/stripe-v1-supervisor/identity.json
7dc962dd4e2517c26aaea9408d800dd1a8e66cd821253613fa1fe4aa31f90f57	57	e2e-f47fb444/stripe-v1-supervisor/processes.json
e58da926f1289a60f904c394a7efec5982338e52cfbfb8f738904c5ce30f3694	85	e2e-f47fb444/stripe-v1-supervisor/result.json
ef3d146e0442d6255a6243010106ea5e0e04d7e275a6d55ecbddd4152e66e092	4257	e6423a4f-28e5-4fde-b003-6468e3ce4a66/plan.json
2af119d1af37bcac6f07c28285dc498573d7c3b4eb3012d65e52d5b7274a5280	5511	e6423a4f-28e5-4fde-b003-6468e3ce4a66/state.json
ab08cfcbc538df3e6c6a1c84b9366f9d813205c878e252339246554ced30d0d0	12900	ea54fbe4-9364-4470-9539-09f79c1f172e/plan.json
0b115ba4c9fb9f0f71981d3613d58cbfe6c035a6b244b740941539ea4b09a901	5638	ea54fbe4-9364-4470-9539-09f79c1f172e/state.json
a946bd2195e5fbd4c4f96259fde709bc998c48a338d0390f2ee45b2d0bc8f56f	4264	eca8a57f-fb16-4737-8a09-40e06516164d/plan.json
4f3b4aa94695fd2bd47b349dd033601b28ec8bc42def78dd7ba26cc506d1458b	7176	eca8a57f-fb16-4737-8a09-40e06516164d/state.json
ac8d5b06a597dabbf6d28d27cae0783e766eb5a19815ff914d78010d90849081	4278	f067c0c3-1ce6-41d1-9d34-f998433b29a5/plan.json
988fd2219b12a02f7488b96dbadae7c07d92afa595f0a4b8405da92b513b0f86	5511	f067c0c3-1ce6-41d1-9d34-f998433b29a5/state.json
407771ffe467b17c0f609870a1ef80b2712367b96437251691b97d467c3bec87	9087	plans/0beaefd7-8a36-41c6-bc52-1bf0cce8096d/plan.json
f549ffaf6af4a4ee3d95fcd69a2fcee0fa3d0cbfa79ec2543aee67132b95c3ff	12067	plans/0beaefd7-8a36-41c6-bc52-1bf0cce8096d/state.json
e3b0c44298fc1c149afbf4c8996fb92427ae41e4649b934ca495991b7852b855	0	plans/0beaefd7-8a36-41c6-bc52-1bf0cce8096d/toolchain-environment.stderr
a965e3a791f8b060f6be7a6dad8fee5f57072f17fea0a1132d922cf47f57eb5c	500	plans/0beaefd7-8a36-41c6-bc52-1bf0cce8096d/toolchain-environment.stdout
6d1185514fd6cf9a58f64a5c6107b23dc7665bc0bc7afb29be0959d71143d124	5199	plans/0d67841b-2bd5-4c81-864d-dcb17a9c0470/plan.json
fa2786a57d270608b54cdfc83ed94474d984dd5b126cad75dd10814a4d75ca2a	7073	plans/0d67841b-2bd5-4c81-864d-dcb17a9c0470/state.json
e3b0c44298fc1c149afbf4c8996fb92427ae41e4649b934ca495991b7852b855	0	plans/0d67841b-2bd5-4c81-864d-dcb17a9c0470/toolchain-environment.stderr
a965e3a791f8b060f6be7a6dad8fee5f57072f17fea0a1132d922cf47f57eb5c	500	plans/0d67841b-2bd5-4c81-864d-dcb17a9c0470/toolchain-environment.stdout
e3b0c44298fc1c149afbf4c8996fb92427ae41e4649b934ca495991b7852b855	0	plans/28407ea3-ffef-431c-ae31-f1b8bd764f79/coverage.stderr
dd8bdca99d48f18ae2aa0c4eb1a4fd6452f9da3c49c76ecd5afce79c5c8c02dc	135	plans/28407ea3-ffef-431c-ae31-f1b8bd764f79/coverage.stdout
1441eadb4d8b55cbbea64b376196ebd0bf77e6d3c3a6cdd2a783f276c551e7d4	8176	plans/28407ea3-ffef-431c-ae31-f1b8bd764f79/plan.json
99a0339f7a897fd79c186b0c8729531d6611758bd8a0311b3395f4fc86566392	6743	plans/28407ea3-ffef-431c-ae31-f1b8bd764f79/state.json
e3b0c44298fc1c149afbf4c8996fb92427ae41e4649b934ca495991b7852b855	0	plans/28407ea3-ffef-431c-ae31-f1b8bd764f79/toolchain-environment.stderr
a965e3a791f8b060f6be7a6dad8fee5f57072f17fea0a1132d922cf47f57eb5c	500	plans/28407ea3-ffef-431c-ae31-f1b8bd764f79/toolchain-environment.stdout
17e2c0fc2948f834adcea7fa14f150a582c4509f8b452c4bf50e3735b5ab7e69	5426	plans/482c0a0b-9fc9-4ab4-a6d9-6d20f35a703a/plan.json
5747aab013cb3d6d9f9c7fff7af3a62b1e04c345e5de10bea7acfb6e1ce0859f	7104	plans/482c0a0b-9fc9-4ab4-a6d9-6d20f35a703a/state.json
e3b0c44298fc1c149afbf4c8996fb92427ae41e4649b934ca495991b7852b855	0	plans/482c0a0b-9fc9-4ab4-a6d9-6d20f35a703a/toolchain-environment.stderr
a965e3a791f8b060f6be7a6dad8fee5f57072f17fea0a1132d922cf47f57eb5c	500	plans/482c0a0b-9fc9-4ab4-a6d9-6d20f35a703a/toolchain-environment.stdout
ba9baab07f6db9e31383b3fa903e301a014b8172cac4899548c2e2239c51247b	15437	plans/4ade5a70-cd8c-4e2d-bca4-880be6ab5b66/plan.json
0bbb048b8cc02087d3582912821599c22e606373902d9ad21355633aace3af74	17501	plans/4ade5a70-cd8c-4e2d-bca4-880be6ab5b66/state.json
e3b0c44298fc1c149afbf4c8996fb92427ae41e4649b934ca495991b7852b855	0	plans/4ade5a70-cd8c-4e2d-bca4-880be6ab5b66/toolchain-environment.stderr
a965e3a791f8b060f6be7a6dad8fee5f57072f17fea0a1132d922cf47f57eb5c	500	plans/4ade5a70-cd8c-4e2d-bca4-880be6ab5b66/toolchain-environment.stdout
0be741b9012e358e5503d5fea4d08bef729b14ff4f210af6cb69ca76b6aa8b45	7587	plans/4f196499-28b8-4f51-b570-f77b13cc3458/plan.json
d4a83535f85bf3db9bc3e05519f7e02f514c1083751aa6ea917a8a9604cabcbd	9895	plans/4f196499-28b8-4f51-b570-f77b13cc3458/state.json
e3b0c44298fc1c149afbf4c8996fb92427ae41e4649b934ca495991b7852b855	0	plans/4f196499-28b8-4f51-b570-f77b13cc3458/toolchain-environment.stderr
a965e3a791f8b060f6be7a6dad8fee5f57072f17fea0a1132d922cf47f57eb5c	500	plans/4f196499-28b8-4f51-b570-f77b13cc3458/toolchain-environment.stdout
957b6d81abf740a43ea7952fe68cbc2db94f318dd9917a7ee0825c4f5bec332e	15577	plans/54f6c9d8-0c7c-4fc8-8f14-32c8d7be1e67/plan.json
7b397b3a7100ea5cf78b450ac376cd3755ea4b51ea62e6d8517309c77677bcf3	17680	plans/54f6c9d8-0c7c-4fc8-8f14-32c8d7be1e67/state.json
e3b0c44298fc1c149afbf4c8996fb92427ae41e4649b934ca495991b7852b855	0	plans/54f6c9d8-0c7c-4fc8-8f14-32c8d7be1e67/toolchain-environment.stderr
a965e3a791f8b060f6be7a6dad8fee5f57072f17fea0a1132d922cf47f57eb5c	500	plans/54f6c9d8-0c7c-4fc8-8f14-32c8d7be1e67/toolchain-environment.stdout
a69ae83145f660dafb766f15f48b9a8f4262b054ec2880652db79ebd7dee31b8	16685	plans/5fe3e5da-e170-4a61-a1ba-33aefdf081ef/plan.json
f99eb11b1381f0621b3c6955e81daca85ddd6995daf518b21b146c22fb0da729	20228	plans/5fe3e5da-e170-4a61-a1ba-33aefdf081ef/state.json
e3b0c44298fc1c149afbf4c8996fb92427ae41e4649b934ca495991b7852b855	0	plans/5fe3e5da-e170-4a61-a1ba-33aefdf081ef/toolchain-environment.stderr
a965e3a791f8b060f6be7a6dad8fee5f57072f17fea0a1132d922cf47f57eb5c	500	plans/5fe3e5da-e170-4a61-a1ba-33aefdf081ef/toolchain-environment.stdout
04ef4f3827119ff1ffeda143e5559b575d7752f53dea79135dd0717bc0247608	22090	plans/87e3eb46-12bc-45e1-a678-8994b5a77cfd/plan.json
294a68a9a6953ccc2a9129ebf42a29052e5fc94e236cfa703060a683f7927428	23654	plans/87e3eb46-12bc-45e1-a678-8994b5a77cfd/state.json
e3b0c44298fc1c149afbf4c8996fb92427ae41e4649b934ca495991b7852b855	0	plans/87e3eb46-12bc-45e1-a678-8994b5a77cfd/toolchain-environment.stderr
a965e3a791f8b060f6be7a6dad8fee5f57072f17fea0a1132d922cf47f57eb5c	500	plans/87e3eb46-12bc-45e1-a678-8994b5a77cfd/toolchain-environment.stdout
070cbbcf798f0725c34e475133e8258d5231b7b95d26ee19c18a67bbeee4b9e1	5073	plans/9fd38f56-de54-4aad-bdd1-8cdd71d1c22c/plan.json
b7b077fb05334cebad7f5eb4c34442bee46f66d001bfae90cfb11919cfc9fed3	4917	plans/9fd38f56-de54-4aad-bdd1-8cdd71d1c22c/state.json
e3b0c44298fc1c149afbf4c8996fb92427ae41e4649b934ca495991b7852b855	0	plans/9fd38f56-de54-4aad-bdd1-8cdd71d1c22c/toolchain-environment.stderr
a965e3a791f8b060f6be7a6dad8fee5f57072f17fea0a1132d922cf47f57eb5c	500	plans/9fd38f56-de54-4aad-bdd1-8cdd71d1c22c/toolchain-environment.stdout
341543f7c6fc8b440ed671693b47c74552e09d46997443ea9580186f0f609625	19540	plans/b06d02d2-486f-45c4-b84c-43f2c4cd2fd0/plan.json
49ac5478cdfc051450518712bb8445757c769c31d16b621629386576ddfb3eec	18120	plans/b06d02d2-486f-45c4-b84c-43f2c4cd2fd0/state.json
e3b0c44298fc1c149afbf4c8996fb92427ae41e4649b934ca495991b7852b855	0	plans/b06d02d2-486f-45c4-b84c-43f2c4cd2fd0/toolchain-environment.stderr
a965e3a791f8b060f6be7a6dad8fee5f57072f17fea0a1132d922cf47f57eb5c	500	plans/b06d02d2-486f-45c4-b84c-43f2c4cd2fd0/toolchain-environment.stdout
ba1999d91e8d358acf57e60c0cdb657ef14a5ce4d12b1b9e6af564e8a8d4bfd8	22090	plans/b2f4e4d2-9997-443d-802a-20db9c0a6826/plan.json
4f76e37d553ded183741c99b8d7377f5bdfe7bfbc15823d1f31f9553522f447c	7725	plans/b2f4e4d2-9997-443d-802a-20db9c0a6826/state.json
e3b0c44298fc1c149afbf4c8996fb92427ae41e4649b934ca495991b7852b855	0	plans/b2f4e4d2-9997-443d-802a-20db9c0a6826/toolchain-environment.stderr
a965e3a791f8b060f6be7a6dad8fee5f57072f17fea0a1132d922cf47f57eb5c	500	plans/b2f4e4d2-9997-443d-802a-20db9c0a6826/toolchain-environment.stdout
a9c90fa1ec50a17db4df014b1bd764c5d9015813772e1d879d3c4d80dc5cd29b	8948	plans/c1458d40-a1c3-4121-9b1c-b916d41edb71/plan.json
22c4e404bce286f99dcbe20c9169a07d633d53a789824394c5f1a0d6065449b0	9991	plans/c1458d40-a1c3-4121-9b1c-b916d41edb71/state.json
e3b0c44298fc1c149afbf4c8996fb92427ae41e4649b934ca495991b7852b855	0	plans/c1458d40-a1c3-4121-9b1c-b916d41edb71/toolchain-environment.stderr
a965e3a791f8b060f6be7a6dad8fee5f57072f17fea0a1132d922cf47f57eb5c	500	plans/c1458d40-a1c3-4121-9b1c-b916d41edb71/toolchain-environment.stdout
85d7ea2cf6d4869ab36921dad285effb7bda9304fdf15bf16d669fd6e895a033	5079	plans/c8577c2c-c254-4f5d-8be7-802983561f4b/plan.json
edffdb3663c86a249a91f5742ef4f16d304dfe6a78ead947318bd53e586a0d6e	6888	plans/c8577c2c-c254-4f5d-8be7-802983561f4b/state.json
e3b0c44298fc1c149afbf4c8996fb92427ae41e4649b934ca495991b7852b855	0	plans/c8577c2c-c254-4f5d-8be7-802983561f4b/toolchain-environment.stderr
a965e3a791f8b060f6be7a6dad8fee5f57072f17fea0a1132d922cf47f57eb5c	500	plans/c8577c2c-c254-4f5d-8be7-802983561f4b/toolchain-environment.stdout
3418bb29e5c5ea0c60137f624305d33fedf05827c35275d6db05903424ecc364	9045	plans/e12f2438-5c15-4de0-b85a-5f9e7fa82d1b/plan.json
1a63fbf6cd01bb10fd25f0e85f9acc6c46b5930fbae68cb4cf5e49f032bef271	8253	plans/e12f2438-5c15-4de0-b85a-5f9e7fa82d1b/state.json
e3b0c44298fc1c149afbf4c8996fb92427ae41e4649b934ca495991b7852b855	0	plans/e12f2438-5c15-4de0-b85a-5f9e7fa82d1b/toolchain-environment.stderr
a965e3a791f8b060f6be7a6dad8fee5f57072f17fea0a1132d922cf47f57eb5c	500	plans/e12f2438-5c15-4de0-b85a-5f9e7fa82d1b/toolchain-environment.stdout
d59916213cf934f4d2d75240dfe72815e1f9d0f7f094c869bf7f89026e7daa92	19408	plans/e703c901-9d48-486b-bee3-e87f4927f58f/plan.json
21abfece924731e577fb4a9b0a187bccf3cbd0ba498cdebd0ad797333a35f580	20922	plans/e703c901-9d48-486b-bee3-e87f4927f58f/state.json
e3b0c44298fc1c149afbf4c8996fb92427ae41e4649b934ca495991b7852b855	0	plans/e703c901-9d48-486b-bee3-e87f4927f58f/toolchain-environment.stderr
a965e3a791f8b060f6be7a6dad8fee5f57072f17fea0a1132d922cf47f57eb5c	500	plans/e703c901-9d48-486b-bee3-e87f4927f58f/toolchain-environment.stdout
2334fd7f1d6bfc798d695d1cfac15689f2ebdd897d6c814039251ab904ceffa6	23301	tests-0bef8547/cloud_blockstore_libs_storage_core_ut-manifest.json
1857f1b1f6d0aa3a0d31605fc2b628e66ad42fc6660a1b71891fc32a087f1905	16454	tests-0bef8547/cloud_blockstore_libs_storage_volume_model_ut-manifest.json
ccf4484031dc1dcc670f0ae0e2a832e9f2063f04f3cc4d32c8eaa20656de5cc8	19815	tests-0bef8547/cloud_storage_core_libs_features_ut-manifest.json
ade631be7bce644cf4b5da051f8b42c803c1d2494140c9d6d8b43395be595675	22727	tests-0bef8547/coverage-summary.json
41e5dce6490adc47d59668340d5a7fe38006604f58f7d0574955f3c9bb59ea7f	360946	tests-0bef8547/junit.xml
b2307862964cbff17162db5566386f6c90d2fa980b510d98c6eb8ee185cf2d84	24500	tests-0bef8547/llvm-report-plan.json
63b0bb03ee8f1393c8ee67519ce7be0550ec30d3776f9080760947cdde5955a6	4435	tests-0bef8547/plan.json
f6bda1a90fd26dc745722a741ecc32f6abeaef0c8e2e06445c662121c37c8100	2655	tests-0bef8547/postprocess-plan.json
743d483577dc25afbc2f42ffcfd44b84ea51eb1e52e2d92dfbd9b831cecda2b5	383110	tests-0bef8547/profile-audit.json
042e1ebf7832e5fa6ef06c6b25a61a233e08ced3ab96c3ddf0265dfe0c51cfe4	7753	tests-0bef8547/reports-plan.json
961dfd6e1a289431a4768f96d3cb98db3300a75087ddbefdd0ae4c37d4bf0b30	2654	tests-0bef8547/0d7b7047-2080-4dac-9226-6767ef8010b0/plan.json
79b1224d126bc35aa9e4796ffd3d5cf187eb265bac7ee6f3952cfca63f90f0b7	4624	tests-0bef8547/0d7b7047-2080-4dac-9226-6767ef8010b0/state.json
e3b0c44298fc1c149afbf4c8996fb92427ae41e4649b934ca495991b7852b855	0	tests-0bef8547/183cbe8a-43d3-4cea-8140-604b9ffcfaac/coverage-cloud_blockstore_libs_storage_core_ut.stderr
975b9fbe8571c179fa934f4ae384f2eb3f52326314b7c6e78ccbbdcb3c08552c	160	tests-0bef8547/183cbe8a-43d3-4cea-8140-604b9ffcfaac/coverage-cloud_blockstore_libs_storage_core_ut.stdout
e3b0c44298fc1c149afbf4c8996fb92427ae41e4649b934ca495991b7852b855	0	tests-0bef8547/183cbe8a-43d3-4cea-8140-604b9ffcfaac/coverage-cloud_blockstore_libs_storage_partition_model_ut.stderr
6308b464e04b56e5065c10993d21d7d02f363381a3f05ea2c1f9c1c86db94034	181	tests-0bef8547/183cbe8a-43d3-4cea-8140-604b9ffcfaac/coverage-cloud_blockstore_libs_storage_partition_model_ut.stdout
e3b0c44298fc1c149afbf4c8996fb92427ae41e4649b934ca495991b7852b855	0	tests-0bef8547/183cbe8a-43d3-4cea-8140-604b9ffcfaac/coverage-cloud_blockstore_libs_storage_volume_model_ut.stderr
a6ac8567454d3f310abf7cc07d9e27bf3c6f7f95f7a675e32e51242d92c87551	168	tests-0bef8547/183cbe8a-43d3-4cea-8140-604b9ffcfaac/coverage-cloud_blockstore_libs_storage_volume_model_ut.stdout
e3b0c44298fc1c149afbf4c8996fb92427ae41e4649b934ca495991b7852b855	0	tests-0bef8547/183cbe8a-43d3-4cea-8140-604b9ffcfaac/coverage-cloud_storage_core_libs_features_ut.stderr
677d0a0b22f1ab79f911752735d9f0e640fe062eaee9d8488338641e3e3ac1d4	158	tests-0bef8547/183cbe8a-43d3-4cea-8140-604b9ffcfaac/coverage-cloud_storage_core_libs_features_ut.stdout
831985709f9417baf37f5149a6b23dd29694be3d10581c9d02b7f89d2908f3bd	7752	tests-0bef8547/183cbe8a-43d3-4cea-8140-604b9ffcfaac/plan.json
be9c35c372384a27fe26e1b726240eb7ac6bc6fc33d1bee04e39c475a25a5c5e	14055	tests-0bef8547/183cbe8a-43d3-4cea-8140-604b9ffcfaac/state.json
e3b0c44298fc1c149afbf4c8996fb92427ae41e4649b934ca495991b7852b855	0	tests-0bef8547/183cbe8a-43d3-4cea-8140-604b9ffcfaac/summarize-coverage.stderr
91aab4bc7897ff5fe2999d125fd6f4e41160ae5741d85ebc7586bf69c0ea6fca	9642	tests-0bef8547/183cbe8a-43d3-4cea-8140-604b9ffcfaac/summarize-coverage.stdout
ce5d081588e04f30dcb20dc3d0235b862ef3627ae1834efb7c89989229cc6375	24499	tests-0bef8547/45eaf2dd-2c3a-4b8f-ad5a-d4d1cb03f084/plan.json
6be85b317d720b523a97694b994233678ce0fdea08798e2e23c61120f1fef1fe	29392	tests-0bef8547/45eaf2dd-2c3a-4b8f-ad5a-d4d1cb03f084/state.json
40b04e8c43079c58eef70dc298ce62c3ae8cae39d5dd4fcdf3525d3bf42c126e	4434	tests-0bef8547/6cc517ac-f6e3-45fc-bf62-5c7dd7fe43c7/plan.json
0bdc212c01e7cbcfd622cb66c038e780f6d036b66a2acf21bc34f68bb119a1b2	4616	tests-0bef8547/6cc517ac-f6e3-45fc-bf62-5c7dd7fe43c7/state.json
2537221bfa01500cd35f374fc019d107774a9ec20d495f8379d4f1a9cddf9478	66	tests-0bef8547/cloud_blockstore_libs_storage_core_ut-coverage/cov-version.txt
5b6b68456d7fe222d8cdc6aadb3f730fd08fbac94f36eedc4ad4a9dec2268e4f	8860408	tests-0bef8547/cloud_blockstore_libs_storage_core_ut-coverage/coverage.profdata
e3b0c44298fc1c149afbf4c8996fb92427ae41e4649b934ca495991b7852b855	0	tests-0bef8547/cloud_blockstore_libs_storage_core_ut-coverage/export.stderr
8a5705ad135c5945d0404629e0a9a568e244cf072655d6de13566ace17cb832c	448957	tests-0bef8547/cloud_blockstore_libs_storage_core_ut-coverage/export.stdout
689a050e66eff2fc4c209d8a5aabd3d0eb90b5ab5ea39d33da5c4d78f8e066ae	23300	tests-0bef8547/cloud_blockstore_libs_storage_core_ut-coverage/manifest.json
e3b0c44298fc1c149afbf4c8996fb92427ae41e4649b934ca495991b7852b855	0	tests-0bef8547/cloud_blockstore_libs_storage_core_ut-coverage/merge.stderr
e3b0c44298fc1c149afbf4c8996fb92427ae41e4649b934ca495991b7852b855	0	tests-0bef8547/cloud_blockstore_libs_storage_core_ut-coverage/merge.stdout
2537221bfa01500cd35f374fc019d107774a9ec20d495f8379d4f1a9cddf9478	66	tests-0bef8547/cloud_blockstore_libs_storage_core_ut-coverage/profdata-version.txt
8736d071dfa1e5e53ad4a48cd54fa37d558ff2d8b6113c09ecd96d24e3350100	12017	tests-0bef8547/cloud_blockstore_libs_storage_core_ut-coverage/result.json
2537221bfa01500cd35f374fc019d107774a9ec20d495f8379d4f1a9cddf9478	66	tests-0bef8547/cloud_blockstore_libs_storage_volume_model_ut-coverage/cov-version.txt
f4624c38076e585ebf143606f7ce8a1ae4d1599200f05cc7cc5612f67e52295b	1934536	tests-0bef8547/cloud_blockstore_libs_storage_volume_model_ut-coverage/coverage.profdata
e3b0c44298fc1c149afbf4c8996fb92427ae41e4649b934ca495991b7852b855	0	tests-0bef8547/cloud_blockstore_libs_storage_volume_model_ut-coverage/export.stderr
82ff87424746cc028b1cd5762ffa36a47bbaccd06b4562e4651b6391c79affac	2445	tests-0bef8547/cloud_blockstore_libs_storage_volume_model_ut-coverage/export.stdout
8cf9c7d1334163678afa087acf7bcd9eb18a0fac8be2c90518838794606c6351	16453	tests-0bef8547/cloud_blockstore_libs_storage_volume_model_ut-coverage/manifest.json
e3b0c44298fc1c149afbf4c8996fb92427ae41e4649b934ca495991b7852b855	0	tests-0bef8547/cloud_blockstore_libs_storage_volume_model_ut-coverage/merge.stderr
e3b0c44298fc1c149afbf4c8996fb92427ae41e4649b934ca495991b7852b855	0	tests-0bef8547/cloud_blockstore_libs_storage_volume_model_ut-coverage/merge.stdout
2537221bfa01500cd35f374fc019d107774a9ec20d495f8379d4f1a9cddf9478	66	tests-0bef8547/cloud_blockstore_libs_storage_volume_model_ut-coverage/profdata-version.txt
22a5ebad5b8aa91a0afaf9206847ec2a9f2c5e594b5b45ae056d82b0eb8c3331	11949	tests-0bef8547/cloud_blockstore_libs_storage_volume_model_ut-coverage/result.json
2537221bfa01500cd35f374fc019d107774a9ec20d495f8379d4f1a9cddf9478	66	tests-0bef8547/cloud_storage_core_libs_features_ut-coverage/cov-version.txt
6747de9dc6a67270d67f163d6053f6064045926dad9a6db00af2a6bd297cea9d	1421064	tests-0bef8547/cloud_storage_core_libs_features_ut-coverage/coverage.profdata
e3b0c44298fc1c149afbf4c8996fb92427ae41e4649b934ca495991b7852b855	0	tests-0bef8547/cloud_storage_core_libs_features_ut-coverage/export.stderr
7ebc48580890df3fafedc69e3daef837f70428a89c1ee87fa06412eb14ccb8cf	3243	tests-0bef8547/cloud_storage_core_libs_features_ut-coverage/export.stdout
3a63bb32b9792fc99df7a982c37749c06b2c409ef7b12cf9f81aa4e0adf8c412	19814	tests-0bef8547/cloud_storage_core_libs_features_ut-coverage/manifest.json
e3b0c44298fc1c149afbf4c8996fb92427ae41e4649b934ca495991b7852b855	0	tests-0bef8547/cloud_storage_core_libs_features_ut-coverage/merge.stderr
e3b0c44298fc1c149afbf4c8996fb92427ae41e4649b934ca495991b7852b855	0	tests-0bef8547/cloud_storage_core_libs_features_ut-coverage/merge.stdout
2537221bfa01500cd35f374fc019d107774a9ec20d495f8379d4f1a9cddf9478	66	tests-0bef8547/cloud_storage_core_libs_features_ut-coverage/profdata-version.txt
2c538beb8cbcc38eb643b1ed984b188baec4dc01e6691fbd3a6f5f14b7021244	11935	tests-0bef8547/cloud_storage_core_libs_features_ut-coverage/result.json
30500650099ddad613ccdc28cd478904afde2d523fed302b9bda04e76415f9f9	1133	tests-0bef8547/python-native/junit.xml
80f8bd2dac544a44911d222ae6a911a978c55a0ef93200829ad7ecd60a43cf06	3326	tests-0bef8547/python-native/plan.json
26ba258219103e7fe444c632d121a82ae160f33521fefafd0c091d64e2c861da	3325	tests-0bef8547/python-native/3e6995f6-0892-41f8-9354-ad64244dfe18/plan.json
945c35c31c78718607fb9bf0cc8c9c4c1d7dac128e841145f71b65901a3d4211	5443	tests-0bef8547/python-native/3e6995f6-0892-41f8-9354-ad64244dfe18/state.json
57efc40c977aa1507476c4148ae9e9805d24f4824fe22cf356a4ceb354c788b8	24469	tests-0bef8547/selective/cloud_blockstore_libs_storage_partition_model_ut-manifest.json
b687fd019dd6034d34f4faf51f36f663fb3b979c240c0a4bd493800d4a513e7a	350520	tests-0bef8547/selective/junit.xml
55e72588d9392c4c0975038c06b8837e6485c6e09ee9e4d46123c996e9934e26	4804	tests-0bef8547/selective/plan.json
4fe6b6f82126657ae3ee0824f2df8527c69c8a00625e3828ed76594c039eab57	362391	tests-0bef8547/selective/profile-audit.json
f994616b82d3a6a0ae366dc39dbdf430d262b518dd15b3fb5c8bd7b6c9c1d77a	4803	tests-0bef8547/selective/b82d022c-4451-4b43-9415-421ff73dba06/plan.json
3771ee92e0e1e1b8b4f6d3128d7b98194adc82c92402e7081e88e4505b8e1151	4843	tests-0bef8547/selective/b82d022c-4451-4b43-9415-421ff73dba06/state.json
2537221bfa01500cd35f374fc019d107774a9ec20d495f8379d4f1a9cddf9478	66	tests-0bef8547/selective/cloud_blockstore_libs_storage_partition_model_ut-coverage/cov-version.txt
58a01f539c4674eeb15d5aac2ae66de2b6e9f03b862a9d8eef3c0dd7cc6fc4cb	261584	tests-0bef8547/selective/cloud_blockstore_libs_storage_partition_model_ut-coverage/coverage.profdata
e3b0c44298fc1c149afbf4c8996fb92427ae41e4649b934ca495991b7852b855	0	tests-0bef8547/selective/cloud_blockstore_libs_storage_partition_model_ut-coverage/export.stderr
74e417c4439c54fb6c102301bb0d716eb21568697a4d2e3a3b5c40cadd776052	460218	tests-0bef8547/selective/cloud_blockstore_libs_storage_partition_model_ut-coverage/export.stdout
06b27dd9d74a540182bcaa12378d11905c0c67a3fa53832f9e194b5cc15ed8c3	24468	tests-0bef8547/selective/cloud_blockstore_libs_storage_partition_model_ut-coverage/manifest.json
e3b0c44298fc1c149afbf4c8996fb92427ae41e4649b934ca495991b7852b855	0	tests-0bef8547/selective/cloud_blockstore_libs_storage_partition_model_ut-coverage/merge.stderr
e3b0c44298fc1c149afbf4c8996fb92427ae41e4649b934ca495991b7852b855	0	tests-0bef8547/selective/cloud_blockstore_libs_storage_partition_model_ut-coverage/merge.stdout
2537221bfa01500cd35f374fc019d107774a9ec20d495f8379d4f1a9cddf9478	66	tests-0bef8547/selective/cloud_blockstore_libs_storage_partition_model_ut-coverage/profdata-version.txt
bd8a369d5e0cc6f85df8a41a0702c119500213564f7d5462744372d53490a5aa	12353	tests-0bef8547/selective/cloud_blockstore_libs_storage_partition_model_ut-coverage/result.json
dd7df36dfd71ec92bc150b9677a87dd05633cae2d2e1dcc13bdf57cc909f897c	26068	tests-6dba3aee/coverage-summary.json
e3b0c44298fc1c149afbf4c8996fb92427ae41e4649b934ca495991b7852b855	0	tests-6dba3aee/known-summary.stderr
864a232eac9561980d6ffba15ffa5cf08f6395042f6c6e7317327318460649d7	13354	tests-6dba3aee/known-summary.stdout
db851abfe74e257de8f4ba1904516e435b1fb5f86d457433fcf2eef2bb4d965b	4957	tests-6dba3aee/plan.json
8e087e75e1e4e876271d3b7b3a2f34cc866e63a0b5e0b01e986cc4dfeb50173e	3504	tests-6dba3aee/resource-observations.jsonl
75cae1119eacaaa486c8a95eaabe943a9847d03afb3dc06f5f140d8d3eb51e47	7307	tests-6dba3aee/reuse-audit.json
8a30bb718a3db728629f02e3ef8a7a9da04c3215b675a936f7bd92a271714df7	4956	tests-6dba3aee/41a72f60-5f62-4f0a-8769-53d0fb1b1ec8/plan.json
c624c9e258e9ad657eea57efa82657d5902b1016e505455202acf13dc1756840	4631	tests-6dba3aee/41a72f60-5f62-4f0a-8769-53d0fb1b1ec8/state.json
a86eb7065a5571771a2054c2acb7d39ac1b5c43fba3b5166ebf38908b7e98969	12174	tests-6dba3aee-memory16/cloud_blockstore_libs_storage_partition_ut-manifest.json
4d0c833942ce866b46bbbff0b6e5562f12d09c055c35a171c15010623f5df19c	7781	tests-6dba3aee-memory16/cloud_blockstore_libs_storage_service_ut-manifest.json
39002c950becca6bd49992d1278a3de9b995ee322ae8a6be140270c8d31a964e	8498	tests-6dba3aee-memory16/cloud_blockstore_libs_storage_volume_ut-manifest.json
9fbd0c96f3ef54b343e53c1931e1a02500159567eb44efea46902ef0e8588a83	63958	tests-6dba3aee-memory16/coverage-summary.json
8e91bc21468cbc2e0d8cd66527dfb7a2d9a0e0dfbbe27a02e38fc3d7b929bb31	2421	tests-6dba3aee-memory16/elf-layout.json
e086f0207ea240c468b27a815c562bd8baed4433cda80ac350239d77ebf60a78	12939	tests-6dba3aee-memory16/junit.xml
453a4175f91d45b73c5c32049a47e46a7f254e2da861894825219611b8e845e2	5036	tests-6dba3aee-memory16/plan.json
5b0bde0d50c3551a061d514f896644a4f6c5084714c7f154926e1ac006bc3f42	9019	tests-6dba3aee-memory16/postprocess-plan-v2.json
b24405b5ab05533c76de9f74aa5d82b50bacb98cf1e859cedf83ec6d970d53e9	9013	tests-6dba3aee-memory16/postprocess-plan.json
b5b0634ec1a820610689c1ea7eee47dbdf768fc52e69ffbf533617926b6b3c4a	34839	tests-6dba3aee-memory16/profile-audit.json
0aba1f79e97d4f7b23f9ae642c16a49a3050eec4dbcd317ea56470b7e44a14e0	2186	tests-6dba3aee-memory16/resource-observations.jsonl
0fa57b4fe7d1216a3d05ab6db4a8c0670439ed58260b2cd1b5541f6ca06a33a9	5660	tests-6dba3aee-memory16/widen-existing-inputs.json
d8a27374084e745a3a5850b507f07e77447ad8f73ae37d2f592299f7fabf8992	9012	tests-6dba3aee-memory16/4102ac79-5552-42a2-9b8b-5f0bfd6e7a5c/plan.json
4ab7290396245ee7d7dbb0422050ed755067962edb9e227d218d6453ca1f3410	3197	tests-6dba3aee-memory16/4102ac79-5552-42a2-9b8b-5f0bfd6e7a5c/state.json
e3b0c44298fc1c149afbf4c8996fb92427ae41e4649b934ca495991b7852b855	0	tests-6dba3aee-memory16/8274f4dd-9683-488c-87f9-2dba23d3395b/coverage-summary.stderr
c3a1f46e02bdda5e53210e7d172e068e0379b6c704ac4d882bc31cdd7eba80b5	11951	tests-6dba3aee-memory16/8274f4dd-9683-488c-87f9-2dba23d3395b/coverage-summary.stdout
e3b0c44298fc1c149afbf4c8996fb92427ae41e4649b934ca495991b7852b855	0	tests-6dba3aee-memory16/8274f4dd-9683-488c-87f9-2dba23d3395b/partition-coverage.stderr
a8b87ca6083ac60646f018db35c607593189ec7e370402b8e332734b0e124829	174	tests-6dba3aee-memory16/8274f4dd-9683-488c-87f9-2dba23d3395b/partition-coverage.stdout
84690861d01761a0c436c63f3194cfc427715b2e3e244a339d805fbf43b063be	9018	tests-6dba3aee-memory16/8274f4dd-9683-488c-87f9-2dba23d3395b/plan.json
e3b0c44298fc1c149afbf4c8996fb92427ae41e4649b934ca495991b7852b855	0	tests-6dba3aee-memory16/8274f4dd-9683-488c-87f9-2dba23d3395b/service-coverage.stderr
4e4cac2a7dd23a778354daa39fb8ebd6ba4f2861fe132f68b08b9c2bcec0c3bf	172	tests-6dba3aee-memory16/8274f4dd-9683-488c-87f9-2dba23d3395b/service-coverage.stdout
85addfea72e2fbfbdfcd7b9d0e77f546d59233ab204fd34b62f9de1871997994	15538	tests-6dba3aee-memory16/8274f4dd-9683-488c-87f9-2dba23d3395b/state.json
e3b0c44298fc1c149afbf4c8996fb92427ae41e4649b934ca495991b7852b855	0	tests-6dba3aee-memory16/8274f4dd-9683-488c-87f9-2dba23d3395b/volume-coverage.stderr
95abdc356f2265d08ce71960f32e3932fc025d3c517784e3d0961e93b3f2976b	171	tests-6dba3aee-memory16/8274f4dd-9683-488c-87f9-2dba23d3395b/volume-coverage.stdout
fd0715dbda799132ea192191c802f0bb1bb2c32e13b592fa6f229a326aa38dea	5035	tests-6dba3aee-memory16/862b9c4a-cd54-4418-bde4-ab22e07c44c6/plan.json
4211ee903dcdf2754ef26340d9abd7b7e314b6df6e97a73473d16ca3994cc85d	4708	tests-6dba3aee-memory16/862b9c4a-cd54-4418-bde4-ab22e07c44c6/state.json
2537221bfa01500cd35f374fc019d107774a9ec20d495f8379d4f1a9cddf9478	66	tests-6dba3aee-memory16/cloud_blockstore_libs_storage_partition_ut-coverage/cov-version.txt
38b3b2ef7f04e65dd0aa78d9c6296813e1830418b0842196fd9dfc0e0e176a55	1977848	tests-6dba3aee-memory16/cloud_blockstore_libs_storage_partition_ut-coverage/coverage.profdata
e3b0c44298fc1c149afbf4c8996fb92427ae41e4649b934ca495991b7852b855	0	tests-6dba3aee-memory16/cloud_blockstore_libs_storage_partition_ut-coverage/export.stderr
ec8c304194d3d5deb9ebce84cea6f456ce6a7d269ac242673653dac15df5b264	866021	tests-6dba3aee-memory16/cloud_blockstore_libs_storage_partition_ut-coverage/export.stdout
bb63fe0675339e67a4fafbe119f5441c35513a7f7c2bec35defba4b88879f93d	12173	tests-6dba3aee-memory16/cloud_blockstore_libs_storage_partition_ut-coverage/manifest.json
e3b0c44298fc1c149afbf4c8996fb92427ae41e4649b934ca495991b7852b855	0	tests-6dba3aee-memory16/cloud_blockstore_libs_storage_partition_ut-coverage/merge.stderr
e3b0c44298fc1c149afbf4c8996fb92427ae41e4649b934ca495991b7852b855	0	tests-6dba3aee-memory16/cloud_blockstore_libs_storage_partition_ut-coverage/merge.stdout
2537221bfa01500cd35f374fc019d107774a9ec20d495f8379d4f1a9cddf9478	66	tests-6dba3aee-memory16/cloud_blockstore_libs_storage_partition_ut-coverage/profdata-version.txt
0690f12042aead209165c5bb7fc1751587b0ba3659bfc1135c35e2a21640f5f0	11341	tests-6dba3aee-memory16/cloud_blockstore_libs_storage_partition_ut-coverage/result.json
2537221bfa01500cd35f374fc019d107774a9ec20d495f8379d4f1a9cddf9478	66	tests-6dba3aee-memory16/cloud_blockstore_libs_storage_service_ut-coverage/cov-version.txt
2c5070669b98d7323f177c85b11c23909f6443ee739b940e5ea09830764102f2	193272	tests-6dba3aee-memory16/cloud_blockstore_libs_storage_service_ut-coverage/coverage.profdata
e3b0c44298fc1c149afbf4c8996fb92427ae41e4649b934ca495991b7852b855	0	tests-6dba3aee-memory16/cloud_blockstore_libs_storage_service_ut-coverage/export.stderr
e0900294b2781d08755d0ea38dc8b4c8dd1a2191e45a8f05d88616057c0c8a08	850842	tests-6dba3aee-memory16/cloud_blockstore_libs_storage_service_ut-coverage/export.stdout
d16e5368bd143d21122826545b57f1cdf0df803526db5e993466e4b0d1842559	7780	tests-6dba3aee-memory16/cloud_blockstore_libs_storage_service_ut-coverage/manifest.json
e3b0c44298fc1c149afbf4c8996fb92427ae41e4649b934ca495991b7852b855	0	tests-6dba3aee-memory16/cloud_blockstore_libs_storage_service_ut-coverage/merge.stderr
e3b0c44298fc1c149afbf4c8996fb92427ae41e4649b934ca495991b7852b855	0	tests-6dba3aee-memory16/cloud_blockstore_libs_storage_service_ut-coverage/merge.stdout
2537221bfa01500cd35f374fc019d107774a9ec20d495f8379d4f1a9cddf9478	66	tests-6dba3aee-memory16/cloud_blockstore_libs_storage_service_ut-coverage/profdata-version.txt
f91771c8965e6dc96f249b96df720d691cda2920635f16290036848dfae2c1f8	11269	tests-6dba3aee-memory16/cloud_blockstore_libs_storage_service_ut-coverage/result.json
2537221bfa01500cd35f374fc019d107774a9ec20d495f8379d4f1a9cddf9478	66	tests-6dba3aee-memory16/cloud_blockstore_libs_storage_volume_ut-coverage/cov-version.txt
8778063e78ee2d9322cd4fc5857d3410888eaeab31f5576e1bf0eef5fc7751ac	1256640	tests-6dba3aee-memory16/cloud_blockstore_libs_storage_volume_ut-coverage/coverage.profdata
e3b0c44298fc1c149afbf4c8996fb92427ae41e4649b934ca495991b7852b855	0	tests-6dba3aee-memory16/cloud_blockstore_libs_storage_volume_ut-coverage/export.stderr
12d45b2cd4461093bf243605b0c5532ac320f13d17473332490ca11db6e5f9af	848842	tests-6dba3aee-memory16/cloud_blockstore_libs_storage_volume_ut-coverage/export.stdout
157a4267303732cc2f335420a27addaf2f82adefa753c60ddc891c5a19258216	8497	tests-6dba3aee-memory16/cloud_blockstore_libs_storage_volume_ut-coverage/manifest.json
e3b0c44298fc1c149afbf4c8996fb92427ae41e4649b934ca495991b7852b855	0	tests-6dba3aee-memory16/cloud_blockstore_libs_storage_volume_ut-coverage/merge.stderr
e3b0c44298fc1c149afbf4c8996fb92427ae41e4649b934ca495991b7852b855	0	tests-6dba3aee-memory16/cloud_blockstore_libs_storage_volume_ut-coverage/merge.stdout
2537221bfa01500cd35f374fc019d107774a9ec20d495f8379d4f1a9cddf9478	66	tests-6dba3aee-memory16/cloud_blockstore_libs_storage_volume_ut-coverage/profdata-version.txt
457043060ebe8f61e700ef0acf5e884bf028f862abd92345aaacc0eeac8d9893	11280	tests-6dba3aee-memory16/cloud_blockstore_libs_storage_volume_ut-coverage/result.json
7e3b270122a5ae614c8131617927895df010fbdc953b5ce8c66cc227deff0a1e	4847	tests-6dba3aee-memory16/partition-common-full-scope/argv.json
28c6a793f80470a801d19787aaa5af510f14564acb0ff7a16b5ddf06adbdda7d	5682	tests-6dba3aee-memory16/partition-common-full-scope/result.json
f5f1e53c2c63004f88bcffdd179c12d3c3fda241326dd3cb07772d146dca952c	12591	tests-7a4a5ccb/cloud_blockstore_libs_storage_partition_ut-manifest.json
23801b0f7c632086f726ad3971d361fae44e3d46afc893f673ec197b27af1958	6581	tests-7a4a5ccb/coverage-plan.json
70f38bccc636055a283b8dc62b57898b04bc41ea28fb1c747bcaa162534a1960	22409	tests-7a4a5ccb/coverage-summary.json
03b3f0206f38b3ef7e831de913a69b13d732d2a58af5735976543f473e20d97e	5743	tests-7a4a5ccb/expected-tests.json
95a2857dfc8cf344ec37aa496707e1bd4b53718f88ca87519fd3021f27aebff1	9107	tests-7a4a5ccb/junit.xml
6a4b46ca12603ff87eea9dae4fbaf0e802bc957591c6d5a186b4a93434434c3e	14735	tests-7a4a5ccb/plan.json
e45abb0f08694643da6c371fba1fa6ca01c0ccfe4214df48218504eaf445293d	22885	tests-7a4a5ccb/profile-audit.json
c2c4c6128b04e8c49f30016db41113543f8654501ff5ecafb4688211034518c5	15188	tests-7a4a5ccb/reuse-audit.json
e3b0c44298fc1c149afbf4c8996fb92427ae41e4649b934ca495991b7852b855	0	tests-7a4a5ccb/2c9df0a7-cb00-4380-aaa2-657ffa89eb3f/coverage-export.stderr
5ae7899b632c709a119d32fa49a590c31af5d0ba470441463b1b4b644a9ee782	122	tests-7a4a5ccb/2c9df0a7-cb00-4380-aaa2-657ffa89eb3f/coverage-export.stdout
850f685b87f0cc7f57b4962a633ecda402fd4664906b77755affe160276360fc	6580	tests-7a4a5ccb/2c9df0a7-cb00-4380-aaa2-657ffa89eb3f/plan.json
efcc433eac77e137ad56f761554b3a4ef78b5332ede8cefd61d667ca04ef7ebf	10166	tests-7a4a5ccb/2c9df0a7-cb00-4380-aaa2-657ffa89eb3f/state.json
e3b0c44298fc1c149afbf4c8996fb92427ae41e4649b934ca495991b7852b855	0	tests-7a4a5ccb/2c9df0a7-cb00-4380-aaa2-657ffa89eb3f/toolchain-environment.stderr
a965e3a791f8b060f6be7a6dad8fee5f57072f17fea0a1132d922cf47f57eb5c	500	tests-7a4a5ccb/2c9df0a7-cb00-4380-aaa2-657ffa89eb3f/toolchain-environment.stdout
02386ebb421bee6071b73628339faf8c47f2cc8120cd1178717a3670e1f609df	14734	tests-7a4a5ccb/ac1960c3-a420-4aad-a859-90f913f74d70/plan.json
eac806ae52b11f5c9abbda9ba2b8a15c72004f3832bd5298251d5d455ff4be54	18384	tests-7a4a5ccb/ac1960c3-a420-4aad-a859-90f913f74d70/state.json
e3b0c44298fc1c149afbf4c8996fb92427ae41e4649b934ca495991b7852b855	0	tests-7a4a5ccb/ac1960c3-a420-4aad-a859-90f913f74d70/toolchain-environment.stderr
a965e3a791f8b060f6be7a6dad8fee5f57072f17fea0a1132d922cf47f57eb5c	500	tests-7a4a5ccb/ac1960c3-a420-4aad-a859-90f913f74d70/toolchain-environment.stdout
2537221bfa01500cd35f374fc019d107774a9ec20d495f8379d4f1a9cddf9478	66	tests-7a4a5ccb/coverage/cov-version.txt
0b0c38840399004c978e4f1d9d038ef69df9243a380a198a9c2febb74d41eb6e	2000560	tests-7a4a5ccb/coverage/coverage.profdata
e3b0c44298fc1c149afbf4c8996fb92427ae41e4649b934ca495991b7852b855	0	tests-7a4a5ccb/coverage/export.stderr
472cfedfa21639868419cc3b16f6c065e544fd27339a5c5a055b8b4d343f8764	869105	tests-7a4a5ccb/coverage/export.stdout
41f80183e4c9eccd846e885c9d3867cc3964973228ab6fa78617e2f3f50a044a	12590	tests-7a4a5ccb/coverage/manifest.json
e3b0c44298fc1c149afbf4c8996fb92427ae41e4649b934ca495991b7852b855	0	tests-7a4a5ccb/coverage/merge.stderr
e3b0c44298fc1c149afbf4c8996fb92427ae41e4649b934ca495991b7852b855	0	tests-7a4a5ccb/coverage/merge.stdout
2537221bfa01500cd35f374fc019d107774a9ec20d495f8379d4f1a9cddf9478	66	tests-7a4a5ccb/coverage/profdata-version.txt
8e0e443071ef2d1a9722cce1353f92617a948b323a2c208188fde72da01ae580	11302	tests-7a4a5ccb/coverage/result.json
a45b17903c4a821721bbc044ee4938b51d40d427ad43d82c0541d27864c9fae2	4786	tests-9925bbc7/plan.json
76eada27d37476607606b261e0769bf9d9acd68cf51cfbc511747c32d5c57803	4923	tests-9925bbc7/reuse-audit.json
58d1a7f1bb52e0aca8ef3e86057b4a46ba3e88748257ebd2c94f85dfc37a9709	4785	tests-9925bbc7/a7410b53-44fc-4a4c-8556-4b52de7ea982/plan.json
8bb2a13942c48f5c72e20818dd702423e05f7658c835e71976aeb8a0285abe49	4928	tests-9925bbc7/a7410b53-44fc-4a4c-8556-4b52de7ea982/state.json
1dcde9e123ff171c6195fdecebc1c7cee6abb4733872bb2dc5e538a2d01b4bc4	11550	tests-9925bbc7-memory16/cloud_blockstore_libs_storage_partition_common_ut-manifest.json
95c4b7e7df85bf5ae6b21d7d170706cb6c01017467a81a28caa036832b687e13	29566	tests-9925bbc7-memory16/coverage-summary.json
f2bfda326ffffdfb32b0a60c58bfd193d3d4314e718077566466fcd7b69c75b2	359193	tests-9925bbc7-memory16/junit.xml
b4bd10a12dd448a6f0abd1118fd8afeff5a71fa5739e404a3e5ff435379a0160	11420	tests-9925bbc7-memory16/partial-postprocess-plan.json
66c0edc4d71165d2ecd68d14473238e72c3181cc2b85a87475d144b78243929a	4891	tests-9925bbc7-memory16/plan.json
c63fc879ddf82b6eb884eb302d17cd92373c1c989693ee0f42c52f5f1ce558d3	30482	tests-9925bbc7-memory16/postprocess-plan.json
a510d0b3e00c2f3e1be53942f57499f9d7bd0c17b956432a439feda5c767932a	10523	tests-9925bbc7-memory16/profile-audit.json
80a04514b2ae296b1bf3893c298c83cc2aa34720f3e6fad7b36d9d037f57d03c	4890	tests-9925bbc7-memory16/b445aa22-2d90-468b-a888-a663b4a7130a/plan.json
47e0c930cd8a0cde8346a0b18343a0c46f629bcc9218f4e90feea402b052e34e	4998	tests-9925bbc7-memory16/b445aa22-2d90-468b-a888-a663b4a7130a/state.json
2537221bfa01500cd35f374fc019d107774a9ec20d495f8379d4f1a9cddf9478	66	tests-9925bbc7-memory16/cloud_blockstore_libs_storage_partition_common_ut-coverage/cov-version.txt
e8b7198efd50fac010fc3b94e4c5a33b44b9f1487c41a3557d4645e245655dca	127752	tests-9925bbc7-memory16/cloud_blockstore_libs_storage_partition_common_ut-coverage/coverage.profdata
e3b0c44298fc1c149afbf4c8996fb92427ae41e4649b934ca495991b7852b855	0	tests-9925bbc7-memory16/cloud_blockstore_libs_storage_partition_common_ut-coverage/export.stderr
6f434cdb060569b1d229675fda053167c7d77d417b3db03ce4e9ef1aeb544e1a	472595	tests-9925bbc7-memory16/cloud_blockstore_libs_storage_partition_common_ut-coverage/export.stdout
11d6809002190dbf571f7b0efc6cce28ddbf415bc36bd93b64def8c0eaa949fc	11549	tests-9925bbc7-memory16/cloud_blockstore_libs_storage_partition_common_ut-coverage/manifest.json
e3b0c44298fc1c149afbf4c8996fb92427ae41e4649b934ca495991b7852b855	0	tests-9925bbc7-memory16/cloud_blockstore_libs_storage_partition_common_ut-coverage/merge.stderr
e3b0c44298fc1c149afbf4c8996fb92427ae41e4649b934ca495991b7852b855	0	tests-9925bbc7-memory16/cloud_blockstore_libs_storage_partition_common_ut-coverage/merge.stdout
2537221bfa01500cd35f374fc019d107774a9ec20d495f8379d4f1a9cddf9478	66	tests-9925bbc7-memory16/cloud_blockstore_libs_storage_partition_common_ut-coverage/profdata-version.txt
34e7f53f25166feb37d47a0e1531a7f0d0f4fdeb180db69c084b91b072739844	10608	tests-9925bbc7-memory16/cloud_blockstore_libs_storage_partition_common_ut-coverage/result.json
e3b0c44298fc1c149afbf4c8996fb92427ae41e4649b934ca495991b7852b855	0	tests-9925bbc7-memory16/ee98a092-cfd0-444b-a50b-a53e4b4b1a78/coverage-partition_common.stderr
bfe2f719c30b96702aaf17ddcafed54c3d6261db41d0bd3289c3a92f679cbc35	181	tests-9925bbc7-memory16/ee98a092-cfd0-444b-a50b-a53e4b4b1a78/coverage-partition_common.stdout
e3b0c44298fc1c149afbf4c8996fb92427ae41e4649b934ca495991b7852b855	0	tests-9925bbc7-memory16/ee98a092-cfd0-444b-a50b-a53e4b4b1a78/llvm-report-partition_common.stderr
93603a31a39546a6256786eb4a5ab793fb98c14887513c3a6c39fe2ca77380bf	3741	tests-9925bbc7-memory16/ee98a092-cfd0-444b-a50b-a53e4b4b1a78/llvm-report-partition_common.stdout
2d52a6a0913343e771f2b7500a03fdb226bcc74cdb6e4484ecc452ddf16e94cf	11419	tests-9925bbc7-memory16/ee98a092-cfd0-444b-a50b-a53e4b4b1a78/plan.json
e3b0c44298fc1c149afbf4c8996fb92427ae41e4649b934ca495991b7852b855	0	tests-9925bbc7-memory16/ee98a092-cfd0-444b-a50b-a53e4b4b1a78/python-line-coverage.stderr
02a43a5b318e8f38ab3c0d51a23f36d305d53e1182adc043370a12c466e5b182	4494	tests-9925bbc7-memory16/ee98a092-cfd0-444b-a50b-a53e4b4b1a78/python-line-coverage.stdout
eec6290ef03c57962a4d1c6ab3a1a4aec20d4bf51bcf4fe492e9bcdb04b19889	17241	tests-9925bbc7-memory16/ee98a092-cfd0-444b-a50b-a53e4b4b1a78/state.json
4334a271b35c15b7c6fb91e455e8806dca3d03b375060ef2728a32c0b3ccb22c	5042	tests-9925bbc7-memory16/python-trace-output/line-events.json
3e7baa31305b31fc840b7b248f2f75c020e9fff3b442a95c9703d0135b3a7b19	4363	tests-9925bbc7-memory16/python-trace-output/result.json
b6bb43662cf9960191e7eba280fd9166833290f9e0f9fa4dc97fa455b297cf5c	5046	tests-9bfdf5c9/audit-plan.json
175336c4315cf204b7483087b6dc4bf06476233f3b87785194b4db20f8fd60d8	5667	tests-9bfdf5c9/audit-v2-plan.json
db188470676cf72c72bf960c5f9cdb97cbbbc5446ae6d7ba0c0d666bd0686f05	98101	tests-9bfdf5c9/audit.json
742a2003432e66a63bf6de80aa88cfd4ba9563215925beee72fef23e1d1e59f0	223230	tests-9bfdf5c9/coverage-summary.json
e3b0c44298fc1c149afbf4c8996fb92427ae41e4649b934ca495991b7852b855	0	tests-9bfdf5c9/25d30a7b-90a4-4528-9ee3-12a77971eb38/coverage-summary.stderr
a1863bb800b160b5f3b1522c5ffe6ece63a2c74fe028bb69fd4c21079b666bf0	3682	tests-9bfdf5c9/25d30a7b-90a4-4528-9ee3-12a77971eb38/coverage-summary.stdout
5404e225e3ff2bfded6d0728a3135f1d4f4cc838d3b25f207e543f6fa21383dd	5666	tests-9bfdf5c9/25d30a7b-90a4-4528-9ee3-12a77971eb38/plan.json
6b633cd4e8475e05da372f1547550df1f36b1b9497fb0f7ad47660381bd3522a	9772	tests-9bfdf5c9/25d30a7b-90a4-4528-9ee3-12a77971eb38/state.json
e3b0c44298fc1c149afbf4c8996fb92427ae41e4649b934ca495991b7852b855	0	tests-9bfdf5c9/25d30a7b-90a4-4528-9ee3-12a77971eb38/toolchain-environment.stderr
a965e3a791f8b060f6be7a6dad8fee5f57072f17fea0a1132d922cf47f57eb5c	500	tests-9bfdf5c9/25d30a7b-90a4-4528-9ee3-12a77971eb38/toolchain-environment.stdout
1dfc922af3c04f8db9696574defcc94861415642c1f8762b21ee5af8233bcbce	5045	tests-9bfdf5c9/39f2d167-1819-4078-bdf8-20d8ff7320f8/plan.json
ab2b14595756f7b6875f75c7035a20c4bf0f9c79b2fe54d8da0c34e356d11c49	4989	tests-9bfdf5c9/39f2d167-1819-4078-bdf8-20d8ff7320f8/state.json
e3b0c44298fc1c149afbf4c8996fb92427ae41e4649b934ca495991b7852b855	0	tests-9bfdf5c9/39f2d167-1819-4078-bdf8-20d8ff7320f8/toolchain-environment.stderr
a965e3a791f8b060f6be7a6dad8fee5f57072f17fea0a1132d922cf47f57eb5c	500	tests-9bfdf5c9/39f2d167-1819-4078-bdf8-20d8ff7320f8/toolchain-environment.stdout
e1ad512ac8832d0ddedf4dc5e0782d96611baee04d471951c8d7f38225e953b1	25197	tests-b9ec4bf5/coverage-manifest.json
2dce8061480635ac534198f2d901eeaf44a6f9719c9c3acc7ddcddac8da44461	5538	tests-b9ec4bf5/coverage-process-plan.json
432de98081b676040e0cc48e67c70d8a5f16319334e597b9fb1f681d3ff6042c	8494	tests-b9ec4bf5/pilot-junit.xml
fcd6047fc1364039099fd820dc99a6f4c7f245641c75c2cd3a6bf46378f3db0e	6038	tests-b9ec4bf5/pilot-plan.json
09f7a6f2f42e226dc7be54e4e6695e75fbb97dee3c587f0fce19e3fa6071c894	12991	tests-b9ec4bf5/profile-provenance.json
e3b0c44298fc1c149afbf4c8996fb92427ae41e4649b934ca495991b7852b855	0	tests-b9ec4bf5/7ca1c25e-3e24-4609-b77b-4646a3d90c1f/coverage-process.stderr
7a205fbf9104132a857cd2f9234268a30a14ae4fa0978e6149ea400de6b7cdaf	129	tests-b9ec4bf5/7ca1c25e-3e24-4609-b77b-4646a3d90c1f/coverage-process.stdout
2dce8061480635ac534198f2d901eeaf44a6f9719c9c3acc7ddcddac8da44461	5538	tests-b9ec4bf5/7ca1c25e-3e24-4609-b77b-4646a3d90c1f/plan.json
455e92823f60ac824448105305cc71af5f9c3f8a63391b69fa07bcfb8f9e2213	8067	tests-b9ec4bf5/7ca1c25e-3e24-4609-b77b-4646a3d90c1f/state.json
a6c1515f1e3e18d1a548d7705750de918741203bc121f297467c45a26b848f41	11452	tests-b9ec4bf5/coverage-report/changed-lines.json
2537221bfa01500cd35f374fc019d107774a9ec20d495f8379d4f1a9cddf9478	66	tests-b9ec4bf5/coverage-report/cov-version.txt
8774aa6746c132ca6a83d203a0ea803d87fe2bc914b3b24f89acbf391c7d3a09	5964960	tests-b9ec4bf5/coverage-report/coverage.profdata
e3b0c44298fc1c149afbf4c8996fb92427ae41e4649b934ca495991b7852b855	0	tests-b9ec4bf5/coverage-report/export.stderr
28c030359498e201fb84d8c98b501777efb96ac4ce45fae7734ccab2cf45aab8	460241	tests-b9ec4bf5/coverage-report/export.stdout
e1ad512ac8832d0ddedf4dc5e0782d96611baee04d471951c8d7f38225e953b1	25197	tests-b9ec4bf5/coverage-report/manifest.json
e3b0c44298fc1c149afbf4c8996fb92427ae41e4649b934ca495991b7852b855	0	tests-b9ec4bf5/coverage-report/merge.stderr
e3b0c44298fc1c149afbf4c8996fb92427ae41e4649b934ca495991b7852b855	0	tests-b9ec4bf5/coverage-report/merge.stdout
2537221bfa01500cd35f374fc019d107774a9ec20d495f8379d4f1a9cddf9478	66	tests-b9ec4bf5/coverage-report/profdata-version.txt
97a17e77cfb5f4836abac4c39afac5d66247665891a213455d66ebbcbcd11e65	12268	tests-b9ec4bf5/coverage-report/result.json
fcd6047fc1364039099fd820dc99a6f4c7f245641c75c2cd3a6bf46378f3db0e	6038	tests-b9ec4bf5/df3c40f9-7f9e-4621-a203-5ab44b3048f5/plan.json
3d776c8b92ce31f19e4773192f1aac8f29f4aa7e11a9cc9aaf1305fb43968a6c	8355	tests-b9ec4bf5/df3c40f9-7f9e-4621-a203-5ab44b3048f5/state.json
6855ae23269dcb79d361dcce81974627f6a2548cf5a43dc392056d50b645a149	4140	tests-f2a0b72b/audit-plan.json
3ebf92b07479e2152046fe6090fe8867eb2cca8ffe6bb1befdbc904a954a91da	55847	tests-f2a0b72b/audit.json
8dfc3c0d05b40bfaa91e8deef221a417e8bc85788ca1e8228d8fae558ef031cb	47462	tests-f2a0b72b/bench-manifest.json
e053bcf4e8199c99563610695219bc4dc76a1336dd1c61b0fa6102fb60a4889f	9868	tests-f2a0b72b/bench-plan.json
a53789621bf194238f4fe6c1f703f0d96c78227b4332eab693bbd188f81b1644	13816	tests-f2a0b72b/checks-plan.json
2ec1db2d8f16ac891e3c820fb33b6f41132e55834e5aabf6b235c81da8d13457	19783	tests-f2a0b72b/cloud_blockstore_libs_storage_partition_ut-manifest.json
ec6c6dfd60602a130effc6c28e151d863f005914ed63cae981890e74ad860e80	6590	tests-f2a0b72b/coverage-plan.json
0c4505c99a333c39ca48bdae7b0d9d9039ebc54cd820b808aa03303e9b1f7470	64429	tests-f2a0b72b/coverage-summary.json
24342ae902248347e2c9578bb4bb2c3b460c6ee3a61eee78bce2363a97820007	4792	tests-f2a0b72b/junit.xml
68a86388605103da43de8abae39da981a0d5a86db513b1bd24e9d89d7e7ee0a8	2125	tests-f2a0b72b/micro-coverage.json
76d05f4d4891359b1cd7dde8775e7850bbfbaa40ed092252efd49b8607eecff2	1275	tests-f2a0b72b/prepare-coverage.json
0bdda81aed8f579452d5ac9cdb54689654f88b2acea7ff2208c81b11f5c504b6	16372	tests-f2a0b72b/profile-audit.json
eab18dc91e4c3bc157ac6ea3676b514c80ef6ff7136da4e27079ac05c31f7d6f	2672	tests-f2a0b72b/report-coverage.json
484ea7a0acd14f45bbd6d86f24f67a8227786a6549c6a08204d9933cf62bbde0	3	tests-f2a0b72b/4f027190-ec4e-4e53-9e7a-36aaec1f0803/build-bench.stderr
e3b0c44298fc1c149afbf4c8996fb92427ae41e4649b934ca495991b7852b855	0	tests-f2a0b72b/4f027190-ec4e-4e53-9e7a-36aaec1f0803/build-bench.stdout
e3b0c44298fc1c149afbf4c8996fb92427ae41e4649b934ca495991b7852b855	0	tests-f2a0b72b/4f027190-ec4e-4e53-9e7a-36aaec1f0803/micro-smoke.stderr
30ce3e08316a9183352c7bf3cb4132c9b3add581557ff2185924c4853ee27e20	62	tests-f2a0b72b/4f027190-ec4e-4e53-9e7a-36aaec1f0803/micro-smoke.stdout
a421c7e0906408dc9bc653c621b8fd459622f158cfed4e45bd385404e83d70e6	9867	tests-f2a0b72b/4f027190-ec4e-4e53-9e7a-36aaec1f0803/plan.json
e3b0c44298fc1c149afbf4c8996fb92427ae41e4649b934ca495991b7852b855	0	tests-f2a0b72b/4f027190-ec4e-4e53-9e7a-36aaec1f0803/report-smoke.stderr
e3b0c44298fc1c149afbf4c8996fb92427ae41e4649b934ca495991b7852b855	0	tests-f2a0b72b/4f027190-ec4e-4e53-9e7a-36aaec1f0803/report-smoke.stdout
d757db248a218f4809dc93973c5dd15bda5a2efef339649285ca5ab3cd39ddf8	16092	tests-f2a0b72b/4f027190-ec4e-4e53-9e7a-36aaec1f0803/state.json
e3b0c44298fc1c149afbf4c8996fb92427ae41e4649b934ca495991b7852b855	0	tests-f2a0b72b/4f027190-ec4e-4e53-9e7a-36aaec1f0803/toolchain-environment.stderr
a965e3a791f8b060f6be7a6dad8fee5f57072f17fea0a1132d922cf47f57eb5c	500	tests-f2a0b72b/4f027190-ec4e-4e53-9e7a-36aaec1f0803/toolchain-environment.stdout
13ef73f55f93dd60ecbf644f0b509ea633653914c4257ab6eb59eb66706f030c	4139	tests-f2a0b72b/9d579213-0202-4bbc-85ca-7f7a515e443b/plan.json
a4ef4e98feb5a4a64f2439e9d98033be11f0bb50ba72d2378ceb7ae7e6f2ad81	6681	tests-f2a0b72b/9d579213-0202-4bbc-85ca-7f7a515e443b/state.json
e3b0c44298fc1c149afbf4c8996fb92427ae41e4649b934ca495991b7852b855	0	tests-f2a0b72b/9d579213-0202-4bbc-85ca-7f7a515e443b/toolchain-environment.stderr
a965e3a791f8b060f6be7a6dad8fee5f57072f17fea0a1132d922cf47f57eb5c	500	tests-f2a0b72b/9d579213-0202-4bbc-85ca-7f7a515e443b/toolchain-environment.stdout
94b26c1d57b98c428df092911468a161aaf187bdb563e927d68c667d29c37558	13815	tests-f2a0b72b/b114a60d-b66f-4ea1-8176-d3a1f26e9086/plan.json
9dc144202b3d2f819a19da29497092334b35eece30a264f2122a21aab360ca59	102908	tests-f2a0b72b/b114a60d-b66f-4ea1-8176-d3a1f26e9086/remaining-regressions-and-bench.stderr
e3b0c44298fc1c149afbf4c8996fb92427ae41e4649b934ca495991b7852b855	0	tests-f2a0b72b/b114a60d-b66f-4ea1-8176-d3a1f26e9086/remaining-regressions-and-bench.stdout
cdfeee4ab42d5479b11a0374f5d8797b1c18ac60e10a543750189ea987dd34c6	9793	tests-f2a0b72b/b114a60d-b66f-4ea1-8176-d3a1f26e9086/state.json
e3b0c44298fc1c149afbf4c8996fb92427ae41e4649b934ca495991b7852b855	0	tests-f2a0b72b/b114a60d-b66f-4ea1-8176-d3a1f26e9086/toolchain-environment.stderr
a965e3a791f8b060f6be7a6dad8fee5f57072f17fea0a1132d922cf47f57eb5c	500	tests-f2a0b72b/b114a60d-b66f-4ea1-8176-d3a1f26e9086/toolchain-environment.stdout
2537221bfa01500cd35f374fc019d107774a9ec20d495f8379d4f1a9cddf9478	66	tests-f2a0b72b/bench-coverage/cov-version.txt
27476afc703e353c0bc26239fdd9860ec7adc5fd1e3e1837fc6fe25a04a6a1cb	111744	tests-f2a0b72b/bench-coverage/coverage.profdata
e3b0c44298fc1c149afbf4c8996fb92427ae41e4649b934ca495991b7852b855	0	tests-f2a0b72b/bench-coverage/export.stderr
0b1e06ebbcaf0893042e3c506fb6af5d13255cade8f38708cbccf0cd772e617b	12791	tests-f2a0b72b/bench-coverage/export.stdout
ab5ab373e0fb355223384e09d24450d942282bd00185f1c0348664150585c6a9	47461	tests-f2a0b72b/bench-coverage/manifest.json
e3b0c44298fc1c149afbf4c8996fb92427ae41e4649b934ca495991b7852b855	0	tests-f2a0b72b/bench-coverage/merge.stderr
e3b0c44298fc1c149afbf4c8996fb92427ae41e4649b934ca495991b7852b855	0	tests-f2a0b72b/bench-coverage/merge.stdout
2537221bfa01500cd35f374fc019d107774a9ec20d495f8379d4f1a9cddf9478	66	tests-f2a0b72b/bench-coverage/profdata-version.txt
660f4e542c00653e26bc171d68930545e2d079f96404b4632a3a14c40130ede7	10310	tests-f2a0b72b/bench-coverage/result.json
e3b0c44298fc1c149afbf4c8996fb92427ae41e4649b934ca495991b7852b855	0	tests-f2a0b72b/ebfb1c0b-df34-43b0-b743-7d42d58355a1/bench-coverage.stderr
6bc31f89c0ac192ff2b190753fcecb6dbfd0bd44c3ca14d453bed46cc14f43eb	128	tests-f2a0b72b/ebfb1c0b-df34-43b0-b743-7d42d58355a1/bench-coverage.stdout
e3b0c44298fc1c149afbf4c8996fb92427ae41e4649b934ca495991b7852b855	0	tests-f2a0b72b/ebfb1c0b-df34-43b0-b743-7d42d58355a1/partition-coverage.stderr
3f02aa4e82e6a1a3c61ac37518d7dfee3d755a7002ff73d0bc46329eccaf5b4a	132	tests-f2a0b72b/ebfb1c0b-df34-43b0-b743-7d42d58355a1/partition-coverage.stdout
0e0014c69bfa65740251f56dc39020fdfde70a4102883681cbfa68b759d9b8da	6589	tests-f2a0b72b/ebfb1c0b-df34-43b0-b743-7d42d58355a1/plan.json
87832ea40bddf5031a466d1b72a7fb427f8a5dc0de326d9dd28348d8f6002af0	12251	tests-f2a0b72b/ebfb1c0b-df34-43b0-b743-7d42d58355a1/state.json
e3b0c44298fc1c149afbf4c8996fb92427ae41e4649b934ca495991b7852b855	0	tests-f2a0b72b/ebfb1c0b-df34-43b0-b743-7d42d58355a1/toolchain-environment.stderr
a965e3a791f8b060f6be7a6dad8fee5f57072f17fea0a1132d922cf47f57eb5c	500	tests-f2a0b72b/ebfb1c0b-df34-43b0-b743-7d42d58355a1/toolchain-environment.stdout
e78ff3b8f6530cdcf6909c35d431f7aef160b3519395be2195911c2df7652ff6	1572	tests-f2a0b72b/inputs/micro-smoke.json
22b77cf9b7a4707caf81d013462825c4b1f147bd884f704e5d870848d397ab80	703	tests-f2a0b72b/inputs/read-profiles.json
04ca39fb1dbb1048a8105e16d3b6486fc3b10675ef7e8753debba2bd74d272f6	128	tests-f2a0b72b/inputs/reads.tsv
e3b0c44298fc1c149afbf4c8996fb92427ae41e4649b934ca495991b7852b855	0	tests-f2a0b72b/micro/0-fastlz-131072.stderr
597db8d9adfdb6bd23ae68e46981b5f859336494c3d9fc70334012a207d658d7	604	tests-f2a0b72b/micro/0-fastlz-131072.tsv
e3b0c44298fc1c149afbf4c8996fb92427ae41e4649b934ca495991b7852b855	0	tests-f2a0b72b/micro/0-fastlz-16384.stderr
c4cecc1dd8eadc2d7f17a0ad26c89ee9c1d7a1fdc4bcda51969882753ea61b1b	604	tests-f2a0b72b/micro/0-fastlz-16384.tsv
e3b0c44298fc1c149afbf4c8996fb92427ae41e4649b934ca495991b7852b855	0	tests-f2a0b72b/micro/0-fastlz-262144.stderr
0fc9e89c57c6e0fea07b35555ee39eb4b84ec4495fb5687562deb072ec6ab49e	606	tests-f2a0b72b/micro/0-fastlz-262144.tsv
e3b0c44298fc1c149afbf4c8996fb92427ae41e4649b934ca495991b7852b855	0	tests-f2a0b72b/micro/0-fastlz-32768.stderr
cbe923efb070a59f873750088b4016d9dae15cb0a042e9cba9c4403744526a03	604	tests-f2a0b72b/micro/0-fastlz-32768.tsv
e3b0c44298fc1c149afbf4c8996fb92427ae41e4649b934ca495991b7852b855	0	tests-f2a0b72b/micro/0-fastlz-4194304.stderr
6c167e6a3362e92009a3efba1f566b04ef299125f57b7b9274cb0e2fc387342c	604	tests-f2a0b72b/micro/0-fastlz-4194304.tsv
e3b0c44298fc1c149afbf4c8996fb92427ae41e4649b934ca495991b7852b855	0	tests-f2a0b72b/micro/0-fastlz-65536.stderr
c9458c0e2f88084aeda36cae1f65d291eefc5e65af644b337b3c3d0b0bc39cff	606	tests-f2a0b72b/micro/0-fastlz-65536.tsv
e3b0c44298fc1c149afbf4c8996fb92427ae41e4649b934ca495991b7852b855	0	tests-f2a0b72b/micro/0-lz4-131072.stderr
c2c87cb6557db7bd8389e559406d41733485c67269d6c8088a60945542b3d3a4	600	tests-f2a0b72b/micro/0-lz4-131072.tsv
e3b0c44298fc1c149afbf4c8996fb92427ae41e4649b934ca495991b7852b855	0	tests-f2a0b72b/micro/0-lz4-16384.stderr
65fca947705b4d97e4be2790b8d7d02a0c903666ef07ad8c307aab3cfd016827	604	tests-f2a0b72b/micro/0-lz4-16384.tsv
e3b0c44298fc1c149afbf4c8996fb92427ae41e4649b934ca495991b7852b855	0	tests-f2a0b72b/micro/0-lz4-262144.stderr
6ecd417175a93242a7b490a0cad45b894152a90c885c1800623678db146720de	600	tests-f2a0b72b/micro/0-lz4-262144.tsv
e3b0c44298fc1c149afbf4c8996fb92427ae41e4649b934ca495991b7852b855	0	tests-f2a0b72b/micro/0-lz4-32768.stderr
c02ca6c4abc5b8f85094c20112ed0d5ff783a06ad280fba61933182a5d8e91d6	600	tests-f2a0b72b/micro/0-lz4-32768.tsv
e3b0c44298fc1c149afbf4c8996fb92427ae41e4649b934ca495991b7852b855	0	tests-f2a0b72b/micro/0-lz4-4194304.stderr
9c4bc9df62821fc71421b35cee65be7c836266104f78b6d156a5e332936397cd	600	tests-f2a0b72b/micro/0-lz4-4194304.tsv
e3b0c44298fc1c149afbf4c8996fb92427ae41e4649b934ca495991b7852b855	0	tests-f2a0b72b/micro/0-lz4-65536.stderr
7658ac7f63260ec3371a1d3653dc3b704c1bb21931c8d5790c8c85c00e892a45	602	tests-f2a0b72b/micro/0-lz4-65536.tsv
e3b0c44298fc1c149afbf4c8996fb92427ae41e4649b934ca495991b7852b855	0	tests-f2a0b72b/micro/0-snappy-131072.stderr
865f41751f46f6a85ef96549206f04ca3f6204f125a7208b5ea980cf86c13642	600	tests-f2a0b72b/micro/0-snappy-131072.tsv
e3b0c44298fc1c149afbf4c8996fb92427ae41e4649b934ca495991b7852b855	0	tests-f2a0b72b/micro/0-snappy-16384.stderr
448cba904635f66ba92b7c296fdac2c48042ecbb7917a1cd5ed34e40584b9aa7	600	tests-f2a0b72b/micro/0-snappy-16384.tsv
e3b0c44298fc1c149afbf4c8996fb92427ae41e4649b934ca495991b7852b855	0	tests-f2a0b72b/micro/0-snappy-262144.stderr
aaae52f15a2b9279ba677b0d9c330c9916a2667b7ba7e685d391faf866f2fe5e	600	tests-f2a0b72b/micro/0-snappy-262144.tsv
e3b0c44298fc1c149afbf4c8996fb92427ae41e4649b934ca495991b7852b855	0	tests-f2a0b72b/micro/0-snappy-32768.stderr
ff85678861ee136ef4f6c1f6bbbc94c997ca3afa99dbfbe51e27a28f372e7b09	600	tests-f2a0b72b/micro/0-snappy-32768.tsv
e3b0c44298fc1c149afbf4c8996fb92427ae41e4649b934ca495991b7852b855	0	tests-f2a0b72b/micro/0-snappy-4194304.stderr
36a59041653a3035bb07a74f78dcf6417fe865e14ea9d851f86f8042ba92d5c4	602	tests-f2a0b72b/micro/0-snappy-4194304.tsv
e3b0c44298fc1c149afbf4c8996fb92427ae41e4649b934ca495991b7852b855	0	tests-f2a0b72b/micro/0-snappy-65536.stderr
0b0b0c12770ade0b42c8996c8e07f4d5fd37c46f287b5db3c50a01a7b47351b4	600	tests-f2a0b72b/micro/0-snappy-65536.tsv
e3b0c44298fc1c149afbf4c8996fb92427ae41e4649b934ca495991b7852b855	0	tests-f2a0b72b/micro/0-zstd-1-131072.stderr
9ca643f6635dcdaafad45767f7f12a83cbfd61ca43b061f6564a6fc56d9c6812	600	tests-f2a0b72b/micro/0-zstd-1-131072.tsv
e3b0c44298fc1c149afbf4c8996fb92427ae41e4649b934ca495991b7852b855	0	tests-f2a0b72b/micro/0-zstd-1-16384.stderr
15258fd10c89a7b4a9886561782438ccad8830f3dcfb8eeccb2876d7f306c8e5	604	tests-f2a0b72b/micro/0-zstd-1-16384.tsv
e3b0c44298fc1c149afbf4c8996fb92427ae41e4649b934ca495991b7852b855	0	tests-f2a0b72b/micro/0-zstd-1-262144.stderr
97621318dad7e2902ee93a475654978ab87ac4b9b6c0989688c0e8c38f1e4865	600	tests-f2a0b72b/micro/0-zstd-1-262144.tsv
e3b0c44298fc1c149afbf4c8996fb92427ae41e4649b934ca495991b7852b855	0	tests-f2a0b72b/micro/0-zstd-1-32768.stderr
7213b3eed68a6675d1b191d195c6da69478ee413e741e8e6d8387319b7c36634	606	tests-f2a0b72b/micro/0-zstd-1-32768.tsv
e3b0c44298fc1c149afbf4c8996fb92427ae41e4649b934ca495991b7852b855	0	tests-f2a0b72b/micro/0-zstd-1-4194304.stderr
9b6782922c3886d988132e2a70accef34259596f3cb698824d018a26c5c24797	600	tests-f2a0b72b/micro/0-zstd-1-4194304.tsv
e3b0c44298fc1c149afbf4c8996fb92427ae41e4649b934ca495991b7852b855	0	tests-f2a0b72b/micro/0-zstd-1-65536.stderr
27d57cfa05dc5dac9c74576a09ff1336ef9e0e7bebb7918c91dd2aa0cde5dd17	604	tests-f2a0b72b/micro/0-zstd-1-65536.tsv
e3b0c44298fc1c149afbf4c8996fb92427ae41e4649b934ca495991b7852b855	0	tests-f2a0b72b/micro/0-zstd-3-131072.stderr
2eac07ca1849bea524aed268eb361790206b4996fb6cd411c0150841cc66e456	600	tests-f2a0b72b/micro/0-zstd-3-131072.tsv
e3b0c44298fc1c149afbf4c8996fb92427ae41e4649b934ca495991b7852b855	0	tests-f2a0b72b/micro/0-zstd-3-16384.stderr
66460ffca9ade658601174994c8b430707b48201523ec7d5eada1173c6b984f2	604	tests-f2a0b72b/micro/0-zstd-3-16384.tsv
e3b0c44298fc1c149afbf4c8996fb92427ae41e4649b934ca495991b7852b855	0	tests-f2a0b72b/micro/0-zstd-3-262144.stderr
2cdfd89fde7b167e38dd6a4c7eb8da676d16ca1d645b609c5acc3ec2dbfd3f3f	600	tests-f2a0b72b/micro/0-zstd-3-262144.tsv
e3b0c44298fc1c149afbf4c8996fb92427ae41e4649b934ca495991b7852b855	0	tests-f2a0b72b/micro/0-zstd-3-32768.stderr
57c0b3eefa7dfc098cabdfcb669edec315b118603918b76488dda51e1efb56c2	604	tests-f2a0b72b/micro/0-zstd-3-32768.tsv
e3b0c44298fc1c149afbf4c8996fb92427ae41e4649b934ca495991b7852b855	0	tests-f2a0b72b/micro/0-zstd-3-4194304.stderr
cb93d546cf0270f4f1637ce258ce7ba2d4283773ce11cd1150bc96de48d5e0d8	604	tests-f2a0b72b/micro/0-zstd-3-4194304.tsv
e3b0c44298fc1c149afbf4c8996fb92427ae41e4649b934ca495991b7852b855	0	tests-f2a0b72b/micro/0-zstd-3-65536.stderr
1717bfca4651fa243b83cd2eb650351e15ca5a80a947a1448b79b9e0492be794	603	tests-f2a0b72b/micro/0-zstd-3-65536.tsv
e3b0c44298fc1c149afbf4c8996fb92427ae41e4649b934ca495991b7852b855	0	tests-f2a0b72b/micro/0-zstd-fast-131072.stderr
6bcde17eb46cb4ce870d6fe6a6a67821754bd19b0a6b171dd20b5c8976360bd8	600	tests-f2a0b72b/micro/0-zstd-fast-131072.tsv
e3b0c44298fc1c149afbf4c8996fb92427ae41e4649b934ca495991b7852b855	0	tests-f2a0b72b/micro/0-zstd-fast-16384.stderr
be4f874c2049a46c1dcd60c497cb4dabe41c1f1d035538227a13f6497083b3ed	604	tests-f2a0b72b/micro/0-zstd-fast-16384.tsv
e3b0c44298fc1c149afbf4c8996fb92427ae41e4649b934ca495991b7852b855	0	tests-f2a0b72b/micro/0-zstd-fast-262144.stderr
14c027182ed08a0a05a87ae5e3afd768ad8f04c98e9f270ca8b13ba09991bfb9	600	tests-f2a0b72b/micro/0-zstd-fast-262144.tsv
e3b0c44298fc1c149afbf4c8996fb92427ae41e4649b934ca495991b7852b855	0	tests-f2a0b72b/micro/0-zstd-fast-32768.stderr
04959720ebc0fa712870482982b443dd127d11368d4b8f3884763d9af480b7e8	605	tests-f2a0b72b/micro/0-zstd-fast-32768.tsv
e3b0c44298fc1c149afbf4c8996fb92427ae41e4649b934ca495991b7852b855	0	tests-f2a0b72b/micro/0-zstd-fast-4194304.stderr
c6d79f9eb9ee674ab552471491d09be7a6932d121b979bb13ca598b6d3bae749	600	tests-f2a0b72b/micro/0-zstd-fast-4194304.tsv
e3b0c44298fc1c149afbf4c8996fb92427ae41e4649b934ca495991b7852b855	0	tests-f2a0b72b/micro/0-zstd-fast-65536.stderr
aedbd224c63d0faf1e1c878eee704e2c965ef447c56b941ac052f04bb1c104aa	601	tests-f2a0b72b/micro/0-zstd-fast-65536.tsv
e3b0c44298fc1c149afbf4c8996fb92427ae41e4649b934ca495991b7852b855	0	tests-f2a0b72b/micro/1-fastlz-131072.stderr
298b1e7a8af0d56872f4f84b9107ae7a1c7676299748a476c8ea7083aefdb6ed	634	tests-f2a0b72b/micro/1-fastlz-131072.tsv
e3b0c44298fc1c149afbf4c8996fb92427ae41e4649b934ca495991b7852b855	0	tests-f2a0b72b/micro/1-fastlz-16384.stderr
4ea95ffaeb1b6d7942a5f36ed309493e447e44f1bfccf9f9d9c0f71db95c0f8d	634	tests-f2a0b72b/micro/1-fastlz-16384.tsv
e3b0c44298fc1c149afbf4c8996fb92427ae41e4649b934ca495991b7852b855	0	tests-f2a0b72b/micro/1-fastlz-262144.stderr
ea1235f082e95f7b4eb701565f1c81df563f775e72e057b02533f1928eae356e	638	tests-f2a0b72b/micro/1-fastlz-262144.tsv
e3b0c44298fc1c149afbf4c8996fb92427ae41e4649b934ca495991b7852b855	0	tests-f2a0b72b/micro/1-fastlz-32768.stderr
6776e7e7987a475bcf600c29e29b36022ae1271d263db81c9aa7bba542641118	634	tests-f2a0b72b/micro/1-fastlz-32768.tsv
e3b0c44298fc1c149afbf4c8996fb92427ae41e4649b934ca495991b7852b855	0	tests-f2a0b72b/micro/1-fastlz-4194304.stderr
c06d1c711d0ab5e777fc140decb6cba59315b9c41d0ebe22a4064a9a28d9511f	650	tests-f2a0b72b/micro/1-fastlz-4194304.tsv
e3b0c44298fc1c149afbf4c8996fb92427ae41e4649b934ca495991b7852b855	0	tests-f2a0b72b/micro/1-fastlz-65536.stderr
893bef76db7e6e257f3655b93d7d51aa75377d4be086138becf1b0b721346138	634	tests-f2a0b72b/micro/1-fastlz-65536.tsv
e3b0c44298fc1c149afbf4c8996fb92427ae41e4649b934ca495991b7852b855	0	tests-f2a0b72b/micro/1-lz4-131072.stderr
5c2e85b31b6b2f83906181ebaf634552a1f6deb9b5ad162ae7ee84aafabea596	612	tests-f2a0b72b/micro/1-lz4-131072.tsv
e3b0c44298fc1c149afbf4c8996fb92427ae41e4649b934ca495991b7852b855	0	tests-f2a0b72b/micro/1-lz4-16384.stderr
36fd28ebe58b433cb7fccbfb0334907980ac7a93ee063aa922203294233c19d4	614	tests-f2a0b72b/micro/1-lz4-16384.tsv
e3b0c44298fc1c149afbf4c8996fb92427ae41e4649b934ca495991b7852b855	0	tests-f2a0b72b/micro/1-lz4-262144.stderr
005e3ed806a2d6680315c5e42d384b173b0b6792e2622d259c3a42ef7837bbc4	616	tests-f2a0b72b/micro/1-lz4-262144.tsv
e3b0c44298fc1c149afbf4c8996fb92427ae41e4649b934ca495991b7852b855	0	tests-f2a0b72b/micro/1-lz4-32768.stderr
03d960559464522a9e724360108d842a4994bc47eb9ac3f6a3facd5e7f63eaf2	618	tests-f2a0b72b/micro/1-lz4-32768.tsv
e3b0c44298fc1c149afbf4c8996fb92427ae41e4649b934ca495991b7852b855	0	tests-f2a0b72b/micro/1-lz4-4194304.stderr
5f3601a82cce6d749e48c8a0f08578cd738e9fcc18a00a1db43ac6ebeab78ff6	626	tests-f2a0b72b/micro/1-lz4-4194304.tsv
e3b0c44298fc1c149afbf4c8996fb92427ae41e4649b934ca495991b7852b855	0	tests-f2a0b72b/micro/1-lz4-65536.stderr
e3a02327761dc13a767211b3779b3d1a746fcda54e03111a3963957d1e8a72ba	610	tests-f2a0b72b/micro/1-lz4-65536.tsv
e3b0c44298fc1c149afbf4c8996fb92427ae41e4649b934ca495991b7852b855	0	tests-f2a0b72b/micro/1-snappy-131072.stderr
df01f000c1b3c163ebebc2cc196d327e736370cdb3696fcb5bbdeaf2353ddfa0	630	tests-f2a0b72b/micro/1-snappy-131072.tsv
e3b0c44298fc1c149afbf4c8996fb92427ae41e4649b934ca495991b7852b855	0	tests-f2a0b72b/micro/1-snappy-16384.stderr
e71a072ac086478eb2cd5cce045b491345d4389442c80ee6e940857b76cac0fb	626	tests-f2a0b72b/micro/1-snappy-16384.tsv
e3b0c44298fc1c149afbf4c8996fb92427ae41e4649b934ca495991b7852b855	0	tests-f2a0b72b/micro/1-snappy-262144.stderr
ffe7b1490c299a466015cc2815d9fdad3e25b6c845a210e19a36ddecad793f2c	634	tests-f2a0b72b/micro/1-snappy-262144.tsv
e3b0c44298fc1c149afbf4c8996fb92427ae41e4649b934ca495991b7852b855	0	tests-f2a0b72b/micro/1-snappy-32768.stderr
5c0024afcd15b2511d7b9fe8b2d9594fdd6d0800ae55ff272fc889aac29da940	630	tests-f2a0b72b/micro/1-snappy-32768.tsv
e3b0c44298fc1c149afbf4c8996fb92427ae41e4649b934ca495991b7852b855	0	tests-f2a0b72b/micro/1-snappy-4194304.stderr
d71c12f5f2ebad91b5f18966608ee04f0fae0317e9956b150eb0fc1a49fef1c5	646	tests-f2a0b72b/micro/1-snappy-4194304.tsv
e3b0c44298fc1c149afbf4c8996fb92427ae41e4649b934ca495991b7852b855	0	tests-f2a0b72b/micro/1-snappy-65536.stderr
698e82de2f310f094a215b553cd38c1bfe68c35221b9efbede79be58a80e6230	626	tests-f2a0b72b/micro/1-snappy-65536.tsv
e3b0c44298fc1c149afbf4c8996fb92427ae41e4649b934ca495991b7852b855	0	tests-f2a0b72b/micro/1-zstd-1-131072.stderr
e36bf62041ed5ea686444d279bc00f404b03322a9bf9a5e2682572e5139b5872	592	tests-f2a0b72b/micro/1-zstd-1-131072.tsv
e3b0c44298fc1c149afbf4c8996fb92427ae41e4649b934ca495991b7852b855	0	tests-f2a0b72b/micro/1-zstd-1-16384.stderr
92c002896248bf5bb5ace910ad8885acefbd31847b63d66e2a847e76a12574a6	606	tests-f2a0b72b/micro/1-zstd-1-16384.tsv
e3b0c44298fc1c149afbf4c8996fb92427ae41e4649b934ca495991b7852b855	0	tests-f2a0b72b/micro/1-zstd-1-262144.stderr
99a9d3ee93dd075dd3f89c3a6e30c5aea9e2bb892fe11d409f06d38785ea263a	592	tests-f2a0b72b/micro/1-zstd-1-262144.tsv
e3b0c44298fc1c149afbf4c8996fb92427ae41e4649b934ca495991b7852b855	0	tests-f2a0b72b/micro/1-zstd-1-32768.stderr
9fe43282b31e8dea11382879d6ad8bcba4eef884f2e31a0ff5b743d0fed6bf7b	606	tests-f2a0b72b/micro/1-zstd-1-32768.tsv
e3b0c44298fc1c149afbf4c8996fb92427ae41e4649b934ca495991b7852b855	0	tests-f2a0b72b/micro/1-zstd-1-4194304.stderr
340f573ecd751e49cbfd281cdfb4ad75f9d5ef5026782ee6614cf5a152b038a5	596	tests-f2a0b72b/micro/1-zstd-1-4194304.tsv
e3b0c44298fc1c149afbf4c8996fb92427ae41e4649b934ca495991b7852b855	0	tests-f2a0b72b/micro/1-zstd-1-65536.stderr
c191465eb6bfda1f30158bc6bb2975a88988de3aba3033e47ba75996eb677b75	600	tests-f2a0b72b/micro/1-zstd-1-65536.tsv
e3b0c44298fc1c149afbf4c8996fb92427ae41e4649b934ca495991b7852b855	0	tests-f2a0b72b/micro/1-zstd-3-131072.stderr
290cde8e694753ae5296a747163c14b6942a6d5e6033df91107fba44fd916b10	592	tests-f2a0b72b/micro/1-zstd-3-131072.tsv
e3b0c44298fc1c149afbf4c8996fb92427ae41e4649b934ca495991b7852b855	0	tests-f2a0b72b/micro/1-zstd-3-16384.stderr
75fbdab6dc6ec60529cfae1c499160930774171ba242cd9bd83346438c34a24a	606	tests-f2a0b72b/micro/1-zstd-3-16384.tsv
e3b0c44298fc1c149afbf4c8996fb92427ae41e4649b934ca495991b7852b855	0	tests-f2a0b72b/micro/1-zstd-3-262144.stderr
105d2cce493a99025f4db583d5173c127b0ebe0b6ab0168df5126e3b7449f343	592	tests-f2a0b72b/micro/1-zstd-3-262144.tsv
e3b0c44298fc1c149afbf4c8996fb92427ae41e4649b934ca495991b7852b855	0	tests-f2a0b72b/micro/1-zstd-3-32768.stderr
5d8af53e7267991938045dd7381923e5d8b94c4c51c7bf3584a68fb528735a3d	606	tests-f2a0b72b/micro/1-zstd-3-32768.tsv
e3b0c44298fc1c149afbf4c8996fb92427ae41e4649b934ca495991b7852b855	0	tests-f2a0b72b/micro/1-zstd-3-4194304.stderr
3f2875914b7e8f1e043e2fcc34aba2a64dd29c8e52723a27af1414c23db3f3af	596	tests-f2a0b72b/micro/1-zstd-3-4194304.tsv
e3b0c44298fc1c149afbf4c8996fb92427ae41e4649b934ca495991b7852b855	0	tests-f2a0b72b/micro/1-zstd-3-65536.stderr
93ca6eb297f68734d631cfb7a7b14b97efbee5e0ade6d52da1af5e731f01c245	600	tests-f2a0b72b/micro/1-zstd-3-65536.tsv
e3b0c44298fc1c149afbf4c8996fb92427ae41e4649b934ca495991b7852b855	0	tests-f2a0b72b/micro/1-zstd-fast-131072.stderr
d1dece678e0c652f9d3e2c9cf706c205c67a52d03d866ebb2acc854a0da2dc6b	592	tests-f2a0b72b/micro/1-zstd-fast-131072.tsv
e3b0c44298fc1c149afbf4c8996fb92427ae41e4649b934ca495991b7852b855	0	tests-f2a0b72b/micro/1-zstd-fast-16384.stderr
e2a6d8143a1631f80d18fb7ef57a24a62c28f90a405f39be4aae8d240b99a799	606	tests-f2a0b72b/micro/1-zstd-fast-16384.tsv
e3b0c44298fc1c149afbf4c8996fb92427ae41e4649b934ca495991b7852b855	0	tests-f2a0b72b/micro/1-zstd-fast-262144.stderr
76ff70265e47e2c7649e32d3b9ed7aa1dc0f45fe0260d19a1db218aa3147a6fc	592	tests-f2a0b72b/micro/1-zstd-fast-262144.tsv
e3b0c44298fc1c149afbf4c8996fb92427ae41e4649b934ca495991b7852b855	0	tests-f2a0b72b/micro/1-zstd-fast-32768.stderr
db5635f7a5f63befbcc93062eef56031ab275bab0e8285e33209d49e41e9c151	606	tests-f2a0b72b/micro/1-zstd-fast-32768.tsv
e3b0c44298fc1c149afbf4c8996fb92427ae41e4649b934ca495991b7852b855	0	tests-f2a0b72b/micro/1-zstd-fast-4194304.stderr
a7acfc1836b1e7c3512b00e34fc5f833cdd439e0965155b0b54cbb95582fb8e4	596	tests-f2a0b72b/micro/1-zstd-fast-4194304.tsv
e3b0c44298fc1c149afbf4c8996fb92427ae41e4649b934ca495991b7852b855	0	tests-f2a0b72b/micro/1-zstd-fast-65536.stderr
6feb25e90ff3c31b75da0a2bcd1a912a07dc2ce4e3725643ad0b66cb85bd2e74	600	tests-f2a0b72b/micro/1-zstd-fast-65536.tsv
1280cae6e7a61c00b569637d03e3ed542f0fd80193e944a487fa4a00b41ff0bf	57405	tests-f2a0b72b/micro/executions.json
0a07b304f7ec312297c8cfb34d2cb9384b8a61484c5d3df0878f60c006e0a6e1	88164	tests-f2a0b72b/micro/identity.json
70d136f7a3e92d997054c301c9972d24e562517814e6fcd2fca4311a9a5aa8ab	259192	tests-f2a0b72b/micro-report/report.json
9126f5d5234efaaf3e6bb3c6e5f0bc2995ce97e8bc513c09e4c18c597cc590d2	684	tests-f2a0b72b/micro-report/report.md
2537221bfa01500cd35f374fc019d107774a9ec20d495f8379d4f1a9cddf9478	66	tests-f2a0b72b/partition-coverage/cov-version.txt
af123d2811be9044991096b07059d3606fe63cf74b0ec17a88a69193dd79f79d	2006920	tests-f2a0b72b/partition-coverage/coverage.profdata
e3b0c44298fc1c149afbf4c8996fb92427ae41e4649b934ca495991b7852b855	0	tests-f2a0b72b/partition-coverage/export.stderr
f879fb70cf51be96f9e20de65a449533cef200e25e1d94a61d46d567a937f194	868142	tests-f2a0b72b/partition-coverage/export.stdout
2686cda2a2704f56307ba0c6b089731eab33d364093f706002f29d9e8265c29c	19782	tests-f2a0b72b/partition-coverage/manifest.json
e3b0c44298fc1c149afbf4c8996fb92427ae41e4649b934ca495991b7852b855	0	tests-f2a0b72b/partition-coverage/merge.stderr
e3b0c44298fc1c149afbf4c8996fb92427ae41e4649b934ca495991b7852b855	0	tests-f2a0b72b/partition-coverage/merge.stdout
2537221bfa01500cd35f374fc019d107774a9ec20d495f8379d4f1a9cddf9478	66	tests-f2a0b72b/partition-coverage/profdata-version.txt
aadf0e7ecb78bd7923770e051e0ebe3ddaaefdead4363780f8a6d7e0cded76a5	11333	tests-f2a0b72b/partition-coverage/result.json
