artifact_path	kind	repeat	index	logical_bytes	payload_bytes	metadata_bytes	accepted	chunks	cpu_ns	wall_ns
a8e9d5d5-b3c2-437e-8135-3cef24e19635-tooling-smoke/micro/0-fastlz-131072.tsv	encode	0	0	4194304	4194304	0	0	0	51862681	51890699
a8e9d5d5-b3c2-437e-8135-3cef24e19635-tooling-smoke/micro/0-fastlz-131072.tsv	encode	0	1	4194304	4194304	0	0	0	47257105	47281290
a8e9d5d5-b3c2-437e-8135-3cef24e19635-tooling-smoke/micro/0-fastlz-131072.tsv	read	0	0	4096	4096	0	0	0	5057	5465
a8e9d5d5-b3c2-437e-8135-3cef24e19635-tooling-smoke/micro/0-fastlz-131072.tsv	read	0	1	4096	4096	0	0	0	1813	2149
a8e9d5d5-b3c2-437e-8135-3cef24e19635-tooling-smoke/micro/0-fastlz-131072.tsv	read	0	2	4096	4096	0	0	0	1615	1962
a8e9d5d5-b3c2-437e-8135-3cef24e19635-tooling-smoke/micro/0-fastlz-131072.tsv	read	0	3	4096	4096	0	0	0	1888	2257
a8e9d5d5-b3c2-437e-8135-3cef24e19635-tooling-smoke/micro/0-fastlz-131072.tsv	read	0	4	4194304	4194304	0	0	0	858033	859106
a8e9d5d5-b3c2-437e-8135-3cef24e19635-tooling-smoke/micro/0-fastlz-131072.tsv	read	0	5	4194304	4194304	0	0	0	793475	794400
a8e9d5d5-b3c2-437e-8135-3cef24e19635-tooling-smoke/micro/0-fastlz-131072.tsv	read	0	6	4194304	4194304	0	0	0	742389	743677
a8e9d5d5-b3c2-437e-8135-3cef24e19635-tooling-smoke/micro/0-fastlz-131072.tsv	read	0	7	4194304	4194304	0	0	0	711122	711879
a8e9d5d5-b3c2-437e-8135-3cef24e19635-tooling-smoke/micro/0-fastlz-131072.tsv	read	0	8	4194304	4194304	0	0	0	708715	709638
a8e9d5d5-b3c2-437e-8135-3cef24e19635-tooling-smoke/micro/0-fastlz-131072.tsv	read	0	9	4194304	4194304	0	0	0	709688	710722
a8e9d5d5-b3c2-437e-8135-3cef24e19635-tooling-smoke/micro/0-fastlz-16384.tsv	encode	0	0	4194304	4194304	0	0	0	69676284	69732600
a8e9d5d5-b3c2-437e-8135-3cef24e19635-tooling-smoke/micro/0-fastlz-16384.tsv	encode	0	1	4194304	4194304	0	0	0	67755239	67781181
a8e9d5d5-b3c2-437e-8135-3cef24e19635-tooling-smoke/micro/0-fastlz-16384.tsv	read	0	0	4096	4096	0	0	0	5048	5485
a8e9d5d5-b3c2-437e-8135-3cef24e19635-tooling-smoke/micro/0-fastlz-16384.tsv	read	0	1	4096	4096	0	0	0	1569	1922
a8e9d5d5-b3c2-437e-8135-3cef24e19635-tooling-smoke/micro/0-fastlz-16384.tsv	read	0	2	4096	4096	0	0	0	1704	2015
a8e9d5d5-b3c2-437e-8135-3cef24e19635-tooling-smoke/micro/0-fastlz-16384.tsv	read	0	3	4096	4096	0	0	0	1741	2049
a8e9d5d5-b3c2-437e-8135-3cef24e19635-tooling-smoke/micro/0-fastlz-16384.tsv	read	0	4	4194304	4194304	0	0	0	945906	947709
a8e9d5d5-b3c2-437e-8135-3cef24e19635-tooling-smoke/micro/0-fastlz-16384.tsv	read	0	5	4194304	4194304	0	0	0	876877	878628
a8e9d5d5-b3c2-437e-8135-3cef24e19635-tooling-smoke/micro/0-fastlz-16384.tsv	read	0	6	4194304	4194304	0	0	0	752479	753367
a8e9d5d5-b3c2-437e-8135-3cef24e19635-tooling-smoke/micro/0-fastlz-16384.tsv	read	0	7	4194304	4194304	0	0	0	707749	708738
a8e9d5d5-b3c2-437e-8135-3cef24e19635-tooling-smoke/micro/0-fastlz-16384.tsv	read	0	8	4194304	4194304	0	0	0	717976	718975
a8e9d5d5-b3c2-437e-8135-3cef24e19635-tooling-smoke/micro/0-fastlz-16384.tsv	read	0	9	4194304	4194304	0	0	0	733330	734350
a8e9d5d5-b3c2-437e-8135-3cef24e19635-tooling-smoke/micro/0-fastlz-262144.tsv	encode	0	0	4194304	4194304	0	0	0	51776365	51806596
a8e9d5d5-b3c2-437e-8135-3cef24e19635-tooling-smoke/micro/0-fastlz-262144.tsv	encode	0	1	4194304	4194304	0	0	0	47209245	47242047
a8e9d5d5-b3c2-437e-8135-3cef24e19635-tooling-smoke/micro/0-fastlz-262144.tsv	read	0	0	4096	4096	0	0	0	4347	4737
a8e9d5d5-b3c2-437e-8135-3cef24e19635-tooling-smoke/micro/0-fastlz-262144.tsv	read	0	1	4096	4096	0	0	0	1663	1981
a8e9d5d5-b3c2-437e-8135-3cef24e19635-tooling-smoke/micro/0-fastlz-262144.tsv	read	0	2	4096	4096	0	0	0	1795	2116
a8e9d5d5-b3c2-437e-8135-3cef24e19635-tooling-smoke/micro/0-fastlz-262144.tsv	read	0	3	4096	4096	0	0	0	1709	2031
a8e9d5d5-b3c2-437e-8135-3cef24e19635-tooling-smoke/micro/0-fastlz-262144.tsv	read	0	4	4194304	4194304	0	0	0	1877855	1879187
a8e9d5d5-b3c2-437e-8135-3cef24e19635-tooling-smoke/micro/0-fastlz-262144.tsv	read	0	5	4194304	4194304	0	0	0	960731	961411
a8e9d5d5-b3c2-437e-8135-3cef24e19635-tooling-smoke/micro/0-fastlz-262144.tsv	read	0	6	4194304	4194304	0	0	0	741155	742372
a8e9d5d5-b3c2-437e-8135-3cef24e19635-tooling-smoke/micro/0-fastlz-262144.tsv	read	0	7	4194304	4194304	0	0	0	707786	708788
a8e9d5d5-b3c2-437e-8135-3cef24e19635-tooling-smoke/micro/0-fastlz-262144.tsv	read	0	8	4194304	4194304	0	0	0	749747	750691
a8e9d5d5-b3c2-437e-8135-3cef24e19635-tooling-smoke/micro/0-fastlz-262144.tsv	read	0	9	4194304	4194304	0	0	0	742063	742990
a8e9d5d5-b3c2-437e-8135-3cef24e19635-tooling-smoke/micro/0-fastlz-32768.tsv	encode	0	0	4194304	4194304	0	0	0	75187702	75263361
a8e9d5d5-b3c2-437e-8135-3cef24e19635-tooling-smoke/micro/0-fastlz-32768.tsv	encode	0	1	4194304	4194304	0	0	0	71823184	71856228
a8e9d5d5-b3c2-437e-8135-3cef24e19635-tooling-smoke/micro/0-fastlz-32768.tsv	read	0	0	4096	4096	0	0	0	6056	6411
a8e9d5d5-b3c2-437e-8135-3cef24e19635-tooling-smoke/micro/0-fastlz-32768.tsv	read	0	1	4096	4096	0	0	0	1731	2048
a8e9d5d5-b3c2-437e-8135-3cef24e19635-tooling-smoke/micro/0-fastlz-32768.tsv	read	0	2	4096	4096	0	0	0	1679	2014
a8e9d5d5-b3c2-437e-8135-3cef24e19635-tooling-smoke/micro/0-fastlz-32768.tsv	read	0	3	4096	4096	0	0	0	1591	1914
a8e9d5d5-b3c2-437e-8135-3cef24e19635-tooling-smoke/micro/0-fastlz-32768.tsv	read	0	4	4194304	4194304	0	0	0	972696	974010
a8e9d5d5-b3c2-437e-8135-3cef24e19635-tooling-smoke/micro/0-fastlz-32768.tsv	read	0	5	4194304	4194304	0	0	0	943879	944610
a8e9d5d5-b3c2-437e-8135-3cef24e19635-tooling-smoke/micro/0-fastlz-32768.tsv	read	0	6	4194304	4194304	0	0	0	723743	724793
a8e9d5d5-b3c2-437e-8135-3cef24e19635-tooling-smoke/micro/0-fastlz-32768.tsv	read	0	7	4194304	4194304	0	0	0	697964	698960
a8e9d5d5-b3c2-437e-8135-3cef24e19635-tooling-smoke/micro/0-fastlz-32768.tsv	read	0	8	4194304	4194304	0	0	0	711373	712459
a8e9d5d5-b3c2-437e-8135-3cef24e19635-tooling-smoke/micro/0-fastlz-32768.tsv	read	0	9	4194304	4194304	0	0	0	708979	710089
a8e9d5d5-b3c2-437e-8135-3cef24e19635-tooling-smoke/micro/0-fastlz-4194304.tsv	encode	0	0	4194304	4194304	0	0	0	48884963	48912965
a8e9d5d5-b3c2-437e-8135-3cef24e19635-tooling-smoke/micro/0-fastlz-4194304.tsv	encode	0	1	4194304	4194304	0	0	0	44446341	44471302
a8e9d5d5-b3c2-437e-8135-3cef24e19635-tooling-smoke/micro/0-fastlz-4194304.tsv	read	0	0	4096	4096	0	0	0	4171	4556
a8e9d5d5-b3c2-437e-8135-3cef24e19635-tooling-smoke/micro/0-fastlz-4194304.tsv	read	0	1	4096	4096	0	0	0	1595	1908
a8e9d5d5-b3c2-437e-8135-3cef24e19635-tooling-smoke/micro/0-fastlz-4194304.tsv	read	0	2	4096	4096	0	0	0	1313	1635
a8e9d5d5-b3c2-437e-8135-3cef24e19635-tooling-smoke/micro/0-fastlz-4194304.tsv	read	0	3	4096	4096	0	0	0	1728	2054
a8e9d5d5-b3c2-437e-8135-3cef24e19635-tooling-smoke/micro/0-fastlz-4194304.tsv	read	0	4	4194304	4194304	0	0	0	1016207	1017096
a8e9d5d5-b3c2-437e-8135-3cef24e19635-tooling-smoke/micro/0-fastlz-4194304.tsv	read	0	5	4194304	4194304	0	0	0	887552	888367
a8e9d5d5-b3c2-437e-8135-3cef24e19635-tooling-smoke/micro/0-fastlz-4194304.tsv	read	0	6	4194304	4194304	0	0	0	751233	752474
a8e9d5d5-b3c2-437e-8135-3cef24e19635-tooling-smoke/micro/0-fastlz-4194304.tsv	read	0	7	4194304	4194304	0	0	0	717748	718767
a8e9d5d5-b3c2-437e-8135-3cef24e19635-tooling-smoke/micro/0-fastlz-4194304.tsv	read	0	8	4194304	4194304	0	0	0	728147	729134
a8e9d5d5-b3c2-437e-8135-3cef24e19635-tooling-smoke/micro/0-fastlz-4194304.tsv	read	0	9	4194304	4194304	0	0	0	715177	716208
a8e9d5d5-b3c2-437e-8135-3cef24e19635-tooling-smoke/micro/0-fastlz-65536.tsv	encode	0	0	4194304	4194304	0	0	0	50365397	50393602
a8e9d5d5-b3c2-437e-8135-3cef24e19635-tooling-smoke/micro/0-fastlz-65536.tsv	encode	0	1	4194304	4194304	0	0	0	46588703	46613642
a8e9d5d5-b3c2-437e-8135-3cef24e19635-tooling-smoke/micro/0-fastlz-65536.tsv	read	0	0	4096	4096	0	0	0	10444	10858
a8e9d5d5-b3c2-437e-8135-3cef24e19635-tooling-smoke/micro/0-fastlz-65536.tsv	read	0	1	4096	4096	0	0	0	1775	2123
a8e9d5d5-b3c2-437e-8135-3cef24e19635-tooling-smoke/micro/0-fastlz-65536.tsv	read	0	2	4096	4096	0	0	0	1677	2023
a8e9d5d5-b3c2-437e-8135-3cef24e19635-tooling-smoke/micro/0-fastlz-65536.tsv	read	0	3	4096	4096	0	0	0	1577	1921
a8e9d5d5-b3c2-437e-8135-3cef24e19635-tooling-smoke/micro/0-fastlz-65536.tsv	read	0	4	4194304	4194304	0	0	0	856064	857276
a8e9d5d5-b3c2-437e-8135-3cef24e19635-tooling-smoke/micro/0-fastlz-65536.tsv	read	0	5	4194304	4194304	0	0	0	808186	809191
a8e9d5d5-b3c2-437e-8135-3cef24e19635-tooling-smoke/micro/0-fastlz-65536.tsv	read	0	6	4194304	4194304	0	0	0	721614	722587
a8e9d5d5-b3c2-437e-8135-3cef24e19635-tooling-smoke/micro/0-fastlz-65536.tsv	read	0	7	4194304	4194304	0	0	0	701675	702647
a8e9d5d5-b3c2-437e-8135-3cef24e19635-tooling-smoke/micro/0-fastlz-65536.tsv	read	0	8	4194304	4194304	0	0	0	739816	740646
a8e9d5d5-b3c2-437e-8135-3cef24e19635-tooling-smoke/micro/0-fastlz-65536.tsv	read	0	9	4194304	4194304	0	0	0	710676	711671
a8e9d5d5-b3c2-437e-8135-3cef24e19635-tooling-smoke/micro/0-lz4-131072.tsv	encode	0	0	4194304	4194304	0	0	0	7870847	7873348
a8e9d5d5-b3c2-437e-8135-3cef24e19635-tooling-smoke/micro/0-lz4-131072.tsv	encode	0	1	4194304	4194304	0	0	0	4581742	4582683
a8e9d5d5-b3c2-437e-8135-3cef24e19635-tooling-smoke/micro/0-lz4-131072.tsv	read	0	0	4096	4096	0	0	0	4195	4596
a8e9d5d5-b3c2-437e-8135-3cef24e19635-tooling-smoke/micro/0-lz4-131072.tsv	read	0	1	4096	4096	0	0	0	1949	2295
a8e9d5d5-b3c2-437e-8135-3cef24e19635-tooling-smoke/micro/0-lz4-131072.tsv	read	0	2	4096	4096	0	0	0	1302	1636
a8e9d5d5-b3c2-437e-8135-3cef24e19635-tooling-smoke/micro/0-lz4-131072.tsv	read	0	3	4096	4096	0	0	0	1507	1831
a8e9d5d5-b3c2-437e-8135-3cef24e19635-tooling-smoke/micro/0-lz4-131072.tsv	read	0	4	4194304	4194304	0	0	0	814103	815105
a8e9d5d5-b3c2-437e-8135-3cef24e19635-tooling-smoke/micro/0-lz4-131072.tsv	read	0	5	4194304	4194304	0	0	0	754858	755609
a8e9d5d5-b3c2-437e-8135-3cef24e19635-tooling-smoke/micro/0-lz4-131072.tsv	read	0	6	4194304	4194304	0	0	0	719408	720334
a8e9d5d5-b3c2-437e-8135-3cef24e19635-tooling-smoke/micro/0-lz4-131072.tsv	read	0	7	4194304	4194304	0	0	0	706004	706889
a8e9d5d5-b3c2-437e-8135-3cef24e19635-tooling-smoke/micro/0-lz4-131072.tsv	read	0	8	4194304	4194304	0	0	0	744375	744996
a8e9d5d5-b3c2-437e-8135-3cef24e19635-tooling-smoke/micro/0-lz4-131072.tsv	read	0	9	4194304	4194304	0	0	0	714044	714997
a8e9d5d5-b3c2-437e-8135-3cef24e19635-tooling-smoke/micro/0-lz4-16384.tsv	encode	0	0	4194304	4194304	0	0	0	12024413	12027525
a8e9d5d5-b3c2-437e-8135-3cef24e19635-tooling-smoke/micro/0-lz4-16384.tsv	encode	0	1	4194304	4194304	0	0	0	8339757	8365305
a8e9d5d5-b3c2-437e-8135-3cef24e19635-tooling-smoke/micro/0-lz4-16384.tsv	read	0	0	4096	4096	0	0	0	4007	4357
a8e9d5d5-b3c2-437e-8135-3cef24e19635-tooling-smoke/micro/0-lz4-16384.tsv	read	0	1	4096	4096	0	0	0	1686	2026
a8e9d5d5-b3c2-437e-8135-3cef24e19635-tooling-smoke/micro/0-lz4-16384.tsv	read	0	2	4096	4096	0	0	0	1470	1834
a8e9d5d5-b3c2-437e-8135-3cef24e19635-tooling-smoke/micro/0-lz4-16384.tsv	read	0	3	4096	4096	0	0	0	1444	1807
a8e9d5d5-b3c2-437e-8135-3cef24e19635-tooling-smoke/micro/0-lz4-16384.tsv	read	0	4	4194304	4194304	0	0	0	851661	853392
a8e9d5d5-b3c2-437e-8135-3cef24e19635-tooling-smoke/micro/0-lz4-16384.tsv	read	0	5	4194304	4194304	0	0	0	795996	797200
a8e9d5d5-b3c2-437e-8135-3cef24e19635-tooling-smoke/micro/0-lz4-16384.tsv	read	0	6	4194304	4194304	0	0	0	722751	723785
a8e9d5d5-b3c2-437e-8135-3cef24e19635-tooling-smoke/micro/0-lz4-16384.tsv	read	0	7	4194304	4194304	0	0	0	693289	694246
a8e9d5d5-b3c2-437e-8135-3cef24e19635-tooling-smoke/micro/0-lz4-16384.tsv	read	0	8	4194304	4194304	0	0	0	712140	713120
a8e9d5d5-b3c2-437e-8135-3cef24e19635-tooling-smoke/micro/0-lz4-16384.tsv	read	0	9	4194304	4194304	0	0	0	702511	703352
a8e9d5d5-b3c2-437e-8135-3cef24e19635-tooling-smoke/micro/0-lz4-262144.tsv	encode	0	0	4194304	4194304	0	0	0	7247504	7250390
a8e9d5d5-b3c2-437e-8135-3cef24e19635-tooling-smoke/micro/0-lz4-262144.tsv	encode	0	1	4194304	4194304	0	0	0	4427232	4428392
a8e9d5d5-b3c2-437e-8135-3cef24e19635-tooling-smoke/micro/0-lz4-262144.tsv	read	0	0	4096	4096	0	0	0	3710	4098
a8e9d5d5-b3c2-437e-8135-3cef24e19635-tooling-smoke/micro/0-lz4-262144.tsv	read	0	1	4096	4096	0	0	0	1547	1869
a8e9d5d5-b3c2-437e-8135-3cef24e19635-tooling-smoke/micro/0-lz4-262144.tsv	read	0	2	4096	4096	0	0	0	1337	1673
a8e9d5d5-b3c2-437e-8135-3cef24e19635-tooling-smoke/micro/0-lz4-262144.tsv	read	0	3	4096	4096	0	0	0	1323	1652
a8e9d5d5-b3c2-437e-8135-3cef24e19635-tooling-smoke/micro/0-lz4-262144.tsv	read	0	4	4194304	4194304	0	0	0	873996	875182
a8e9d5d5-b3c2-437e-8135-3cef24e19635-tooling-smoke/micro/0-lz4-262144.tsv	read	0	5	4194304	4194304	0	0	0	769313	770273
a8e9d5d5-b3c2-437e-8135-3cef24e19635-tooling-smoke/micro/0-lz4-262144.tsv	read	0	6	4194304	4194304	0	0	0	754406	755400
a8e9d5d5-b3c2-437e-8135-3cef24e19635-tooling-smoke/micro/0-lz4-262144.tsv	read	0	7	4194304	4194304	0	0	0	710458	711405
a8e9d5d5-b3c2-437e-8135-3cef24e19635-tooling-smoke/micro/0-lz4-262144.tsv	read	0	8	4194304	4194304	0	0	0	716781	717704
a8e9d5d5-b3c2-437e-8135-3cef24e19635-tooling-smoke/micro/0-lz4-262144.tsv	read	0	9	4194304	4194304	0	0	0	714822	715823
a8e9d5d5-b3c2-437e-8135-3cef24e19635-tooling-smoke/micro/0-lz4-32768.tsv	encode	0	0	4194304	4194304	0	0	0	9921577	9924277
a8e9d5d5-b3c2-437e-8135-3cef24e19635-tooling-smoke/micro/0-lz4-32768.tsv	encode	0	1	4194304	4194304	0	0	0	5727411	5729238
a8e9d5d5-b3c2-437e-8135-3cef24e19635-tooling-smoke/micro/0-lz4-32768.tsv	read	0	0	4096	4096	0	0	0	4511	4900
a8e9d5d5-b3c2-437e-8135-3cef24e19635-tooling-smoke/micro/0-lz4-32768.tsv	read	0	1	4096	4096	0	0	0	1568	1897
a8e9d5d5-b3c2-437e-8135-3cef24e19635-tooling-smoke/micro/0-lz4-32768.tsv	read	0	2	4096	4096	0	0	0	1364	1696
a8e9d5d5-b3c2-437e-8135-3cef24e19635-tooling-smoke/micro/0-lz4-32768.tsv	read	0	3	4096	4096	0	0	0	1325	1670
a8e9d5d5-b3c2-437e-8135-3cef24e19635-tooling-smoke/micro/0-lz4-32768.tsv	read	0	4	4194304	4194304	0	0	0	1286805	1288171
a8e9d5d5-b3c2-437e-8135-3cef24e19635-tooling-smoke/micro/0-lz4-32768.tsv	read	0	5	4194304	4194304	0	0	0	747791	775536
a8e9d5d5-b3c2-437e-8135-3cef24e19635-tooling-smoke/micro/0-lz4-32768.tsv	read	0	6	4194304	4194304	0	0	0	719752	720735
a8e9d5d5-b3c2-437e-8135-3cef24e19635-tooling-smoke/micro/0-lz4-32768.tsv	read	0	7	4194304	4194304	0	0	0	793261	794293
a8e9d5d5-b3c2-437e-8135-3cef24e19635-tooling-smoke/micro/0-lz4-32768.tsv	read	0	8	4194304	4194304	0	0	0	734538	735875
a8e9d5d5-b3c2-437e-8135-3cef24e19635-tooling-smoke/micro/0-lz4-32768.tsv	read	0	9	4194304	4194304	0	0	0	721099	722447
a8e9d5d5-b3c2-437e-8135-3cef24e19635-tooling-smoke/micro/0-lz4-4194304.tsv	encode	0	0	4194304	4194304	0	0	0	6602110	6605763
a8e9d5d5-b3c2-437e-8135-3cef24e19635-tooling-smoke/micro/0-lz4-4194304.tsv	encode	0	1	4194304	4194304	0	0	0	2116935	2118547
a8e9d5d5-b3c2-437e-8135-3cef24e19635-tooling-smoke/micro/0-lz4-4194304.tsv	read	0	0	4096	4096	0	0	0	3857	4245
a8e9d5d5-b3c2-437e-8135-3cef24e19635-tooling-smoke/micro/0-lz4-4194304.tsv	read	0	1	4096	4096	0	0	0	1603	1935
a8e9d5d5-b3c2-437e-8135-3cef24e19635-tooling-smoke/micro/0-lz4-4194304.tsv	read	0	2	4096	4096	0	0	0	1465	1813
a8e9d5d5-b3c2-437e-8135-3cef24e19635-tooling-smoke/micro/0-lz4-4194304.tsv	read	0	3	4096	4096	0	0	0	1331	1666
a8e9d5d5-b3c2-437e-8135-3cef24e19635-tooling-smoke/micro/0-lz4-4194304.tsv	read	0	4	4194304	4194304	0	0	0	770764	771661
a8e9d5d5-b3c2-437e-8135-3cef24e19635-tooling-smoke/micro/0-lz4-4194304.tsv	read	0	5	4194304	4194304	0	0	0	736728	737789
a8e9d5d5-b3c2-437e-8135-3cef24e19635-tooling-smoke/micro/0-lz4-4194304.tsv	read	0	6	4194304	4194304	0	0	0	712829	714009
a8e9d5d5-b3c2-437e-8135-3cef24e19635-tooling-smoke/micro/0-lz4-4194304.tsv	read	0	7	4194304	4194304	0	0	0	695714	696610
a8e9d5d5-b3c2-437e-8135-3cef24e19635-tooling-smoke/micro/0-lz4-4194304.tsv	read	0	8	4194304	4194304	0	0	0	736002	737072
a8e9d5d5-b3c2-437e-8135-3cef24e19635-tooling-smoke/micro/0-lz4-4194304.tsv	read	0	9	4194304	4194304	0	0	0	710197	711191
a8e9d5d5-b3c2-437e-8135-3cef24e19635-tooling-smoke/micro/0-lz4-65536.tsv	encode	0	0	4194304	4194304	0	0	0	9202350	9205390
a8e9d5d5-b3c2-437e-8135-3cef24e19635-tooling-smoke/micro/0-lz4-65536.tsv	encode	0	1	4194304	4194304	0	0	0	4627048	4628938
a8e9d5d5-b3c2-437e-8135-3cef24e19635-tooling-smoke/micro/0-lz4-65536.tsv	read	0	0	4096	4096	0	0	0	9742	10092
a8e9d5d5-b3c2-437e-8135-3cef24e19635-tooling-smoke/micro/0-lz4-65536.tsv	read	0	1	4096	4096	0	0	0	1928	2269
a8e9d5d5-b3c2-437e-8135-3cef24e19635-tooling-smoke/micro/0-lz4-65536.tsv	read	0	2	4096	4096	0	0	0	1442	1783
a8e9d5d5-b3c2-437e-8135-3cef24e19635-tooling-smoke/micro/0-lz4-65536.tsv	read	0	3	4096	4096	0	0	0	1377	1706
a8e9d5d5-b3c2-437e-8135-3cef24e19635-tooling-smoke/micro/0-lz4-65536.tsv	read	0	4	4194304	4194304	0	0	0	1372651	1374028
a8e9d5d5-b3c2-437e-8135-3cef24e19635-tooling-smoke/micro/0-lz4-65536.tsv	read	0	5	4194304	4194304	0	0	0	796521	824959
a8e9d5d5-b3c2-437e-8135-3cef24e19635-tooling-smoke/micro/0-lz4-65536.tsv	read	0	6	4194304	4194304	0	0	0	742545	743789
a8e9d5d5-b3c2-437e-8135-3cef24e19635-tooling-smoke/micro/0-lz4-65536.tsv	read	0	7	4194304	4194304	0	0	0	805588	806471
a8e9d5d5-b3c2-437e-8135-3cef24e19635-tooling-smoke/micro/0-lz4-65536.tsv	read	0	8	4194304	4194304	0	0	0	729391	730435
a8e9d5d5-b3c2-437e-8135-3cef24e19635-tooling-smoke/micro/0-lz4-65536.tsv	read	0	9	4194304	4194304	0	0	0	744233	745142
a8e9d5d5-b3c2-437e-8135-3cef24e19635-tooling-smoke/micro/0-snappy-131072.tsv	encode	0	0	4194304	4194304	0	0	0	5972587	5974826
a8e9d5d5-b3c2-437e-8135-3cef24e19635-tooling-smoke/micro/0-snappy-131072.tsv	encode	0	1	4194304	4194304	0	0	0	2493718	2495320
a8e9d5d5-b3c2-437e-8135-3cef24e19635-tooling-smoke/micro/0-snappy-131072.tsv	read	0	0	4096	4096	0	0	0	3640	4068
a8e9d5d5-b3c2-437e-8135-3cef24e19635-tooling-smoke/micro/0-snappy-131072.tsv	read	0	1	4096	4096	0	0	0	1456	1817
a8e9d5d5-b3c2-437e-8135-3cef24e19635-tooling-smoke/micro/0-snappy-131072.tsv	read	0	2	4096	4096	0	0	0	1348	1681
a8e9d5d5-b3c2-437e-8135-3cef24e19635-tooling-smoke/micro/0-snappy-131072.tsv	read	0	3	4096	4096	0	0	0	1388	1723
a8e9d5d5-b3c2-437e-8135-3cef24e19635-tooling-smoke/micro/0-snappy-131072.tsv	read	0	4	4194304	4194304	0	0	0	815002	816334
a8e9d5d5-b3c2-437e-8135-3cef24e19635-tooling-smoke/micro/0-snappy-131072.tsv	read	0	5	4194304	4194304	0	0	0	755038	756322
a8e9d5d5-b3c2-437e-8135-3cef24e19635-tooling-smoke/micro/0-snappy-131072.tsv	read	0	6	4194304	4194304	0	0	0	711480	712448
a8e9d5d5-b3c2-437e-8135-3cef24e19635-tooling-smoke/micro/0-snappy-131072.tsv	read	0	7	4194304	4194304	0	0	0	693306	694356
a8e9d5d5-b3c2-437e-8135-3cef24e19635-tooling-smoke/micro/0-snappy-131072.tsv	read	0	8	4194304	4194304	0	0	0	707818	708822
a8e9d5d5-b3c2-437e-8135-3cef24e19635-tooling-smoke/micro/0-snappy-131072.tsv	read	0	9	4194304	4194304	0	0	0	707649	708615
a8e9d5d5-b3c2-437e-8135-3cef24e19635-tooling-smoke/micro/0-snappy-16384.tsv	encode	0	0	4194304	4194304	0	0	0	7268207	7271155
a8e9d5d5-b3c2-437e-8135-3cef24e19635-tooling-smoke/micro/0-snappy-16384.tsv	encode	0	1	4194304	4194304	0	0	0	2938797	2940215
a8e9d5d5-b3c2-437e-8135-3cef24e19635-tooling-smoke/micro/0-snappy-16384.tsv	read	0	0	4096	4096	0	0	0	3518	3940
a8e9d5d5-b3c2-437e-8135-3cef24e19635-tooling-smoke/micro/0-snappy-16384.tsv	read	0	1	4096	4096	0	0	0	1518	1855
a8e9d5d5-b3c2-437e-8135-3cef24e19635-tooling-smoke/micro/0-snappy-16384.tsv	read	0	2	4096	4096	0	0	0	1283	1603
a8e9d5d5-b3c2-437e-8135-3cef24e19635-tooling-smoke/micro/0-snappy-16384.tsv	read	0	3	4096	4096	0	0	0	1400	1704
a8e9d5d5-b3c2-437e-8135-3cef24e19635-tooling-smoke/micro/0-snappy-16384.tsv	read	0	4	4194304	4194304	0	0	0	1312765	1314232
a8e9d5d5-b3c2-437e-8135-3cef24e19635-tooling-smoke/micro/0-snappy-16384.tsv	read	0	5	4194304	4194304	0	0	0	748446	749645
a8e9d5d5-b3c2-437e-8135-3cef24e19635-tooling-smoke/micro/0-snappy-16384.tsv	read	0	6	4194304	4194304	0	0	0	725173	725843
a8e9d5d5-b3c2-437e-8135-3cef24e19635-tooling-smoke/micro/0-snappy-16384.tsv	read	0	7	4194304	4194304	0	0	0	788643	789889
a8e9d5d5-b3c2-437e-8135-3cef24e19635-tooling-smoke/micro/0-snappy-16384.tsv	read	0	8	4194304	4194304	0	0	0	706278	707435
a8e9d5d5-b3c2-437e-8135-3cef24e19635-tooling-smoke/micro/0-snappy-16384.tsv	read	0	9	4194304	4194304	0	0	0	703589	704691
a8e9d5d5-b3c2-437e-8135-3cef24e19635-tooling-smoke/micro/0-snappy-262144.tsv	encode	0	0	4194304	4194304	0	0	0	5842079	5844891
a8e9d5d5-b3c2-437e-8135-3cef24e19635-tooling-smoke/micro/0-snappy-262144.tsv	encode	0	1	4194304	4194304	0	0	0	2558311	2560130
a8e9d5d5-b3c2-437e-8135-3cef24e19635-tooling-smoke/micro/0-snappy-262144.tsv	read	0	0	4096	4096	0	0	0	3896	4248
a8e9d5d5-b3c2-437e-8135-3cef24e19635-tooling-smoke/micro/0-snappy-262144.tsv	read	0	1	4096	4096	0	0	0	1677	1999
a8e9d5d5-b3c2-437e-8135-3cef24e19635-tooling-smoke/micro/0-snappy-262144.tsv	read	0	2	4096	4096	0	0	0	1401	1700
a8e9d5d5-b3c2-437e-8135-3cef24e19635-tooling-smoke/micro/0-snappy-262144.tsv	read	0	3	4096	4096	0	0	0	1404	1698
a8e9d5d5-b3c2-437e-8135-3cef24e19635-tooling-smoke/micro/0-snappy-262144.tsv	read	0	4	4194304	4194304	0	0	0	794155	795397
a8e9d5d5-b3c2-437e-8135-3cef24e19635-tooling-smoke/micro/0-snappy-262144.tsv	read	0	5	4194304	4194304	0	0	0	730435	731394
a8e9d5d5-b3c2-437e-8135-3cef24e19635-tooling-smoke/micro/0-snappy-262144.tsv	read	0	6	4194304	4194304	0	0	0	723085	724360
a8e9d5d5-b3c2-437e-8135-3cef24e19635-tooling-smoke/micro/0-snappy-262144.tsv	read	0	7	4194304	4194304	0	0	0	705669	706806
a8e9d5d5-b3c2-437e-8135-3cef24e19635-tooling-smoke/micro/0-snappy-262144.tsv	read	0	8	4194304	4194304	0	0	0	705486	706394
a8e9d5d5-b3c2-437e-8135-3cef24e19635-tooling-smoke/micro/0-snappy-262144.tsv	read	0	9	4194304	4194304	0	0	0	702941	703905
a8e9d5d5-b3c2-437e-8135-3cef24e19635-tooling-smoke/micro/0-snappy-32768.tsv	encode	0	0	4194304	4194304	0	0	0	6926169	6929226
a8e9d5d5-b3c2-437e-8135-3cef24e19635-tooling-smoke/micro/0-snappy-32768.tsv	encode	0	1	4194304	4194304	0	0	0	2455219	2456462
a8e9d5d5-b3c2-437e-8135-3cef24e19635-tooling-smoke/micro/0-snappy-32768.tsv	read	0	0	4096	4096	0	0	0	3519	3895
a8e9d5d5-b3c2-437e-8135-3cef24e19635-tooling-smoke/micro/0-snappy-32768.tsv	read	0	1	4096	4096	0	0	0	1629	1960
a8e9d5d5-b3c2-437e-8135-3cef24e19635-tooling-smoke/micro/0-snappy-32768.tsv	read	0	2	4096	4096	0	0	0	1498	1816
a8e9d5d5-b3c2-437e-8135-3cef24e19635-tooling-smoke/micro/0-snappy-32768.tsv	read	0	3	4096	4096	0	0	0	1428	1760
a8e9d5d5-b3c2-437e-8135-3cef24e19635-tooling-smoke/micro/0-snappy-32768.tsv	read	0	4	4194304	4194304	0	0	0	1317308	1318552
a8e9d5d5-b3c2-437e-8135-3cef24e19635-tooling-smoke/micro/0-snappy-32768.tsv	read	0	5	4194304	4194304	0	0	0	772229	773281
a8e9d5d5-b3c2-437e-8135-3cef24e19635-tooling-smoke/micro/0-snappy-32768.tsv	read	0	6	4194304	4194304	0	0	0	708494	709700
a8e9d5d5-b3c2-437e-8135-3cef24e19635-tooling-smoke/micro/0-snappy-32768.tsv	read	0	7	4194304	4194304	0	0	0	814177	815198
a8e9d5d5-b3c2-437e-8135-3cef24e19635-tooling-smoke/micro/0-snappy-32768.tsv	read	0	8	4194304	4194304	0	0	0	714083	715113
a8e9d5d5-b3c2-437e-8135-3cef24e19635-tooling-smoke/micro/0-snappy-32768.tsv	read	0	9	4194304	4194304	0	0	0	709692	710824
a8e9d5d5-b3c2-437e-8135-3cef24e19635-tooling-smoke/micro/0-snappy-4194304.tsv	encode	0	0	4194304	4194304	0	0	0	5601390	5603885
a8e9d5d5-b3c2-437e-8135-3cef24e19635-tooling-smoke/micro/0-snappy-4194304.tsv	encode	0	1	4194304	4194304	0	0	0	3506767	3508021
a8e9d5d5-b3c2-437e-8135-3cef24e19635-tooling-smoke/micro/0-snappy-4194304.tsv	read	0	0	4096	4096	0	0	0	4250	4681
a8e9d5d5-b3c2-437e-8135-3cef24e19635-tooling-smoke/micro/0-snappy-4194304.tsv	read	0	1	4096	4096	0	0	0	1762	2112
a8e9d5d5-b3c2-437e-8135-3cef24e19635-tooling-smoke/micro/0-snappy-4194304.tsv	read	0	2	4096	4096	0	0	0	1369	1703
a8e9d5d5-b3c2-437e-8135-3cef24e19635-tooling-smoke/micro/0-snappy-4194304.tsv	read	0	3	4096	4096	0	0	0	1363	1694
a8e9d5d5-b3c2-437e-8135-3cef24e19635-tooling-smoke/micro/0-snappy-4194304.tsv	read	0	4	4194304	4194304	0	0	0	913179	914353
a8e9d5d5-b3c2-437e-8135-3cef24e19635-tooling-smoke/micro/0-snappy-4194304.tsv	read	0	5	4194304	4194304	0	0	0	744389	745463
a8e9d5d5-b3c2-437e-8135-3cef24e19635-tooling-smoke/micro/0-snappy-4194304.tsv	read	0	6	4194304	4194304	0	0	0	711504	712312
a8e9d5d5-b3c2-437e-8135-3cef24e19635-tooling-smoke/micro/0-snappy-4194304.tsv	read	0	7	4194304	4194304	0	0	0	701271	702116
a8e9d5d5-b3c2-437e-8135-3cef24e19635-tooling-smoke/micro/0-snappy-4194304.tsv	read	0	8	4194304	4194304	0	0	0	734817	735424
a8e9d5d5-b3c2-437e-8135-3cef24e19635-tooling-smoke/micro/0-snappy-4194304.tsv	read	0	9	4194304	4194304	0	0	0	708977	710163
a8e9d5d5-b3c2-437e-8135-3cef24e19635-tooling-smoke/micro/0-snappy-65536.tsv	encode	0	0	4194304	4194304	0	0	0	6674080	6732200
a8e9d5d5-b3c2-437e-8135-3cef24e19635-tooling-smoke/micro/0-snappy-65536.tsv	encode	0	1	4194304	4194304	0	0	0	2172586	2173873
a8e9d5d5-b3c2-437e-8135-3cef24e19635-tooling-smoke/micro/0-snappy-65536.tsv	read	0	0	4096	4096	0	0	0	3683	4147
a8e9d5d5-b3c2-437e-8135-3cef24e19635-tooling-smoke/micro/0-snappy-65536.tsv	read	0	1	4096	4096	0	0	0	1525	1858
a8e9d5d5-b3c2-437e-8135-3cef24e19635-tooling-smoke/micro/0-snappy-65536.tsv	read	0	2	4096	4096	0	0	0	1604	1925
a8e9d5d5-b3c2-437e-8135-3cef24e19635-tooling-smoke/micro/0-snappy-65536.tsv	read	0	3	4096	4096	0	0	0	1491	1816
a8e9d5d5-b3c2-437e-8135-3cef24e19635-tooling-smoke/micro/0-snappy-65536.tsv	read	0	4	4194304	4194304	0	0	0	1335559	1336814
a8e9d5d5-b3c2-437e-8135-3cef24e19635-tooling-smoke/micro/0-snappy-65536.tsv	read	0	5	4194304	4194304	0	0	0	774224	775407
a8e9d5d5-b3c2-437e-8135-3cef24e19635-tooling-smoke/micro/0-snappy-65536.tsv	read	0	6	4194304	4194304	0	0	0	703689	704630
a8e9d5d5-b3c2-437e-8135-3cef24e19635-tooling-smoke/micro/0-snappy-65536.tsv	read	0	7	4194304	4194304	0	0	0	793811	794762
a8e9d5d5-b3c2-437e-8135-3cef24e19635-tooling-smoke/micro/0-snappy-65536.tsv	read	0	8	4194304	4194304	0	0	0	733530	734107
a8e9d5d5-b3c2-437e-8135-3cef24e19635-tooling-smoke/micro/0-snappy-65536.tsv	read	0	9	4194304	4194304	0	0	0	704245	705297
a8e9d5d5-b3c2-437e-8135-3cef24e19635-tooling-smoke/micro/0-zstd-1-131072.tsv	encode	0	0	4194304	4194304	0	0	0	8296342	8299006
a8e9d5d5-b3c2-437e-8135-3cef24e19635-tooling-smoke/micro/0-zstd-1-131072.tsv	encode	0	1	4194304	4194304	0	0	0	4684988	4686389
a8e9d5d5-b3c2-437e-8135-3cef24e19635-tooling-smoke/micro/0-zstd-1-131072.tsv	read	0	0	4096	4096	0	0	0	3661	4099
a8e9d5d5-b3c2-437e-8135-3cef24e19635-tooling-smoke/micro/0-zstd-1-131072.tsv	read	0	1	4096	4096	0	0	0	1521	1859
a8e9d5d5-b3c2-437e-8135-3cef24e19635-tooling-smoke/micro/0-zstd-1-131072.tsv	read	0	2	4096	4096	0	0	0	1409	1756
a8e9d5d5-b3c2-437e-8135-3cef24e19635-tooling-smoke/micro/0-zstd-1-131072.tsv	read	0	3	4096	4096	0	0	0	1382	1715
a8e9d5d5-b3c2-437e-8135-3cef24e19635-tooling-smoke/micro/0-zstd-1-131072.tsv	read	0	4	4194304	4194304	0	0	0	839535	840126
a8e9d5d5-b3c2-437e-8135-3cef24e19635-tooling-smoke/micro/0-zstd-1-131072.tsv	read	0	5	4194304	4194304	0	0	0	749850	751139
a8e9d5d5-b3c2-437e-8135-3cef24e19635-tooling-smoke/micro/0-zstd-1-131072.tsv	read	0	6	4194304	4194304	0	0	0	721307	722353
a8e9d5d5-b3c2-437e-8135-3cef24e19635-tooling-smoke/micro/0-zstd-1-131072.tsv	read	0	7	4194304	4194304	0	0	0	704119	705250
a8e9d5d5-b3c2-437e-8135-3cef24e19635-tooling-smoke/micro/0-zstd-1-131072.tsv	read	0	8	4194304	4194304	0	0	0	718363	719298
a8e9d5d5-b3c2-437e-8135-3cef24e19635-tooling-smoke/micro/0-zstd-1-131072.tsv	read	0	9	4194304	4194304	0	0	0	730915	756946
a8e9d5d5-b3c2-437e-8135-3cef24e19635-tooling-smoke/micro/0-zstd-1-16384.tsv	encode	0	0	4194304	4194304	0	0	0	19471849	19501501
a8e9d5d5-b3c2-437e-8135-3cef24e19635-tooling-smoke/micro/0-zstd-1-16384.tsv	encode	0	1	4194304	4194304	0	0	0	15579271	15580597
a8e9d5d5-b3c2-437e-8135-3cef24e19635-tooling-smoke/micro/0-zstd-1-16384.tsv	read	0	0	4096	4096	0	0	0	3408	3841
a8e9d5d5-b3c2-437e-8135-3cef24e19635-tooling-smoke/micro/0-zstd-1-16384.tsv	read	0	1	4096	4096	0	0	0	1582	1921
a8e9d5d5-b3c2-437e-8135-3cef24e19635-tooling-smoke/micro/0-zstd-1-16384.tsv	read	0	2	4096	4096	0	0	0	1410	1746
a8e9d5d5-b3c2-437e-8135-3cef24e19635-tooling-smoke/micro/0-zstd-1-16384.tsv	read	0	3	4096	4096	0	0	0	1409	1746
a8e9d5d5-b3c2-437e-8135-3cef24e19635-tooling-smoke/micro/0-zstd-1-16384.tsv	read	0	4	4194304	4194304	0	0	0	838198	839240
a8e9d5d5-b3c2-437e-8135-3cef24e19635-tooling-smoke/micro/0-zstd-1-16384.tsv	read	0	5	4194304	4194304	0	0	0	789143	790228
a8e9d5d5-b3c2-437e-8135-3cef24e19635-tooling-smoke/micro/0-zstd-1-16384.tsv	read	0	6	4194304	4194304	0	0	0	731778	732694
a8e9d5d5-b3c2-437e-8135-3cef24e19635-tooling-smoke/micro/0-zstd-1-16384.tsv	read	0	7	4194304	4194304	0	0	0	711586	712497
a8e9d5d5-b3c2-437e-8135-3cef24e19635-tooling-smoke/micro/0-zstd-1-16384.tsv	read	0	8	4194304	4194304	0	0	0	745435	746381
a8e9d5d5-b3c2-437e-8135-3cef24e19635-tooling-smoke/micro/0-zstd-1-16384.tsv	read	0	9	4194304	4194304	0	0	0	720716	721807
a8e9d5d5-b3c2-437e-8135-3cef24e19635-tooling-smoke/micro/0-zstd-1-262144.tsv	encode	0	0	4194304	4194304	0	0	0	8018534	8021229
a8e9d5d5-b3c2-437e-8135-3cef24e19635-tooling-smoke/micro/0-zstd-1-262144.tsv	encode	0	1	4194304	4194304	0	0	0	5165049	5166522
a8e9d5d5-b3c2-437e-8135-3cef24e19635-tooling-smoke/micro/0-zstd-1-262144.tsv	read	0	0	4096	4096	0	0	0	3089	3458
a8e9d5d5-b3c2-437e-8135-3cef24e19635-tooling-smoke/micro/0-zstd-1-262144.tsv	read	0	1	4096	4096	0	0	0	1519	1833
a8e9d5d5-b3c2-437e-8135-3cef24e19635-tooling-smoke/micro/0-zstd-1-262144.tsv	read	0	2	4096	4096	0	0	0	1386	1714
a8e9d5d5-b3c2-437e-8135-3cef24e19635-tooling-smoke/micro/0-zstd-1-262144.tsv	read	0	3	4096	4096	0	0	0	1382	1709
a8e9d5d5-b3c2-437e-8135-3cef24e19635-tooling-smoke/micro/0-zstd-1-262144.tsv	read	0	4	4194304	4194304	0	0	0	901673	902326
a8e9d5d5-b3c2-437e-8135-3cef24e19635-tooling-smoke/micro/0-zstd-1-262144.tsv	read	0	5	4194304	4194304	0	0	0	757027	758120
a8e9d5d5-b3c2-437e-8135-3cef24e19635-tooling-smoke/micro/0-zstd-1-262144.tsv	read	0	6	4194304	4194304	0	0	0	725131	726027
a8e9d5d5-b3c2-437e-8135-3cef24e19635-tooling-smoke/micro/0-zstd-1-262144.tsv	read	0	7	4194304	4194304	0	0	0	710112	711082
a8e9d5d5-b3c2-437e-8135-3cef24e19635-tooling-smoke/micro/0-zstd-1-262144.tsv	read	0	8	4194304	4194304	0	0	0	719849	720771
a8e9d5d5-b3c2-437e-8135-3cef24e19635-tooling-smoke/micro/0-zstd-1-262144.tsv	read	0	9	4194304	4194304	0	0	0	724529	725634
a8e9d5d5-b3c2-437e-8135-3cef24e19635-tooling-smoke/micro/0-zstd-1-32768.tsv	encode	0	0	4194304	4194304	0	0	0	15133621	15136239
a8e9d5d5-b3c2-437e-8135-3cef24e19635-tooling-smoke/micro/0-zstd-1-32768.tsv	encode	0	1	4194304	4194304	0	0	0	11517246	11542848
a8e9d5d5-b3c2-437e-8135-3cef24e19635-tooling-smoke/micro/0-zstd-1-32768.tsv	read	0	0	4096	4096	0	0	0	2892	3307
a8e9d5d5-b3c2-437e-8135-3cef24e19635-tooling-smoke/micro/0-zstd-1-32768.tsv	read	0	1	4096	4096	0	0	0	1559	1905
a8e9d5d5-b3c2-437e-8135-3cef24e19635-tooling-smoke/micro/0-zstd-1-32768.tsv	read	0	2	4096	4096	0	0	0	1444	1754
a8e9d5d5-b3c2-437e-8135-3cef24e19635-tooling-smoke/micro/0-zstd-1-32768.tsv	read	0	3	4096	4096	0	0	0	1408	1722
a8e9d5d5-b3c2-437e-8135-3cef24e19635-tooling-smoke/micro/0-zstd-1-32768.tsv	read	0	4	4194304	4194304	0	0	0	818093	819333
a8e9d5d5-b3c2-437e-8135-3cef24e19635-tooling-smoke/micro/0-zstd-1-32768.tsv	read	0	5	4194304	4194304	0	0	0	748543	749535
a8e9d5d5-b3c2-437e-8135-3cef24e19635-tooling-smoke/micro/0-zstd-1-32768.tsv	read	0	6	4194304	4194304	0	0	0	717693	718721
a8e9d5d5-b3c2-437e-8135-3cef24e19635-tooling-smoke/micro/0-zstd-1-32768.tsv	read	0	7	4194304	4194304	0	0	0	701208	702235
a8e9d5d5-b3c2-437e-8135-3cef24e19635-tooling-smoke/micro/0-zstd-1-32768.tsv	read	0	8	4194304	4194304	0	0	0	731004	732279
a8e9d5d5-b3c2-437e-8135-3cef24e19635-tooling-smoke/micro/0-zstd-1-32768.tsv	read	0	9	4194304	4194304	0	0	0	724677	725855
a8e9d5d5-b3c2-437e-8135-3cef24e19635-tooling-smoke/micro/0-zstd-1-4194304.tsv	encode	0	0	4194304	4194304	0	0	0	7723917	7726588
a8e9d5d5-b3c2-437e-8135-3cef24e19635-tooling-smoke/micro/0-zstd-1-4194304.tsv	encode	0	1	4194304	4194304	0	0	0	3607683	3609127
a8e9d5d5-b3c2-437e-8135-3cef24e19635-tooling-smoke/micro/0-zstd-1-4194304.tsv	read	0	0	4096	4096	0	0	0	3618	4009
a8e9d5d5-b3c2-437e-8135-3cef24e19635-tooling-smoke/micro/0-zstd-1-4194304.tsv	read	0	1	4096	4096	0	0	0	1693	2046
a8e9d5d5-b3c2-437e-8135-3cef24e19635-tooling-smoke/micro/0-zstd-1-4194304.tsv	read	0	2	4096	4096	0	0	0	1640	1947
a8e9d5d5-b3c2-437e-8135-3cef24e19635-tooling-smoke/micro/0-zstd-1-4194304.tsv	read	0	3	4096	4096	0	0	0	1632	1942
a8e9d5d5-b3c2-437e-8135-3cef24e19635-tooling-smoke/micro/0-zstd-1-4194304.tsv	read	0	4	4194304	4194304	0	0	0	970471	971171
a8e9d5d5-b3c2-437e-8135-3cef24e19635-tooling-smoke/micro/0-zstd-1-4194304.tsv	read	0	5	4194304	4194304	0	0	0	739361	740511
a8e9d5d5-b3c2-437e-8135-3cef24e19635-tooling-smoke/micro/0-zstd-1-4194304.tsv	read	0	6	4194304	4194304	0	0	0	715548	716503
a8e9d5d5-b3c2-437e-8135-3cef24e19635-tooling-smoke/micro/0-zstd-1-4194304.tsv	read	0	7	4194304	4194304	0	0	0	696587	697572
a8e9d5d5-b3c2-437e-8135-3cef24e19635-tooling-smoke/micro/0-zstd-1-4194304.tsv	read	0	8	4194304	4194304	0	0	0	711779	712780
a8e9d5d5-b3c2-437e-8135-3cef24e19635-tooling-smoke/micro/0-zstd-1-4194304.tsv	read	0	9	4194304	4194304	0	0	0	715372	716467
a8e9d5d5-b3c2-437e-8135-3cef24e19635-tooling-smoke/micro/0-zstd-1-65536.tsv	encode	0	0	4194304	4194304	0	0	0	10028005	10030799
a8e9d5d5-b3c2-437e-8135-3cef24e19635-tooling-smoke/micro/0-zstd-1-65536.tsv	encode	0	1	4194304	4194304	0	0	0	6399859	6401305
a8e9d5d5-b3c2-437e-8135-3cef24e19635-tooling-smoke/micro/0-zstd-1-65536.tsv	read	0	0	4096	4096	0	0	0	9163	9587
a8e9d5d5-b3c2-437e-8135-3cef24e19635-tooling-smoke/micro/0-zstd-1-65536.tsv	read	0	1	4096	4096	0	0	0	1565	1931
a8e9d5d5-b3c2-437e-8135-3cef24e19635-tooling-smoke/micro/0-zstd-1-65536.tsv	read	0	2	4096	4096	0	0	0	1363	1707
a8e9d5d5-b3c2-437e-8135-3cef24e19635-tooling-smoke/micro/0-zstd-1-65536.tsv	read	0	3	4096	4096	0	0	0	1416	1749
a8e9d5d5-b3c2-437e-8135-3cef24e19635-tooling-smoke/micro/0-zstd-1-65536.tsv	read	0	4	4194304	4194304	0	0	0	823699	850503
a8e9d5d5-b3c2-437e-8135-3cef24e19635-tooling-smoke/micro/0-zstd-1-65536.tsv	read	0	5	4194304	4194304	0	0	0	773269	773783
a8e9d5d5-b3c2-437e-8135-3cef24e19635-tooling-smoke/micro/0-zstd-1-65536.tsv	read	0	6	4194304	4194304	0	0	0	718111	719267
a8e9d5d5-b3c2-437e-8135-3cef24e19635-tooling-smoke/micro/0-zstd-1-65536.tsv	read	0	7	4194304	4194304	0	0	0	704560	705432
a8e9d5d5-b3c2-437e-8135-3cef24e19635-tooling-smoke/micro/0-zstd-1-65536.tsv	read	0	8	4194304	4194304	0	0	0	713924	714843
a8e9d5d5-b3c2-437e-8135-3cef24e19635-tooling-smoke/micro/0-zstd-1-65536.tsv	read	0	9	4194304	4194304	0	0	0	729358	730237
a8e9d5d5-b3c2-437e-8135-3cef24e19635-tooling-smoke/micro/0-zstd-3-131072.tsv	encode	0	0	4194304	4194304	0	0	0	10139681	10142931
a8e9d5d5-b3c2-437e-8135-3cef24e19635-tooling-smoke/micro/0-zstd-3-131072.tsv	encode	0	1	4194304	4194304	0	0	0	6063650	6090720
a8e9d5d5-b3c2-437e-8135-3cef24e19635-tooling-smoke/micro/0-zstd-3-131072.tsv	read	0	0	4096	4096	0	0	0	4070	4426
a8e9d5d5-b3c2-437e-8135-3cef24e19635-tooling-smoke/micro/0-zstd-3-131072.tsv	read	0	1	4096	4096	0	0	0	1781	2090
a8e9d5d5-b3c2-437e-8135-3cef24e19635-tooling-smoke/micro/0-zstd-3-131072.tsv	read	0	2	4096	4096	0	0	0	1459	1765
a8e9d5d5-b3c2-437e-8135-3cef24e19635-tooling-smoke/micro/0-zstd-3-131072.tsv	read	0	3	4096	4096	0	0	0	1462	1762
a8e9d5d5-b3c2-437e-8135-3cef24e19635-tooling-smoke/micro/0-zstd-3-131072.tsv	read	0	4	4194304	4194304	0	0	0	856058	857649
a8e9d5d5-b3c2-437e-8135-3cef24e19635-tooling-smoke/micro/0-zstd-3-131072.tsv	read	0	5	4194304	4194304	0	0	0	790749	792142
a8e9d5d5-b3c2-437e-8135-3cef24e19635-tooling-smoke/micro/0-zstd-3-131072.tsv	read	0	6	4194304	4194304	0	0	0	748549	749774
a8e9d5d5-b3c2-437e-8135-3cef24e19635-tooling-smoke/micro/0-zstd-3-131072.tsv	read	0	7	4194304	4194304	0	0	0	720630	721682
a8e9d5d5-b3c2-437e-8135-3cef24e19635-tooling-smoke/micro/0-zstd-3-131072.tsv	read	0	8	4194304	4194304	0	0	0	731459	732566
a8e9d5d5-b3c2-437e-8135-3cef24e19635-tooling-smoke/micro/0-zstd-3-131072.tsv	read	0	9	4194304	4194304	0	0	0	722995	724161
a8e9d5d5-b3c2-437e-8135-3cef24e19635-tooling-smoke/micro/0-zstd-3-16384.tsv	encode	0	0	4194304	4194304	0	0	0	26689150	26718689
a8e9d5d5-b3c2-437e-8135-3cef24e19635-tooling-smoke/micro/0-zstd-3-16384.tsv	encode	0	1	4194304	4194304	0	0	0	21768978	21770610
a8e9d5d5-b3c2-437e-8135-3cef24e19635-tooling-smoke/micro/0-zstd-3-16384.tsv	read	0	0	4096	4096	0	0	0	3830	4215
a8e9d5d5-b3c2-437e-8135-3cef24e19635-tooling-smoke/micro/0-zstd-3-16384.tsv	read	0	1	4096	4096	0	0	0	1603	1917
a8e9d5d5-b3c2-437e-8135-3cef24e19635-tooling-smoke/micro/0-zstd-3-16384.tsv	read	0	2	4096	4096	0	0	0	1771	2096
a8e9d5d5-b3c2-437e-8135-3cef24e19635-tooling-smoke/micro/0-zstd-3-16384.tsv	read	0	3	4096	4096	0	0	0	1402	1722
a8e9d5d5-b3c2-437e-8135-3cef24e19635-tooling-smoke/micro/0-zstd-3-16384.tsv	read	0	4	4194304	4194304	0	0	0	1355466	1356654
a8e9d5d5-b3c2-437e-8135-3cef24e19635-tooling-smoke/micro/0-zstd-3-16384.tsv	read	0	5	4194304	4194304	0	0	0	779392	780691
a8e9d5d5-b3c2-437e-8135-3cef24e19635-tooling-smoke/micro/0-zstd-3-16384.tsv	read	0	6	4194304	4194304	0	0	0	737525	738176
a8e9d5d5-b3c2-437e-8135-3cef24e19635-tooling-smoke/micro/0-zstd-3-16384.tsv	read	0	7	4194304	4194304	0	0	0	791485	792672
a8e9d5d5-b3c2-437e-8135-3cef24e19635-tooling-smoke/micro/0-zstd-3-16384.tsv	read	0	8	4194304	4194304	0	0	0	710808	711899
a8e9d5d5-b3c2-437e-8135-3cef24e19635-tooling-smoke/micro/0-zstd-3-16384.tsv	read	0	9	4194304	4194304	0	0	0	708712	709731
a8e9d5d5-b3c2-437e-8135-3cef24e19635-tooling-smoke/micro/0-zstd-3-262144.tsv	encode	0	0	4194304	4194304	0	0	0	9461317	9463882
a8e9d5d5-b3c2-437e-8135-3cef24e19635-tooling-smoke/micro/0-zstd-3-262144.tsv	encode	0	1	4194304	4194304	0	0	0	6313812	6315195
a8e9d5d5-b3c2-437e-8135-3cef24e19635-tooling-smoke/micro/0-zstd-3-262144.tsv	read	0	0	4096	4096	0	0	0	3086	3493
a8e9d5d5-b3c2-437e-8135-3cef24e19635-tooling-smoke/micro/0-zstd-3-262144.tsv	read	0	1	4096	4096	0	0	0	1463	1795
a8e9d5d5-b3c2-437e-8135-3cef24e19635-tooling-smoke/micro/0-zstd-3-262144.tsv	read	0	2	4096	4096	0	0	0	1381	1694
a8e9d5d5-b3c2-437e-8135-3cef24e19635-tooling-smoke/micro/0-zstd-3-262144.tsv	read	0	3	4096	4096	0	0	0	1347	1666
a8e9d5d5-b3c2-437e-8135-3cef24e19635-tooling-smoke/micro/0-zstd-3-262144.tsv	read	0	4	4194304	4194304	0	0	0	855653	856736
a8e9d5d5-b3c2-437e-8135-3cef24e19635-tooling-smoke/micro/0-zstd-3-262144.tsv	read	0	5	4194304	4194304	0	0	0	756861	783952
a8e9d5d5-b3c2-437e-8135-3cef24e19635-tooling-smoke/micro/0-zstd-3-262144.tsv	read	0	6	4194304	4194304	0	0	0	727847	729109
a8e9d5d5-b3c2-437e-8135-3cef24e19635-tooling-smoke/micro/0-zstd-3-262144.tsv	read	0	7	4194304	4194304	0	0	0	714065	715220
a8e9d5d5-b3c2-437e-8135-3cef24e19635-tooling-smoke/micro/0-zstd-3-262144.tsv	read	0	8	4194304	4194304	0	0	0	710842	711748
a8e9d5d5-b3c2-437e-8135-3cef24e19635-tooling-smoke/micro/0-zstd-3-262144.tsv	read	0	9	4194304	4194304	0	0	0	710542	711475
a8e9d5d5-b3c2-437e-8135-3cef24e19635-tooling-smoke/micro/0-zstd-3-32768.tsv	encode	0	0	4194304	4194304	0	0	0	19910435	19938631
a8e9d5d5-b3c2-437e-8135-3cef24e19635-tooling-smoke/micro/0-zstd-3-32768.tsv	encode	0	1	4194304	4194304	0	0	0	16024471	16025825
a8e9d5d5-b3c2-437e-8135-3cef24e19635-tooling-smoke/micro/0-zstd-3-32768.tsv	read	0	0	4096	4096	0	0	0	3658	4070
a8e9d5d5-b3c2-437e-8135-3cef24e19635-tooling-smoke/micro/0-zstd-3-32768.tsv	read	0	1	4096	4096	0	0	0	1612	1941
a8e9d5d5-b3c2-437e-8135-3cef24e19635-tooling-smoke/micro/0-zstd-3-32768.tsv	read	0	2	4096	4096	0	0	0	1422	1755
a8e9d5d5-b3c2-437e-8135-3cef24e19635-tooling-smoke/micro/0-zstd-3-32768.tsv	read	0	3	4096	4096	0	0	0	1390	1705
a8e9d5d5-b3c2-437e-8135-3cef24e19635-tooling-smoke/micro/0-zstd-3-32768.tsv	read	0	4	4194304	4194304	0	0	0	843814	844409
a8e9d5d5-b3c2-437e-8135-3cef24e19635-tooling-smoke/micro/0-zstd-3-32768.tsv	read	0	5	4194304	4194304	0	0	0	747276	748295
a8e9d5d5-b3c2-437e-8135-3cef24e19635-tooling-smoke/micro/0-zstd-3-32768.tsv	read	0	6	4194304	4194304	0	0	0	716254	717232
a8e9d5d5-b3c2-437e-8135-3cef24e19635-tooling-smoke/micro/0-zstd-3-32768.tsv	read	0	7	4194304	4194304	0	0	0	705571	706436
a8e9d5d5-b3c2-437e-8135-3cef24e19635-tooling-smoke/micro/0-zstd-3-32768.tsv	read	0	8	4194304	4194304	0	0	0	716422	717202
a8e9d5d5-b3c2-437e-8135-3cef24e19635-tooling-smoke/micro/0-zstd-3-32768.tsv	read	0	9	4194304	4194304	0	0	0	722938	723928
a8e9d5d5-b3c2-437e-8135-3cef24e19635-tooling-smoke/micro/0-zstd-3-4194304.tsv	encode	0	0	4194304	4194304	0	0	0	9759445	9762501
a8e9d5d5-b3c2-437e-8135-3cef24e19635-tooling-smoke/micro/0-zstd-3-4194304.tsv	encode	0	1	4194304	4194304	0	0	0	5191668	5193300
a8e9d5d5-b3c2-437e-8135-3cef24e19635-tooling-smoke/micro/0-zstd-3-4194304.tsv	read	0	0	4096	4096	0	0	0	4275	4677
a8e9d5d5-b3c2-437e-8135-3cef24e19635-tooling-smoke/micro/0-zstd-3-4194304.tsv	read	0	1	4096	4096	0	0	0	1722	2036
a8e9d5d5-b3c2-437e-8135-3cef24e19635-tooling-smoke/micro/0-zstd-3-4194304.tsv	read	0	2	4096	4096	0	0	0	15143	15541
a8e9d5d5-b3c2-437e-8135-3cef24e19635-tooling-smoke/micro/0-zstd-3-4194304.tsv	read	0	3	4096	4096	0	0	0	1631	1955
a8e9d5d5-b3c2-437e-8135-3cef24e19635-tooling-smoke/micro/0-zstd-3-4194304.tsv	read	0	4	4194304	4194304	0	0	0	944297	945848
a8e9d5d5-b3c2-437e-8135-3cef24e19635-tooling-smoke/micro/0-zstd-3-4194304.tsv	read	0	5	4194304	4194304	0	0	0	742254	743629
a8e9d5d5-b3c2-437e-8135-3cef24e19635-tooling-smoke/micro/0-zstd-3-4194304.tsv	read	0	6	4194304	4194304	0	0	0	716591	717562
a8e9d5d5-b3c2-437e-8135-3cef24e19635-tooling-smoke/micro/0-zstd-3-4194304.tsv	read	0	7	4194304	4194304	0	0	0	739181	765450
a8e9d5d5-b3c2-437e-8135-3cef24e19635-tooling-smoke/micro/0-zstd-3-4194304.tsv	read	0	8	4194304	4194304	0	0	0	717945	719004
a8e9d5d5-b3c2-437e-8135-3cef24e19635-tooling-smoke/micro/0-zstd-3-4194304.tsv	read	0	9	4194304	4194304	0	0	0	710191	711157
a8e9d5d5-b3c2-437e-8135-3cef24e19635-tooling-smoke/micro/0-zstd-3-65536.tsv	encode	0	0	4194304	4194304	0	0	0	12871746	12874711
a8e9d5d5-b3c2-437e-8135-3cef24e19635-tooling-smoke/micro/0-zstd-3-65536.tsv	encode	0	1	4194304	4194304	0	0	0	8267165	8296185
a8e9d5d5-b3c2-437e-8135-3cef24e19635-tooling-smoke/micro/0-zstd-3-65536.tsv	read	0	0	4096	4096	0	0	0	9020	9407
a8e9d5d5-b3c2-437e-8135-3cef24e19635-tooling-smoke/micro/0-zstd-3-65536.tsv	read	0	1	4096	4096	0	0	0	1798	2136
a8e9d5d5-b3c2-437e-8135-3cef24e19635-tooling-smoke/micro/0-zstd-3-65536.tsv	read	0	2	4096	4096	0	0	0	1403	1732
a8e9d5d5-b3c2-437e-8135-3cef24e19635-tooling-smoke/micro/0-zstd-3-65536.tsv	read	0	3	4096	4096	0	0	0	1638	1969
a8e9d5d5-b3c2-437e-8135-3cef24e19635-tooling-smoke/micro/0-zstd-3-65536.tsv	read	0	4	4194304	4194304	0	0	0	1362026	1363545
a8e9d5d5-b3c2-437e-8135-3cef24e19635-tooling-smoke/micro/0-zstd-3-65536.tsv	read	0	5	4194304	4194304	0	0	0	838926	840297
a8e9d5d5-b3c2-437e-8135-3cef24e19635-tooling-smoke/micro/0-zstd-3-65536.tsv	read	0	6	4194304	4194304	0	0	0	725459	726865
a8e9d5d5-b3c2-437e-8135-3cef24e19635-tooling-smoke/micro/0-zstd-3-65536.tsv	read	0	7	4194304	4194304	0	0	0	788489	789802
a8e9d5d5-b3c2-437e-8135-3cef24e19635-tooling-smoke/micro/0-zstd-3-65536.tsv	read	0	8	4194304	4194304	0	0	0	718075	719045
a8e9d5d5-b3c2-437e-8135-3cef24e19635-tooling-smoke/micro/0-zstd-3-65536.tsv	read	0	9	4194304	4194304	0	0	0	711767	712763
a8e9d5d5-b3c2-437e-8135-3cef24e19635-tooling-smoke/micro/0-zstd-fast-131072.tsv	encode	0	0	4194304	4194304	0	0	0	7686052	7688715
a8e9d5d5-b3c2-437e-8135-3cef24e19635-tooling-smoke/micro/0-zstd-fast-131072.tsv	encode	0	1	4194304	4194304	0	0	0	4016852	4018388
a8e9d5d5-b3c2-437e-8135-3cef24e19635-tooling-smoke/micro/0-zstd-fast-131072.tsv	read	0	0	4096	4096	0	0	0	3919	4317
a8e9d5d5-b3c2-437e-8135-3cef24e19635-tooling-smoke/micro/0-zstd-fast-131072.tsv	read	0	1	4096	4096	0	0	0	1455	1782
a8e9d5d5-b3c2-437e-8135-3cef24e19635-tooling-smoke/micro/0-zstd-fast-131072.tsv	read	0	2	4096	4096	0	0	0	1405	1726
a8e9d5d5-b3c2-437e-8135-3cef24e19635-tooling-smoke/micro/0-zstd-fast-131072.tsv	read	0	3	4096	4096	0	0	0	1487	1844
a8e9d5d5-b3c2-437e-8135-3cef24e19635-tooling-smoke/micro/0-zstd-fast-131072.tsv	read	0	4	4194304	4194304	0	0	0	835445	836732
a8e9d5d5-b3c2-437e-8135-3cef24e19635-tooling-smoke/micro/0-zstd-fast-131072.tsv	read	0	5	4194304	4194304	0	0	0	761058	762114
a8e9d5d5-b3c2-437e-8135-3cef24e19635-tooling-smoke/micro/0-zstd-fast-131072.tsv	read	0	6	4194304	4194304	0	0	0	732426	733432
a8e9d5d5-b3c2-437e-8135-3cef24e19635-tooling-smoke/micro/0-zstd-fast-131072.tsv	read	0	7	4194304	4194304	0	0	0	709255	710180
a8e9d5d5-b3c2-437e-8135-3cef24e19635-tooling-smoke/micro/0-zstd-fast-131072.tsv	read	0	8	4194304	4194304	0	0	0	739004	740339
a8e9d5d5-b3c2-437e-8135-3cef24e19635-tooling-smoke/micro/0-zstd-fast-131072.tsv	read	0	9	4194304	4194304	0	0	0	735511	736892
a8e9d5d5-b3c2-437e-8135-3cef24e19635-tooling-smoke/micro/0-zstd-fast-16384.tsv	encode	0	0	4194304	4194304	0	0	0	13467181	13469941
a8e9d5d5-b3c2-437e-8135-3cef24e19635-tooling-smoke/micro/0-zstd-fast-16384.tsv	encode	0	1	4194304	4194304	0	0	0	9914614	9942826
a8e9d5d5-b3c2-437e-8135-3cef24e19635-tooling-smoke/micro/0-zstd-fast-16384.tsv	read	0	0	4096	4096	0	0	0	3216	3598
a8e9d5d5-b3c2-437e-8135-3cef24e19635-tooling-smoke/micro/0-zstd-fast-16384.tsv	read	0	1	4096	4096	0	0	0	1410	1746
a8e9d5d5-b3c2-437e-8135-3cef24e19635-tooling-smoke/micro/0-zstd-fast-16384.tsv	read	0	2	4096	4096	0	0	0	1413	1746
a8e9d5d5-b3c2-437e-8135-3cef24e19635-tooling-smoke/micro/0-zstd-fast-16384.tsv	read	0	3	4096	4096	0	0	0	1620	1959
a8e9d5d5-b3c2-437e-8135-3cef24e19635-tooling-smoke/micro/0-zstd-fast-16384.tsv	read	0	4	4194304	4194304	0	0	0	829918	831059
a8e9d5d5-b3c2-437e-8135-3cef24e19635-tooling-smoke/micro/0-zstd-fast-16384.tsv	read	0	5	4194304	4194304	0	0	0	784182	785092
a8e9d5d5-b3c2-437e-8135-3cef24e19635-tooling-smoke/micro/0-zstd-fast-16384.tsv	read	0	6	4194304	4194304	0	0	0	716741	717865
a8e9d5d5-b3c2-437e-8135-3cef24e19635-tooling-smoke/micro/0-zstd-fast-16384.tsv	read	0	7	4194304	4194304	0	0	0	702432	703325
a8e9d5d5-b3c2-437e-8135-3cef24e19635-tooling-smoke/micro/0-zstd-fast-16384.tsv	read	0	8	4194304	4194304	0	0	0	714774	715562
a8e9d5d5-b3c2-437e-8135-3cef24e19635-tooling-smoke/micro/0-zstd-fast-16384.tsv	read	0	9	4194304	4194304	0	0	0	714840	715633
a8e9d5d5-b3c2-437e-8135-3cef24e19635-tooling-smoke/micro/0-zstd-fast-262144.tsv	encode	0	0	4194304	4194304	0	0	0	7140474	7143063
a8e9d5d5-b3c2-437e-8135-3cef24e19635-tooling-smoke/micro/0-zstd-fast-262144.tsv	encode	0	1	4194304	4194304	0	0	0	4355911	4357279
a8e9d5d5-b3c2-437e-8135-3cef24e19635-tooling-smoke/micro/0-zstd-fast-262144.tsv	read	0	0	4096	4096	0	0	0	3267	3687
a8e9d5d5-b3c2-437e-8135-3cef24e19635-tooling-smoke/micro/0-zstd-fast-262144.tsv	read	0	1	4096	4096	0	0	0	1502	1838
a8e9d5d5-b3c2-437e-8135-3cef24e19635-tooling-smoke/micro/0-zstd-fast-262144.tsv	read	0	2	4096	4096	0	0	0	1425	1738
a8e9d5d5-b3c2-437e-8135-3cef24e19635-tooling-smoke/micro/0-zstd-fast-262144.tsv	read	0	3	4096	4096	0	0	0	1399	1704
a8e9d5d5-b3c2-437e-8135-3cef24e19635-tooling-smoke/micro/0-zstd-fast-262144.tsv	read	0	4	4194304	4194304	0	0	0	852524	853653
a8e9d5d5-b3c2-437e-8135-3cef24e19635-tooling-smoke/micro/0-zstd-fast-262144.tsv	read	0	5	4194304	4194304	0	0	0	744359	745397
a8e9d5d5-b3c2-437e-8135-3cef24e19635-tooling-smoke/micro/0-zstd-fast-262144.tsv	read	0	6	4194304	4194304	0	0	0	729304	730368
a8e9d5d5-b3c2-437e-8135-3cef24e19635-tooling-smoke/micro/0-zstd-fast-262144.tsv	read	0	7	4194304	4194304	0	0	0	724710	725843
a8e9d5d5-b3c2-437e-8135-3cef24e19635-tooling-smoke/micro/0-zstd-fast-262144.tsv	read	0	8	4194304	4194304	0	0	0	709944	710747
a8e9d5d5-b3c2-437e-8135-3cef24e19635-tooling-smoke/micro/0-zstd-fast-262144.tsv	read	0	9	4194304	4194304	0	0	0	710740	711632
a8e9d5d5-b3c2-437e-8135-3cef24e19635-tooling-smoke/micro/0-zstd-fast-32768.tsv	encode	0	0	4194304	4194304	0	0	0	10170165	10172976
a8e9d5d5-b3c2-437e-8135-3cef24e19635-tooling-smoke/micro/0-zstd-fast-32768.tsv	encode	0	1	4194304	4194304	0	0	0	6600305	6601756
a8e9d5d5-b3c2-437e-8135-3cef24e19635-tooling-smoke/micro/0-zstd-fast-32768.tsv	read	0	0	4096	4096	0	0	0	9430	9803
a8e9d5d5-b3c2-437e-8135-3cef24e19635-tooling-smoke/micro/0-zstd-fast-32768.tsv	read	0	1	4096	4096	0	0	0	1849	2139
a8e9d5d5-b3c2-437e-8135-3cef24e19635-tooling-smoke/micro/0-zstd-fast-32768.tsv	read	0	2	4096	4096	0	0	0	1418	1704
a8e9d5d5-b3c2-437e-8135-3cef24e19635-tooling-smoke/micro/0-zstd-fast-32768.tsv	read	0	3	4096	4096	0	0	0	1429	1719
a8e9d5d5-b3c2-437e-8135-3cef24e19635-tooling-smoke/micro/0-zstd-fast-32768.tsv	read	0	4	4194304	4194304	0	0	0	841742	868180
a8e9d5d5-b3c2-437e-8135-3cef24e19635-tooling-smoke/micro/0-zstd-fast-32768.tsv	read	0	5	4194304	4194304	0	0	0	735184	736475
a8e9d5d5-b3c2-437e-8135-3cef24e19635-tooling-smoke/micro/0-zstd-fast-32768.tsv	read	0	6	4194304	4194304	0	0	0	718736	719916
a8e9d5d5-b3c2-437e-8135-3cef24e19635-tooling-smoke/micro/0-zstd-fast-32768.tsv	read	0	7	4194304	4194304	0	0	0	704525	705897
a8e9d5d5-b3c2-437e-8135-3cef24e19635-tooling-smoke/micro/0-zstd-fast-32768.tsv	read	0	8	4194304	4194304	0	0	0	719446	720716
a8e9d5d5-b3c2-437e-8135-3cef24e19635-tooling-smoke/micro/0-zstd-fast-32768.tsv	read	0	9	4194304	4194304	0	0	0	761641	762968
a8e9d5d5-b3c2-437e-8135-3cef24e19635-tooling-smoke/micro/0-zstd-fast-4194304.tsv	encode	0	0	4194304	4194304	0	0	0	7143055	7145997
a8e9d5d5-b3c2-437e-8135-3cef24e19635-tooling-smoke/micro/0-zstd-fast-4194304.tsv	encode	0	1	4194304	4194304	0	0	0	3021744	3023282
a8e9d5d5-b3c2-437e-8135-3cef24e19635-tooling-smoke/micro/0-zstd-fast-4194304.tsv	read	0	0	4096	4096	0	0	0	3423	3775
a8e9d5d5-b3c2-437e-8135-3cef24e19635-tooling-smoke/micro/0-zstd-fast-4194304.tsv	read	0	1	4096	4096	0	0	0	1592	1935
a8e9d5d5-b3c2-437e-8135-3cef24e19635-tooling-smoke/micro/0-zstd-fast-4194304.tsv	read	0	2	4096	4096	0	0	0	1609	1971
a8e9d5d5-b3c2-437e-8135-3cef24e19635-tooling-smoke/micro/0-zstd-fast-4194304.tsv	read	0	3	4096	4096	0	0	0	1541	1868
a8e9d5d5-b3c2-437e-8135-3cef24e19635-tooling-smoke/micro/0-zstd-fast-4194304.tsv	read	0	4	4194304	4194304	0	0	0	971256	972343
a8e9d5d5-b3c2-437e-8135-3cef24e19635-tooling-smoke/micro/0-zstd-fast-4194304.tsv	read	0	5	4194304	4194304	0	0	0	746769	748013
a8e9d5d5-b3c2-437e-8135-3cef24e19635-tooling-smoke/micro/0-zstd-fast-4194304.tsv	read	0	6	4194304	4194304	0	0	0	722537	723525
a8e9d5d5-b3c2-437e-8135-3cef24e19635-tooling-smoke/micro/0-zstd-fast-4194304.tsv	read	0	7	4194304	4194304	0	0	0	696109	697396
a8e9d5d5-b3c2-437e-8135-3cef24e19635-tooling-smoke/micro/0-zstd-fast-4194304.tsv	read	0	8	4194304	4194304	0	0	0	711680	712806
a8e9d5d5-b3c2-437e-8135-3cef24e19635-tooling-smoke/micro/0-zstd-fast-4194304.tsv	read	0	9	4194304	4194304	0	0	0	704615	705619
a8e9d5d5-b3c2-437e-8135-3cef24e19635-tooling-smoke/micro/0-zstd-fast-65536.tsv	encode	0	0	4194304	4194304	0	0	0	8943658	8946378
a8e9d5d5-b3c2-437e-8135-3cef24e19635-tooling-smoke/micro/0-zstd-fast-65536.tsv	encode	0	1	4194304	4194304	0	0	0	4480670	4481875
a8e9d5d5-b3c2-437e-8135-3cef24e19635-tooling-smoke/micro/0-zstd-fast-65536.tsv	read	0	0	4096	4096	0	0	0	8342	8788
a8e9d5d5-b3c2-437e-8135-3cef24e19635-tooling-smoke/micro/0-zstd-fast-65536.tsv	read	0	1	4096	4096	0	0	0	1613	1958
a8e9d5d5-b3c2-437e-8135-3cef24e19635-tooling-smoke/micro/0-zstd-fast-65536.tsv	read	0	2	4096	4096	0	0	0	1462	1797
a8e9d5d5-b3c2-437e-8135-3cef24e19635-tooling-smoke/micro/0-zstd-fast-65536.tsv	read	0	3	4096	4096	0	0	0	1468	1777
a8e9d5d5-b3c2-437e-8135-3cef24e19635-tooling-smoke/micro/0-zstd-fast-65536.tsv	read	0	4	4194304	4194304	0	0	0	1301931	1303052
a8e9d5d5-b3c2-437e-8135-3cef24e19635-tooling-smoke/micro/0-zstd-fast-65536.tsv	read	0	5	4194304	4194304	0	0	0	738795	739854
a8e9d5d5-b3c2-437e-8135-3cef24e19635-tooling-smoke/micro/0-zstd-fast-65536.tsv	read	0	6	4194304	4194304	0	0	0	728866	729904
a8e9d5d5-b3c2-437e-8135-3cef24e19635-tooling-smoke/micro/0-zstd-fast-65536.tsv	read	0	7	4194304	4194304	0	0	0	825506	826922
a8e9d5d5-b3c2-437e-8135-3cef24e19635-tooling-smoke/micro/0-zstd-fast-65536.tsv	read	0	8	4194304	4194304	0	0	0	735406	760932
a8e9d5d5-b3c2-437e-8135-3cef24e19635-tooling-smoke/micro/0-zstd-fast-65536.tsv	read	0	9	4194304	4194304	0	0	0	714373	715636
a8e9d5d5-b3c2-437e-8135-3cef24e19635-tooling-smoke/micro/1-fastlz-131072.tsv	encode	0	0	4194304	16736	429	1	0	11448416	11450639
a8e9d5d5-b3c2-437e-8135-3cef24e19635-tooling-smoke/micro/1-fastlz-131072.tsv	encode	0	1	4194304	16736	429	1	0	10910526	10935380
a8e9d5d5-b3c2-437e-8135-3cef24e19635-tooling-smoke/micro/1-fastlz-131072.tsv	read	0	0	4096	523	0	0	1	423011	423579
a8e9d5d5-b3c2-437e-8135-3cef24e19635-tooling-smoke/micro/1-fastlz-131072.tsv	read	0	1	4096	523	0	0	1	343486	343834
a8e9d5d5-b3c2-437e-8135-3cef24e19635-tooling-smoke/micro/1-fastlz-131072.tsv	read	0	2	4096	523	0	0	1	334504	334856
a8e9d5d5-b3c2-437e-8135-3cef24e19635-tooling-smoke/micro/1-fastlz-131072.tsv	read	0	3	4096	523	0	0	1	334717	335066
a8e9d5d5-b3c2-437e-8135-3cef24e19635-tooling-smoke/micro/1-fastlz-131072.tsv	read	0	4	4194304	16736	0	0	32	12868202	12870216
a8e9d5d5-b3c2-437e-8135-3cef24e19635-tooling-smoke/micro/1-fastlz-131072.tsv	read	0	5	4194304	16736	0	0	32	11226644	11228418
a8e9d5d5-b3c2-437e-8135-3cef24e19635-tooling-smoke/micro/1-fastlz-131072.tsv	read	0	6	4194304	17259	0	0	33	11488592	11489807
a8e9d5d5-b3c2-437e-8135-3cef24e19635-tooling-smoke/micro/1-fastlz-131072.tsv	read	0	7	4194304	17259	0	0	33	11412064	11441871
a8e9d5d5-b3c2-437e-8135-3cef24e19635-tooling-smoke/micro/1-fastlz-131072.tsv	read	0	8	4194304	17259	0	0	33	11431820	11433403
a8e9d5d5-b3c2-437e-8135-3cef24e19635-tooling-smoke/micro/1-fastlz-131072.tsv	read	0	9	4194304	17259	0	0	33	11404787	11406515
a8e9d5d5-b3c2-437e-8135-3cef24e19635-tooling-smoke/micro/1-fastlz-16384.tsv	encode	0	0	4194304	50176	3119	1	0	12613903	12616504
a8e9d5d5-b3c2-437e-8135-3cef24e19635-tooling-smoke/micro/1-fastlz-16384.tsv	encode	0	1	4194304	50176	3119	1	0	11951268	11977481
a8e9d5d5-b3c2-437e-8135-3cef24e19635-tooling-smoke/micro/1-fastlz-16384.tsv	read	0	0	4096	196	0	0	1	84241	84640
a8e9d5d5-b3c2-437e-8135-3cef24e19635-tooling-smoke/micro/1-fastlz-16384.tsv	read	0	1	4096	196	0	0	1	54418	54757
a8e9d5d5-b3c2-437e-8135-3cef24e19635-tooling-smoke/micro/1-fastlz-16384.tsv	read	0	2	4096	196	0	0	1	54733	55099
a8e9d5d5-b3c2-437e-8135-3cef24e19635-tooling-smoke/micro/1-fastlz-16384.tsv	read	0	3	4096	196	0	0	1	53801	54157
a8e9d5d5-b3c2-437e-8135-3cef24e19635-tooling-smoke/micro/1-fastlz-16384.tsv	read	0	4	4194304	50176	0	0	256	13029504	13031250
a8e9d5d5-b3c2-437e-8135-3cef24e19635-tooling-smoke/micro/1-fastlz-16384.tsv	read	0	5	4194304	50176	0	0	256	11411607	11413171
a8e9d5d5-b3c2-437e-8135-3cef24e19635-tooling-smoke/micro/1-fastlz-16384.tsv	read	0	6	4194304	50372	0	0	257	11391406	11392538
a8e9d5d5-b3c2-437e-8135-3cef24e19635-tooling-smoke/micro/1-fastlz-16384.tsv	read	0	7	4194304	50372	0	0	257	11380929	11404759
a8e9d5d5-b3c2-437e-8135-3cef24e19635-tooling-smoke/micro/1-fastlz-16384.tsv	read	0	8	4194304	50372	0	0	257	11365436	11366896
a8e9d5d5-b3c2-437e-8135-3cef24e19635-tooling-smoke/micro/1-fastlz-16384.tsv	read	0	9	4194304	50372	0	0	257	11385603	11415781
a8e9d5d5-b3c2-437e-8135-3cef24e19635-tooling-smoke/micro/1-fastlz-262144.tsv	encode	0	0	4194304	16592	234	1	0	11180258	11203017
a8e9d5d5-b3c2-437e-8135-3cef24e19635-tooling-smoke/micro/1-fastlz-262144.tsv	encode	0	1	4194304	16592	234	1	0	10610350	10634119
a8e9d5d5-b3c2-437e-8135-3cef24e19635-tooling-smoke/micro/1-fastlz-262144.tsv	read	0	0	4096	1037	0	0	1	770690	771148
a8e9d5d5-b3c2-437e-8135-3cef24e19635-tooling-smoke/micro/1-fastlz-262144.tsv	read	0	1	4096	1037	0	0	1	661902	662331
a8e9d5d5-b3c2-437e-8135-3cef24e19635-tooling-smoke/micro/1-fastlz-262144.tsv	read	0	2	4096	1037	0	0	1	662683	663086
a8e9d5d5-b3c2-437e-8135-3cef24e19635-tooling-smoke/micro/1-fastlz-262144.tsv	read	0	3	4096	1037	0	0	1	663174	663598
a8e9d5d5-b3c2-437e-8135-3cef24e19635-tooling-smoke/micro/1-fastlz-262144.tsv	read	0	4	4194304	16592	0	0	16	12705653	12707592
a8e9d5d5-b3c2-437e-8135-3cef24e19635-tooling-smoke/micro/1-fastlz-262144.tsv	read	0	5	4194304	16592	0	0	16	11109067	11110955
a8e9d5d5-b3c2-437e-8135-3cef24e19635-tooling-smoke/micro/1-fastlz-262144.tsv	read	0	6	4194304	17629	0	0	17	11698706	11699971
a8e9d5d5-b3c2-437e-8135-3cef24e19635-tooling-smoke/micro/1-fastlz-262144.tsv	read	0	7	4194304	17629	0	0	17	11716073	11737717
a8e9d5d5-b3c2-437e-8135-3cef24e19635-tooling-smoke/micro/1-fastlz-262144.tsv	read	0	8	4194304	17629	0	0	17	11689361	11691119
a8e9d5d5-b3c2-437e-8135-3cef24e19635-tooling-smoke/micro/1-fastlz-262144.tsv	read	0	9	4194304	17629	0	0	17	11711943	11713024
a8e9d5d5-b3c2-437e-8135-3cef24e19635-tooling-smoke/micro/1-fastlz-32768.tsv	encode	0	0	4194304	49280	1583	1	0	9669008	9670925
a8e9d5d5-b3c2-437e-8135-3cef24e19635-tooling-smoke/micro/1-fastlz-32768.tsv	encode	0	1	4194304	49280	1583	1	0	9503330	9527498
a8e9d5d5-b3c2-437e-8135-3cef24e19635-tooling-smoke/micro/1-fastlz-32768.tsv	read	0	0	4096	385	0	0	1	106780	107196
a8e9d5d5-b3c2-437e-8135-3cef24e19635-tooling-smoke/micro/1-fastlz-32768.tsv	read	0	1	4096	385	0	0	1	96142	96546
a8e9d5d5-b3c2-437e-8135-3cef24e19635-tooling-smoke/micro/1-fastlz-32768.tsv	read	0	2	4096	385	0	0	1	99698	100075
a8e9d5d5-b3c2-437e-8135-3cef24e19635-tooling-smoke/micro/1-fastlz-32768.tsv	read	0	3	4096	385	0	0	1	89719	90069
a8e9d5d5-b3c2-437e-8135-3cef24e19635-tooling-smoke/micro/1-fastlz-32768.tsv	read	0	4	4194304	49280	0	0	128	12792903	12794743
a8e9d5d5-b3c2-437e-8135-3cef24e19635-tooling-smoke/micro/1-fastlz-32768.tsv	read	0	5	4194304	49280	0	0	128	11222135	11223874
a8e9d5d5-b3c2-437e-8135-3cef24e19635-tooling-smoke/micro/1-fastlz-32768.tsv	read	0	6	4194304	49665	0	0	129	11219470	11220565
a8e9d5d5-b3c2-437e-8135-3cef24e19635-tooling-smoke/micro/1-fastlz-32768.tsv	read	0	7	4194304	49665	0	0	129	11208365	11209934
a8e9d5d5-b3c2-437e-8135-3cef24e19635-tooling-smoke/micro/1-fastlz-32768.tsv	read	0	8	4194304	49665	0	0	129	11248741	11271937
a8e9d5d5-b3c2-437e-8135-3cef24e19635-tooling-smoke/micro/1-fastlz-32768.tsv	read	0	9	4194304	49665	0	0	129	11220337	11222085
a8e9d5d5-b3c2-437e-8135-3cef24e19635-tooling-smoke/micro/1-fastlz-4194304.tsv	encode	0	0	4194304	16458	58	1	0	10829494	10831723
a8e9d5d5-b3c2-437e-8135-3cef24e19635-tooling-smoke/micro/1-fastlz-4194304.tsv	encode	0	1	4194304	16458	58	1	0	10297713	10322596
a8e9d5d5-b3c2-437e-8135-3cef24e19635-tooling-smoke/micro/1-fastlz-4194304.tsv	read	0	0	4096	16458	0	0	1	11764164	11765292
a8e9d5d5-b3c2-437e-8135-3cef24e19635-tooling-smoke/micro/1-fastlz-4194304.tsv	read	0	1	4096	16458	0	0	1	10417607	10418489
a8e9d5d5-b3c2-437e-8135-3cef24e19635-tooling-smoke/micro/1-fastlz-4194304.tsv	read	0	2	4096	16458	0	0	1	10445413	10446290
a8e9d5d5-b3c2-437e-8135-3cef24e19635-tooling-smoke/micro/1-fastlz-4194304.tsv	read	0	3	4096	16458	0	0	1	10458227	10459030
a8e9d5d5-b3c2-437e-8135-3cef24e19635-tooling-smoke/micro/1-fastlz-4194304.tsv	read	0	4	4194304	16458	0	0	1	12931425	12958953
a8e9d5d5-b3c2-437e-8135-3cef24e19635-tooling-smoke/micro/1-fastlz-4194304.tsv	read	0	5	4194304	16458	0	0	1	11209307	11211363
a8e9d5d5-b3c2-437e-8135-3cef24e19635-tooling-smoke/micro/1-fastlz-4194304.tsv	read	0	6	4194304	32916	0	0	2	21480273	21482144
a8e9d5d5-b3c2-437e-8135-3cef24e19635-tooling-smoke/micro/1-fastlz-4194304.tsv	read	0	7	4194304	32916	0	0	2	21498971	21524712
a8e9d5d5-b3c2-437e-8135-3cef24e19635-tooling-smoke/micro/1-fastlz-4194304.tsv	read	0	8	4194304	32916	0	0	2	21466608	21467997
a8e9d5d5-b3c2-437e-8135-3cef24e19635-tooling-smoke/micro/1-fastlz-4194304.tsv	read	0	9	4194304	32916	0	0	2	21505504	21527614
a8e9d5d5-b3c2-437e-8135-3cef24e19635-tooling-smoke/micro/1-fastlz-65536.tsv	encode	0	0	4194304	17024	815	1	0	12223008	12225560
a8e9d5d5-b3c2-437e-8135-3cef24e19635-tooling-smoke/micro/1-fastlz-65536.tsv	encode	0	1	4194304	17024	815	1	0	11377215	11401713
a8e9d5d5-b3c2-437e-8135-3cef24e19635-tooling-smoke/micro/1-fastlz-65536.tsv	read	0	0	4096	266	0	0	1	205142	205687
a8e9d5d5-b3c2-437e-8135-3cef24e19635-tooling-smoke/micro/1-fastlz-65536.tsv	read	0	1	4096	266	0	0	1	175437	175835
a8e9d5d5-b3c2-437e-8135-3cef24e19635-tooling-smoke/micro/1-fastlz-65536.tsv	read	0	2	4096	266	0	0	1	170052	170405
a8e9d5d5-b3c2-437e-8135-3cef24e19635-tooling-smoke/micro/1-fastlz-65536.tsv	read	0	3	4096	266	0	0	1	170545	170900
a8e9d5d5-b3c2-437e-8135-3cef24e19635-tooling-smoke/micro/1-fastlz-65536.tsv	read	0	4	4194304	17024	0	0	64	12632396	12634077
a8e9d5d5-b3c2-437e-8135-3cef24e19635-tooling-smoke/micro/1-fastlz-65536.tsv	read	0	5	4194304	17024	0	0	64	11091241	11092312
a8e9d5d5-b3c2-437e-8135-3cef24e19635-tooling-smoke/micro/1-fastlz-65536.tsv	read	0	6	4194304	17290	0	0	65	11191530	11192664
a8e9d5d5-b3c2-437e-8135-3cef24e19635-tooling-smoke/micro/1-fastlz-65536.tsv	read	0	7	4194304	17290	0	0	65	11199510	11225555
a8e9d5d5-b3c2-437e-8135-3cef24e19635-tooling-smoke/micro/1-fastlz-65536.tsv	read	0	8	4194304	17290	0	0	65	11192730	11194388
a8e9d5d5-b3c2-437e-8135-3cef24e19635-tooling-smoke/micro/1-fastlz-65536.tsv	read	0	9	4194304	17290	0	0	65	11185435	11187077
a8e9d5d5-b3c2-437e-8135-3cef24e19635-tooling-smoke/micro/1-lz4-131072.tsv	encode	0	0	4194304	16768	429	1	0	3305818	3308480
a8e9d5d5-b3c2-437e-8135-3cef24e19635-tooling-smoke/micro/1-lz4-131072.tsv	encode	0	1	4194304	16768	429	1	0	2762015	2762816
a8e9d5d5-b3c2-437e-8135-3cef24e19635-tooling-smoke/micro/1-lz4-131072.tsv	read	0	0	4096	524	0	0	1	137510	137939
a8e9d5d5-b3c2-437e-8135-3cef24e19635-tooling-smoke/micro/1-lz4-131072.tsv	read	0	1	4096	524	0	0	1	43736	44098
a8e9d5d5-b3c2-437e-8135-3cef24e19635-tooling-smoke/micro/1-lz4-131072.tsv	read	0	2	4096	524	0	0	1	42767	43113
a8e9d5d5-b3c2-437e-8135-3cef24e19635-tooling-smoke/micro/1-lz4-131072.tsv	read	0	3	4096	524	0	0	1	42764	43116
a8e9d5d5-b3c2-437e-8135-3cef24e19635-tooling-smoke/micro/1-lz4-131072.tsv	read	0	4	4194304	16768	0	0	32	3584898	3586494
a8e9d5d5-b3c2-437e-8135-3cef24e19635-tooling-smoke/micro/1-lz4-131072.tsv	read	0	5	4194304	16768	0	0	32	1809232	1810613
a8e9d5d5-b3c2-437e-8135-3cef24e19635-tooling-smoke/micro/1-lz4-131072.tsv	read	0	6	4194304	17292	0	0	33	1803553	1804465
a8e9d5d5-b3c2-437e-8135-3cef24e19635-tooling-smoke/micro/1-lz4-131072.tsv	read	0	7	4194304	17292	0	0	33	1723999	1725511
a8e9d5d5-b3c2-437e-8135-3cef24e19635-tooling-smoke/micro/1-lz4-131072.tsv	read	0	8	4194304	17292	0	0	33	1746190	1772955
a8e9d5d5-b3c2-437e-8135-3cef24e19635-tooling-smoke/micro/1-lz4-131072.tsv	read	0	9	4194304	17292	0	0	33	1739232	1740808
a8e9d5d5-b3c2-437e-8135-3cef24e19635-tooling-smoke/micro/1-lz4-16384.tsv	encode	0	0	4194304	19200	2607	1	0	3266666	3269168
a8e9d5d5-b3c2-437e-8135-3cef24e19635-tooling-smoke/micro/1-lz4-16384.tsv	encode	0	1	4194304	19200	2607	1	0	2754078	2754902
a8e9d5d5-b3c2-437e-8135-3cef24e19635-tooling-smoke/micro/1-lz4-16384.tsv	read	0	0	4096	75	0	0	1	41955	42379
a8e9d5d5-b3c2-437e-8135-3cef24e19635-tooling-smoke/micro/1-lz4-16384.tsv	read	0	1	4096	75	0	0	1	17776	18138
a8e9d5d5-b3c2-437e-8135-3cef24e19635-tooling-smoke/micro/1-lz4-16384.tsv	read	0	2	4096	75	0	0	1	18501	18864
a8e9d5d5-b3c2-437e-8135-3cef24e19635-tooling-smoke/micro/1-lz4-16384.tsv	read	0	3	4096	75	0	0	1	17549	17912
a8e9d5d5-b3c2-437e-8135-3cef24e19635-tooling-smoke/micro/1-lz4-16384.tsv	read	0	4	4194304	19200	0	0	256	3742461	3743871
a8e9d5d5-b3c2-437e-8135-3cef24e19635-tooling-smoke/micro/1-lz4-16384.tsv	read	0	5	4194304	19200	0	0	256	2062938	2064277
a8e9d5d5-b3c2-437e-8135-3cef24e19635-tooling-smoke/micro/1-lz4-16384.tsv	read	0	6	4194304	19275	0	0	257	2189915	2191348
a8e9d5d5-b3c2-437e-8135-3cef24e19635-tooling-smoke/micro/1-lz4-16384.tsv	read	0	7	4194304	19275	0	0	257	2011215	2012682
a8e9d5d5-b3c2-437e-8135-3cef24e19635-tooling-smoke/micro/1-lz4-16384.tsv	read	0	8	4194304	19275	0	0	257	2043605	2070100
a8e9d5d5-b3c2-437e-8135-3cef24e19635-tooling-smoke/micro/1-lz4-16384.tsv	read	0	9	4194304	19275	0	0	257	2023579	2024912
a8e9d5d5-b3c2-437e-8135-3cef24e19635-tooling-smoke/micro/1-lz4-262144.tsv	encode	0	0	4194304	16608	234	1	0	3198667	3200862
a8e9d5d5-b3c2-437e-8135-3cef24e19635-tooling-smoke/micro/1-lz4-262144.tsv	encode	0	1	4194304	16608	234	1	0	2653457	2654210
a8e9d5d5-b3c2-437e-8135-3cef24e19635-tooling-smoke/micro/1-lz4-262144.tsv	read	0	0	4096	1038	0	0	1	185229	185735
a8e9d5d5-b3c2-437e-8135-3cef24e19635-tooling-smoke/micro/1-lz4-262144.tsv	read	0	1	4096	1038	0	0	1	82505	82856
a8e9d5d5-b3c2-437e-8135-3cef24e19635-tooling-smoke/micro/1-lz4-262144.tsv	read	0	2	4096	1038	0	0	1	81800	82155
a8e9d5d5-b3c2-437e-8135-3cef24e19635-tooling-smoke/micro/1-lz4-262144.tsv	read	0	3	4096	1038	0	0	1	81429	81791
a8e9d5d5-b3c2-437e-8135-3cef24e19635-tooling-smoke/micro/1-lz4-262144.tsv	read	0	4	4194304	16608	0	0	16	3419383	3420814
a8e9d5d5-b3c2-437e-8135-3cef24e19635-tooling-smoke/micro/1-lz4-262144.tsv	read	0	5	4194304	16608	0	0	16	1767060	1768545
a8e9d5d5-b3c2-437e-8135-3cef24e19635-tooling-smoke/micro/1-lz4-262144.tsv	read	0	6	4194304	17646	0	0	17	1804615	1806184
a8e9d5d5-b3c2-437e-8135-3cef24e19635-tooling-smoke/micro/1-lz4-262144.tsv	read	0	7	4194304	17646	0	0	17	1776753	1778099
a8e9d5d5-b3c2-437e-8135-3cef24e19635-tooling-smoke/micro/1-lz4-262144.tsv	read	0	8	4194304	17646	0	0	17	1797731	1799185
a8e9d5d5-b3c2-437e-8135-3cef24e19635-tooling-smoke/micro/1-lz4-262144.tsv	read	0	9	4194304	17646	0	0	17	1780168	1806560
a8e9d5d5-b3c2-437e-8135-3cef24e19635-tooling-smoke/micro/1-lz4-32768.tsv	encode	0	0	4194304	17792	1583	1	0	3302437	3305604
a8e9d5d5-b3c2-437e-8135-3cef24e19635-tooling-smoke/micro/1-lz4-32768.tsv	encode	0	1	4194304	17792	1583	1	0	2448218	2448951
a8e9d5d5-b3c2-437e-8135-3cef24e19635-tooling-smoke/micro/1-lz4-32768.tsv	read	0	0	4096	139	0	0	1	65874	66346
a8e9d5d5-b3c2-437e-8135-3cef24e19635-tooling-smoke/micro/1-lz4-32768.tsv	read	0	1	4096	139	0	0	1	29873	30271
a8e9d5d5-b3c2-437e-8135-3cef24e19635-tooling-smoke/micro/1-lz4-32768.tsv	read	0	2	4096	139	0	0	1	29772	30120
a8e9d5d5-b3c2-437e-8135-3cef24e19635-tooling-smoke/micro/1-lz4-32768.tsv	read	0	3	4096	139	0	0	1	29380	29736
a8e9d5d5-b3c2-437e-8135-3cef24e19635-tooling-smoke/micro/1-lz4-32768.tsv	read	0	4	4194304	17792	0	0	128	4452334	4453946
a8e9d5d5-b3c2-437e-8135-3cef24e19635-tooling-smoke/micro/1-lz4-32768.tsv	read	0	5	4194304	17792	0	0	128	2699068	2700605
a8e9d5d5-b3c2-437e-8135-3cef24e19635-tooling-smoke/micro/1-lz4-32768.tsv	read	0	6	4194304	17931	0	0	129	2674332	2675554
a8e9d5d5-b3c2-437e-8135-3cef24e19635-tooling-smoke/micro/1-lz4-32768.tsv	read	0	7	4194304	17931	0	0	129	2656054	2684285
a8e9d5d5-b3c2-437e-8135-3cef24e19635-tooling-smoke/micro/1-lz4-32768.tsv	read	0	8	4194304	17931	0	0	129	2653114	2654645
a8e9d5d5-b3c2-437e-8135-3cef24e19635-tooling-smoke/micro/1-lz4-32768.tsv	read	0	9	4194304	17931	0	0	129	2666570	2668018
a8e9d5d5-b3c2-437e-8135-3cef24e19635-tooling-smoke/micro/1-lz4-4194304.tsv	encode	0	0	4194304	16459	58	1	0	3107051	3110050
a8e9d5d5-b3c2-437e-8135-3cef24e19635-tooling-smoke/micro/1-lz4-4194304.tsv	encode	0	1	4194304	16459	58	1	0	2651418	2652260
a8e9d5d5-b3c2-437e-8135-3cef24e19635-tooling-smoke/micro/1-lz4-4194304.tsv	read	0	0	4096	16459	0	0	1	2745474	2746503
a8e9d5d5-b3c2-437e-8135-3cef24e19635-tooling-smoke/micro/1-lz4-4194304.tsv	read	0	1	4096	16459	0	0	1	1283063	1283596
a8e9d5d5-b3c2-437e-8135-3cef24e19635-tooling-smoke/micro/1-lz4-4194304.tsv	read	0	2	4096	16459	0	0	1	1217225	1218025
a8e9d5d5-b3c2-437e-8135-3cef24e19635-tooling-smoke/micro/1-lz4-4194304.tsv	read	0	3	4096	16459	0	0	1	1212241	1212837
a8e9d5d5-b3c2-437e-8135-3cef24e19635-tooling-smoke/micro/1-lz4-4194304.tsv	read	0	4	4194304	16459	0	0	1	3823826	3861608
a8e9d5d5-b3c2-437e-8135-3cef24e19635-tooling-smoke/micro/1-lz4-4194304.tsv	read	0	5	4194304	16459	0	0	1	2063519	2064947
a8e9d5d5-b3c2-437e-8135-3cef24e19635-tooling-smoke/micro/1-lz4-4194304.tsv	read	0	6	4194304	32918	0	0	2	3189893	3191464
a8e9d5d5-b3c2-437e-8135-3cef24e19635-tooling-smoke/micro/1-lz4-4194304.tsv	read	0	7	4194304	32918	0	0	2	3185753	3187339
a8e9d5d5-b3c2-437e-8135-3cef24e19635-tooling-smoke/micro/1-lz4-4194304.tsv	read	0	8	4194304	32918	0	0	2	3175577	3177287
a8e9d5d5-b3c2-437e-8135-3cef24e19635-tooling-smoke/micro/1-lz4-4194304.tsv	read	0	9	4194304	32918	0	0	2	3157525	3158703
a8e9d5d5-b3c2-437e-8135-3cef24e19635-tooling-smoke/micro/1-lz4-65536.tsv	encode	0	0	4194304	17088	815	1	0	3336161	3338794
a8e9d5d5-b3c2-437e-8135-3cef24e19635-tooling-smoke/micro/1-lz4-65536.tsv	encode	0	1	4194304	17088	815	1	0	2466405	2467564
a8e9d5d5-b3c2-437e-8135-3cef24e19635-tooling-smoke/micro/1-lz4-65536.tsv	read	0	0	4096	267	0	0	1	88784	89273
a8e9d5d5-b3c2-437e-8135-3cef24e19635-tooling-smoke/micro/1-lz4-65536.tsv	read	0	1	4096	267	0	0	1	25669	26044
a8e9d5d5-b3c2-437e-8135-3cef24e19635-tooling-smoke/micro/1-lz4-65536.tsv	read	0	2	4096	267	0	0	1	25469	25822
a8e9d5d5-b3c2-437e-8135-3cef24e19635-tooling-smoke/micro/1-lz4-65536.tsv	read	0	3	4096	267	0	0	1	25001	25374
a8e9d5d5-b3c2-437e-8135-3cef24e19635-tooling-smoke/micro/1-lz4-65536.tsv	read	0	4	4194304	17088	0	0	64	3465864	3467709
a8e9d5d5-b3c2-437e-8135-3cef24e19635-tooling-smoke/micro/1-lz4-65536.tsv	read	0	5	4194304	17088	0	0	64	1848377	1849850
a8e9d5d5-b3c2-437e-8135-3cef24e19635-tooling-smoke/micro/1-lz4-65536.tsv	read	0	6	4194304	17355	0	0	65	1808809	1809967
a8e9d5d5-b3c2-437e-8135-3cef24e19635-tooling-smoke/micro/1-lz4-65536.tsv	read	0	7	4194304	17355	0	0	65	1811047	1812596
a8e9d5d5-b3c2-437e-8135-3cef24e19635-tooling-smoke/micro/1-lz4-65536.tsv	read	0	8	4194304	17355	0	0	65	1784701	1785664
a8e9d5d5-b3c2-437e-8135-3cef24e19635-tooling-smoke/micro/1-lz4-65536.tsv	read	0	9	4194304	17355	0	0	65	1827786	1853683
a8e9d5d5-b3c2-437e-8135-3cef24e19635-tooling-smoke/micro/1-snappy-131072.tsv	encode	0	0	4194304	196832	429	1	0	4137506	4140189
a8e9d5d5-b3c2-437e-8135-3cef24e19635-tooling-smoke/micro/1-snappy-131072.tsv	encode	0	1	4194304	196832	429	1	0	3376069	3376839
a8e9d5d5-b3c2-437e-8135-3cef24e19635-tooling-smoke/micro/1-snappy-131072.tsv	read	0	0	4096	6151	0	0	1	220953	221412
a8e9d5d5-b3c2-437e-8135-3cef24e19635-tooling-smoke/micro/1-snappy-131072.tsv	read	0	1	4096	6151	0	0	1	157559	157924
a8e9d5d5-b3c2-437e-8135-3cef24e19635-tooling-smoke/micro/1-snappy-131072.tsv	read	0	2	4096	6151	0	0	1	155885	156239
a8e9d5d5-b3c2-437e-8135-3cef24e19635-tooling-smoke/micro/1-snappy-131072.tsv	read	0	3	4096	6151	0	0	1	155910	156261
a8e9d5d5-b3c2-437e-8135-3cef24e19635-tooling-smoke/micro/1-snappy-131072.tsv	read	0	4	4194304	196832	0	0	32	7146894	7147878
a8e9d5d5-b3c2-437e-8135-3cef24e19635-tooling-smoke/micro/1-snappy-131072.tsv	read	0	5	4194304	196832	0	0	32	5468141	5497151
a8e9d5d5-b3c2-437e-8135-3cef24e19635-tooling-smoke/micro/1-snappy-131072.tsv	read	0	6	4194304	202983	0	0	33	5552025	5553834
a8e9d5d5-b3c2-437e-8135-3cef24e19635-tooling-smoke/micro/1-snappy-131072.tsv	read	0	7	4194304	202983	0	0	33	5683291	5684268
a8e9d5d5-b3c2-437e-8135-3cef24e19635-tooling-smoke/micro/1-snappy-131072.tsv	read	0	8	4194304	202983	0	0	33	5512242	5513883
a8e9d5d5-b3c2-437e-8135-3cef24e19635-tooling-smoke/micro/1-snappy-131072.tsv	read	0	9	4194304	202983	0	0	33	5679032	5679791
a8e9d5d5-b3c2-437e-8135-3cef24e19635-tooling-smoke/micro/1-snappy-16384.tsv	encode	0	0	4194304	197888	3119	1	0	4529535	4532726
a8e9d5d5-b3c2-437e-8135-3cef24e19635-tooling-smoke/micro/1-snappy-16384.tsv	encode	0	1	4194304	197888	3119	1	0	4230118	4230987
a8e9d5d5-b3c2-437e-8135-3cef24e19635-tooling-smoke/micro/1-snappy-16384.tsv	read	0	0	4096	773	0	0	1	57949	58459
a8e9d5d5-b3c2-437e-8135-3cef24e19635-tooling-smoke/micro/1-snappy-16384.tsv	read	0	1	4096	773	0	0	1	38608	38992
a8e9d5d5-b3c2-437e-8135-3cef24e19635-tooling-smoke/micro/1-snappy-16384.tsv	read	0	2	4096	773	0	0	1	38796	39191
a8e9d5d5-b3c2-437e-8135-3cef24e19635-tooling-smoke/micro/1-snappy-16384.tsv	read	0	3	4096	773	0	0	1	37593	37968
a8e9d5d5-b3c2-437e-8135-3cef24e19635-tooling-smoke/micro/1-snappy-16384.tsv	read	0	4	4194304	197888	0	0	256	8852318	8883092
a8e9d5d5-b3c2-437e-8135-3cef24e19635-tooling-smoke/micro/1-snappy-16384.tsv	read	0	5	4194304	197888	0	0	256	6018236	6019916
a8e9d5d5-b3c2-437e-8135-3cef24e19635-tooling-smoke/micro/1-snappy-16384.tsv	read	0	6	4194304	198661	0	0	257	5977586	5978521
a8e9d5d5-b3c2-437e-8135-3cef24e19635-tooling-smoke/micro/1-snappy-16384.tsv	read	0	7	4194304	198661	0	0	257	5919672	5920950
a8e9d5d5-b3c2-437e-8135-3cef24e19635-tooling-smoke/micro/1-snappy-16384.tsv	read	0	8	4194304	198661	0	0	257	5949430	5950662
a8e9d5d5-b3c2-437e-8135-3cef24e19635-tooling-smoke/micro/1-snappy-16384.tsv	read	0	9	4194304	198661	0	0	257	5930917	5932448
a8e9d5d5-b3c2-437e-8135-3cef24e19635-tooling-smoke/micro/1-snappy-262144.tsv	encode	0	0	4194304	196784	234	1	0	4084229	4087022
a8e9d5d5-b3c2-437e-8135-3cef24e19635-tooling-smoke/micro/1-snappy-262144.tsv	encode	0	1	4194304	196784	234	1	0	3462965	3464087
a8e9d5d5-b3c2-437e-8135-3cef24e19635-tooling-smoke/micro/1-snappy-262144.tsv	read	0	0	4096	12299	0	0	1	403297	403738
a8e9d5d5-b3c2-437e-8135-3cef24e19635-tooling-smoke/micro/1-snappy-262144.tsv	read	0	1	4096	12299	0	0	1	313177	313589
a8e9d5d5-b3c2-437e-8135-3cef24e19635-tooling-smoke/micro/1-snappy-262144.tsv	read	0	2	4096	12299	0	0	1	329341	329724
a8e9d5d5-b3c2-437e-8135-3cef24e19635-tooling-smoke/micro/1-snappy-262144.tsv	read	0	3	4096	12299	0	0	1	305756	306161
a8e9d5d5-b3c2-437e-8135-3cef24e19635-tooling-smoke/micro/1-snappy-262144.tsv	read	0	4	4194304	196784	0	0	16	7122452	7124226
a8e9d5d5-b3c2-437e-8135-3cef24e19635-tooling-smoke/micro/1-snappy-262144.tsv	read	0	5	4194304	196784	0	0	16	5496359	5523862
a8e9d5d5-b3c2-437e-8135-3cef24e19635-tooling-smoke/micro/1-snappy-262144.tsv	read	0	6	4194304	209083	0	0	17	5797275	5799080
a8e9d5d5-b3c2-437e-8135-3cef24e19635-tooling-smoke/micro/1-snappy-262144.tsv	read	0	7	4194304	209083	0	0	17	5702445	5703741
a8e9d5d5-b3c2-437e-8135-3cef24e19635-tooling-smoke/micro/1-snappy-262144.tsv	read	0	8	4194304	209083	0	0	17	5704163	5705928
a8e9d5d5-b3c2-437e-8135-3cef24e19635-tooling-smoke/micro/1-snappy-262144.tsv	read	0	9	4194304	209083	0	0	17	5793695	5794529
a8e9d5d5-b3c2-437e-8135-3cef24e19635-tooling-smoke/micro/1-snappy-32768.tsv	encode	0	0	4194304	197248	1583	1	0	4622263	4624380
a8e9d5d5-b3c2-437e-8135-3cef24e19635-tooling-smoke/micro/1-snappy-32768.tsv	encode	0	1	4194304	197248	1583	1	0	3603723	3604599
a8e9d5d5-b3c2-437e-8135-3cef24e19635-tooling-smoke/micro/1-snappy-32768.tsv	read	0	0	4096	1541	0	0	1	69392	69820
a8e9d5d5-b3c2-437e-8135-3cef24e19635-tooling-smoke/micro/1-snappy-32768.tsv	read	0	1	4096	1541	0	0	1	48163	48518
a8e9d5d5-b3c2-437e-8135-3cef24e19635-tooling-smoke/micro/1-snappy-32768.tsv	read	0	2	4096	1541	0	0	1	48311	48667
a8e9d5d5-b3c2-437e-8135-3cef24e19635-tooling-smoke/micro/1-snappy-32768.tsv	read	0	3	4096	1541	0	0	1	47408	47761
a8e9d5d5-b3c2-437e-8135-3cef24e19635-tooling-smoke/micro/1-snappy-32768.tsv	read	0	4	4194304	197248	0	0	128	7408707	7410443
a8e9d5d5-b3c2-437e-8135-3cef24e19635-tooling-smoke/micro/1-snappy-32768.tsv	read	0	5	4194304	197248	0	0	128	5689616	5716687
a8e9d5d5-b3c2-437e-8135-3cef24e19635-tooling-smoke/micro/1-snappy-32768.tsv	read	0	6	4194304	198789	0	0	129	5760167	5761767
a8e9d5d5-b3c2-437e-8135-3cef24e19635-tooling-smoke/micro/1-snappy-32768.tsv	read	0	7	4194304	198789	0	0	129	5735981	5737136
a8e9d5d5-b3c2-437e-8135-3cef24e19635-tooling-smoke/micro/1-snappy-32768.tsv	read	0	8	4194304	198789	0	0	129	5723139	5724830
a8e9d5d5-b3c2-437e-8135-3cef24e19635-tooling-smoke/micro/1-snappy-32768.tsv	read	0	9	4194304	198789	0	0	129	5634772	5636342
a8e9d5d5-b3c2-437e-8135-3cef24e19635-tooling-smoke/micro/1-snappy-4194304.tsv	encode	0	0	4194304	196740	58	1	0	3775505	3778630
a8e9d5d5-b3c2-437e-8135-3cef24e19635-tooling-smoke/micro/1-snappy-4194304.tsv	encode	0	1	4194304	196740	58	1	0	3260865	3261842
a8e9d5d5-b3c2-437e-8135-3cef24e19635-tooling-smoke/micro/1-snappy-4194304.tsv	read	0	0	4096	196740	0	0	1	6371923	6373112
a8e9d5d5-b3c2-437e-8135-3cef24e19635-tooling-smoke/micro/1-snappy-4194304.tsv	read	0	1	4096	196740	0	0	1	5126154	5154046
a8e9d5d5-b3c2-437e-8135-3cef24e19635-tooling-smoke/micro/1-snappy-4194304.tsv	read	0	2	4096	196740	0	0	1	4885401	4886184
a8e9d5d5-b3c2-437e-8135-3cef24e19635-tooling-smoke/micro/1-snappy-4194304.tsv	read	0	3	4096	196740	0	0	1	4809574	4810392
a8e9d5d5-b3c2-437e-8135-3cef24e19635-tooling-smoke/micro/1-snappy-4194304.tsv	read	0	4	4194304	196740	0	0	1	7350833	7352484
a8e9d5d5-b3c2-437e-8135-3cef24e19635-tooling-smoke/micro/1-snappy-4194304.tsv	read	0	5	4194304	196740	0	0	1	5580281	5581896
a8e9d5d5-b3c2-437e-8135-3cef24e19635-tooling-smoke/micro/1-snappy-4194304.tsv	read	0	6	4194304	393480	0	0	2	10530618	10531852
a8e9d5d5-b3c2-437e-8135-3cef24e19635-tooling-smoke/micro/1-snappy-4194304.tsv	read	0	7	4194304	393480	0	0	2	10436039	10437179
a8e9d5d5-b3c2-437e-8135-3cef24e19635-tooling-smoke/micro/1-snappy-4194304.tsv	read	0	8	4194304	393480	0	0	2	10653634	10676311
a8e9d5d5-b3c2-437e-8135-3cef24e19635-tooling-smoke/micro/1-snappy-4194304.tsv	read	0	9	4194304	393480	0	0	2	10389866	10391244
a8e9d5d5-b3c2-437e-8135-3cef24e19635-tooling-smoke/micro/1-snappy-65536.tsv	encode	0	0	4194304	196928	815	1	0	4103629	4106097
a8e9d5d5-b3c2-437e-8135-3cef24e19635-tooling-smoke/micro/1-snappy-65536.tsv	encode	0	1	4194304	196928	815	1	0	3385940	3386988
a8e9d5d5-b3c2-437e-8135-3cef24e19635-tooling-smoke/micro/1-snappy-65536.tsv	read	0	0	4096	3077	0	0	1	122963	123451
a8e9d5d5-b3c2-437e-8135-3cef24e19635-tooling-smoke/micro/1-snappy-65536.tsv	read	0	1	4096	3077	0	0	1	110918	111338
a8e9d5d5-b3c2-437e-8135-3cef24e19635-tooling-smoke/micro/1-snappy-65536.tsv	read	0	2	4096	3077	0	0	1	84627	84989
a8e9d5d5-b3c2-437e-8135-3cef24e19635-tooling-smoke/micro/1-snappy-65536.tsv	read	0	3	4096	3077	0	0	1	83976	84326
a8e9d5d5-b3c2-437e-8135-3cef24e19635-tooling-smoke/micro/1-snappy-65536.tsv	read	0	4	4194304	196928	0	0	64	7008771	7010489
a8e9d5d5-b3c2-437e-8135-3cef24e19635-tooling-smoke/micro/1-snappy-65536.tsv	read	0	5	4194304	196928	0	0	64	5517578	5543596
a8e9d5d5-b3c2-437e-8135-3cef24e19635-tooling-smoke/micro/1-snappy-65536.tsv	read	0	6	4194304	200005	0	0	65	5571853	5572858
a8e9d5d5-b3c2-437e-8135-3cef24e19635-tooling-smoke/micro/1-snappy-65536.tsv	read	0	7	4194304	200005	0	0	65	5502571	5504272
a8e9d5d5-b3c2-437e-8135-3cef24e19635-tooling-smoke/micro/1-snappy-65536.tsv	read	0	8	4194304	200005	0	0	65	5595011	5596559
a8e9d5d5-b3c2-437e-8135-3cef24e19635-tooling-smoke/micro/1-snappy-65536.tsv	read	0	9	4194304	200005	0	0	65	5676139	5677824
a8e9d5d5-b3c2-437e-8135-3cef24e19635-tooling-smoke/micro/1-zstd-1-131072.tsv	encode	0	0	4194304	704	365	1	0	3343558	3346019
a8e9d5d5-b3c2-437e-8135-3cef24e19635-tooling-smoke/micro/1-zstd-1-131072.tsv	encode	0	1	4194304	704	365	1	0	2785552	2786492
a8e9d5d5-b3c2-437e-8135-3cef24e19635-tooling-smoke/micro/1-zstd-1-131072.tsv	read	0	0	4096	22	0	0	1	155572	156097
a8e9d5d5-b3c2-437e-8135-3cef24e19635-tooling-smoke/micro/1-zstd-1-131072.tsv	read	0	1	4096	22	0	0	1	66208	66617
a8e9d5d5-b3c2-437e-8135-3cef24e19635-tooling-smoke/micro/1-zstd-1-131072.tsv	read	0	2	4096	22	0	0	1	58024	58421
a8e9d5d5-b3c2-437e-8135-3cef24e19635-tooling-smoke/micro/1-zstd-1-131072.tsv	read	0	3	4096	22	0	0	1	53816	54171
a8e9d5d5-b3c2-437e-8135-3cef24e19635-tooling-smoke/micro/1-zstd-1-131072.tsv	read	0	4	4194304	704	0	0	32	3972905	3974465
a8e9d5d5-b3c2-437e-8135-3cef24e19635-tooling-smoke/micro/1-zstd-1-131072.tsv	read	0	5	4194304	704	0	0	32	2318534	2320043
a8e9d5d5-b3c2-437e-8135-3cef24e19635-tooling-smoke/micro/1-zstd-1-131072.tsv	read	0	6	4194304	726	0	0	33	2261053	2262558
a8e9d5d5-b3c2-437e-8135-3cef24e19635-tooling-smoke/micro/1-zstd-1-131072.tsv	read	0	7	4194304	726	0	0	33	2255686	2280543
a8e9d5d5-b3c2-437e-8135-3cef24e19635-tooling-smoke/micro/1-zstd-1-131072.tsv	read	0	8	4194304	726	0	0	33	2257223	2258690
a8e9d5d5-b3c2-437e-8135-3cef24e19635-tooling-smoke/micro/1-zstd-1-131072.tsv	read	0	9	4194304	726	0	0	33	2254312	2255818
a8e9d5d5-b3c2-437e-8135-3cef24e19635-tooling-smoke/micro/1-zstd-1-16384.tsv	encode	0	0	4194304	4864	2607	1	0	5947997	5950869
a8e9d5d5-b3c2-437e-8135-3cef24e19635-tooling-smoke/micro/1-zstd-1-16384.tsv	encode	0	1	4194304	4864	2607	1	0	5304373	5305476
a8e9d5d5-b3c2-437e-8135-3cef24e19635-tooling-smoke/micro/1-zstd-1-16384.tsv	read	0	0	4096	19	0	0	1	80787	81293
a8e9d5d5-b3c2-437e-8135-3cef24e19635-tooling-smoke/micro/1-zstd-1-16384.tsv	read	0	1	4096	19	0	0	1	24452	24818
a8e9d5d5-b3c2-437e-8135-3cef24e19635-tooling-smoke/micro/1-zstd-1-16384.tsv	read	0	2	4096	19	0	0	1	23973	24322
a8e9d5d5-b3c2-437e-8135-3cef24e19635-tooling-smoke/micro/1-zstd-1-16384.tsv	read	0	3	4096	19	0	0	1	22862	23211
a8e9d5d5-b3c2-437e-8135-3cef24e19635-tooling-smoke/micro/1-zstd-1-16384.tsv	read	0	4	4194304	4864	0	0	256	5399721	5428985
a8e9d5d5-b3c2-437e-8135-3cef24e19635-tooling-smoke/micro/1-zstd-1-16384.tsv	read	0	5	4194304	4864	0	0	256	3500601	3502161
a8e9d5d5-b3c2-437e-8135-3cef24e19635-tooling-smoke/micro/1-zstd-1-16384.tsv	read	0	6	4194304	4883	0	0	257	3482826	3484785
a8e9d5d5-b3c2-437e-8135-3cef24e19635-tooling-smoke/micro/1-zstd-1-16384.tsv	read	0	7	4194304	4883	0	0	257	3439043	3440756
a8e9d5d5-b3c2-437e-8135-3cef24e19635-tooling-smoke/micro/1-zstd-1-16384.tsv	read	0	8	4194304	4883	0	0	257	3484885	3486502
a8e9d5d5-b3c2-437e-8135-3cef24e19635-tooling-smoke/micro/1-zstd-1-16384.tsv	read	0	9	4194304	4883	0	0	257	3465107	3466559
a8e9d5d5-b3c2-437e-8135-3cef24e19635-tooling-smoke/micro/1-zstd-1-262144.tsv	encode	0	0	4194304	416	202	1	0	3902888	3905381
a8e9d5d5-b3c2-437e-8135-3cef24e19635-tooling-smoke/micro/1-zstd-1-262144.tsv	encode	0	1	4194304	416	202	1	0	3344179	3370922
a8e9d5d5-b3c2-437e-8135-3cef24e19635-tooling-smoke/micro/1-zstd-1-262144.tsv	read	0	0	4096	26	0	0	1	205015	205516
a8e9d5d5-b3c2-437e-8135-3cef24e19635-tooling-smoke/micro/1-zstd-1-262144.tsv	read	0	1	4096	26	0	0	1	65818	66249
a8e9d5d5-b3c2-437e-8135-3cef24e19635-tooling-smoke/micro/1-zstd-1-262144.tsv	read	0	2	4096	26	0	0	1	63715	64095
a8e9d5d5-b3c2-437e-8135-3cef24e19635-tooling-smoke/micro/1-zstd-1-262144.tsv	read	0	3	4096	26	0	0	1	89240	89664
a8e9d5d5-b3c2-437e-8135-3cef24e19635-tooling-smoke/micro/1-zstd-1-262144.tsv	read	0	4	4194304	416	0	0	16	3032197	3033758
a8e9d5d5-b3c2-437e-8135-3cef24e19635-tooling-smoke/micro/1-zstd-1-262144.tsv	read	0	5	4194304	416	0	0	16	1491808	1493319
a8e9d5d5-b3c2-437e-8135-3cef24e19635-tooling-smoke/micro/1-zstd-1-262144.tsv	read	0	6	4194304	442	0	0	17	1488200	1489617
a8e9d5d5-b3c2-437e-8135-3cef24e19635-tooling-smoke/micro/1-zstd-1-262144.tsv	read	0	7	4194304	442	0	0	17	1493655	1495210
a8e9d5d5-b3c2-437e-8135-3cef24e19635-tooling-smoke/micro/1-zstd-1-262144.tsv	read	0	8	4194304	442	0	0	17	1492198	1493571
a8e9d5d5-b3c2-437e-8135-3cef24e19635-tooling-smoke/micro/1-zstd-1-262144.tsv	read	0	9	4194304	442	0	0	17	1503468	1530464
a8e9d5d5-b3c2-437e-8135-3cef24e19635-tooling-smoke/micro/1-zstd-1-32768.tsv	encode	0	0	4194304	2432	1327	1	0	4177854	4180112
a8e9d5d5-b3c2-437e-8135-3cef24e19635-tooling-smoke/micro/1-zstd-1-32768.tsv	encode	0	1	4194304	2432	1327	1	0	3580064	3580849
a8e9d5d5-b3c2-437e-8135-3cef24e19635-tooling-smoke/micro/1-zstd-1-32768.tsv	read	0	0	4096	19	0	0	1	87022	87506
a8e9d5d5-b3c2-437e-8135-3cef24e19635-tooling-smoke/micro/1-zstd-1-32768.tsv	read	0	1	4096	19	0	0	1	31454	31841
a8e9d5d5-b3c2-437e-8135-3cef24e19635-tooling-smoke/micro/1-zstd-1-32768.tsv	read	0	2	4096	19	0	0	1	25590	25942
a8e9d5d5-b3c2-437e-8135-3cef24e19635-tooling-smoke/micro/1-zstd-1-32768.tsv	read	0	3	4096	19	0	0	1	23662	24040
a8e9d5d5-b3c2-437e-8135-3cef24e19635-tooling-smoke/micro/1-zstd-1-32768.tsv	read	0	4	4194304	2432	0	0	128	4383689	4385235
a8e9d5d5-b3c2-437e-8135-3cef24e19635-tooling-smoke/micro/1-zstd-1-32768.tsv	read	0	5	4194304	2432	0	0	128	2780622	2782288
a8e9d5d5-b3c2-437e-8135-3cef24e19635-tooling-smoke/micro/1-zstd-1-32768.tsv	read	0	6	4194304	2451	0	0	129	2813896	2840179
a8e9d5d5-b3c2-437e-8135-3cef24e19635-tooling-smoke/micro/1-zstd-1-32768.tsv	read	0	7	4194304	2451	0	0	129	2807293	2808975
a8e9d5d5-b3c2-437e-8135-3cef24e19635-tooling-smoke/micro/1-zstd-1-32768.tsv	read	0	8	4194304	2451	0	0	129	2776301	2777400
a8e9d5d5-b3c2-437e-8135-3cef24e19635-tooling-smoke/micro/1-zstd-1-32768.tsv	read	0	9	4194304	2451	0	0	129	2760003	2761592
a8e9d5d5-b3c2-437e-8135-3cef24e19635-tooling-smoke/micro/1-zstd-1-4194304.tsv	encode	0	0	4194304	147	56	1	0	4756038	4758678
a8e9d5d5-b3c2-437e-8135-3cef24e19635-tooling-smoke/micro/1-zstd-1-4194304.tsv	encode	0	1	4194304	147	56	1	0	3691377	3692157
a8e9d5d5-b3c2-437e-8135-3cef24e19635-tooling-smoke/micro/1-zstd-1-4194304.tsv	read	0	0	4096	147	0	0	1	1713302	1714383
a8e9d5d5-b3c2-437e-8135-3cef24e19635-tooling-smoke/micro/1-zstd-1-4194304.tsv	read	0	1	4096	147	0	0	1	1805921	1806987
a8e9d5d5-b3c2-437e-8135-3cef24e19635-tooling-smoke/micro/1-zstd-1-4194304.tsv	read	0	2	4096	147	0	0	1	287489	288726
a8e9d5d5-b3c2-437e-8135-3cef24e19635-tooling-smoke/micro/1-zstd-1-4194304.tsv	read	0	3	4096	147	0	0	1	210205	211219
a8e9d5d5-b3c2-437e-8135-3cef24e19635-tooling-smoke/micro/1-zstd-1-4194304.tsv	read	0	4	4194304	147	0	0	1	2795054	2796860
a8e9d5d5-b3c2-437e-8135-3cef24e19635-tooling-smoke/micro/1-zstd-1-4194304.tsv	read	0	5	4194304	147	0	0	1	945398	946946
a8e9d5d5-b3c2-437e-8135-3cef24e19635-tooling-smoke/micro/1-zstd-1-4194304.tsv	read	0	6	4194304	294	0	0	2	1135088	1136736
a8e9d5d5-b3c2-437e-8135-3cef24e19635-tooling-smoke/micro/1-zstd-1-4194304.tsv	read	0	7	4194304	294	0	0	2	1140184	1169017
a8e9d5d5-b3c2-437e-8135-3cef24e19635-tooling-smoke/micro/1-zstd-1-4194304.tsv	read	0	8	4194304	294	0	0	2	1114471	1115880
a8e9d5d5-b3c2-437e-8135-3cef24e19635-tooling-smoke/micro/1-zstd-1-4194304.tsv	read	0	9	4194304	294	0	0	2	1113518	1114962
a8e9d5d5-b3c2-437e-8135-3cef24e19635-tooling-smoke/micro/1-zstd-1-65536.tsv	encode	0	0	4194304	1280	685	1	0	4116953	4120262
a8e9d5d5-b3c2-437e-8135-3cef24e19635-tooling-smoke/micro/1-zstd-1-65536.tsv	encode	0	1	4194304	1280	685	1	0	3143963	3144877
a8e9d5d5-b3c2-437e-8135-3cef24e19635-tooling-smoke/micro/1-zstd-1-65536.tsv	read	0	0	4096	20	0	0	1	128585	129060
a8e9d5d5-b3c2-437e-8135-3cef24e19635-tooling-smoke/micro/1-zstd-1-65536.tsv	read	0	1	4096	20	0	0	1	37321	37700
a8e9d5d5-b3c2-437e-8135-3cef24e19635-tooling-smoke/micro/1-zstd-1-65536.tsv	read	0	2	4096	20	0	0	1	35400	35771
a8e9d5d5-b3c2-437e-8135-3cef24e19635-tooling-smoke/micro/1-zstd-1-65536.tsv	read	0	3	4096	20	0	0	1	34844	35247
a8e9d5d5-b3c2-437e-8135-3cef24e19635-tooling-smoke/micro/1-zstd-1-65536.tsv	read	0	4	4194304	1280	0	0	64	4283453	4285104
a8e9d5d5-b3c2-437e-8135-3cef24e19635-tooling-smoke/micro/1-zstd-1-65536.tsv	read	0	5	4194304	1280	0	0	64	2502715	2504312
a8e9d5d5-b3c2-437e-8135-3cef24e19635-tooling-smoke/micro/1-zstd-1-65536.tsv	read	0	6	4194304	1300	0	0	65	2415696	2417273
a8e9d5d5-b3c2-437e-8135-3cef24e19635-tooling-smoke/micro/1-zstd-1-65536.tsv	read	0	7	4194304	1300	0	0	65	2453244	2485280
a8e9d5d5-b3c2-437e-8135-3cef24e19635-tooling-smoke/micro/1-zstd-1-65536.tsv	read	0	8	4194304	1300	0	0	65	2438619	2440060
a8e9d5d5-b3c2-437e-8135-3cef24e19635-tooling-smoke/micro/1-zstd-1-65536.tsv	read	0	9	4194304	1300	0	0	65	2412478	2413994
a8e9d5d5-b3c2-437e-8135-3cef24e19635-tooling-smoke/micro/1-zstd-3-131072.tsv	encode	0	0	4194304	704	365	1	0	3703400	3706015
a8e9d5d5-b3c2-437e-8135-3cef24e19635-tooling-smoke/micro/1-zstd-3-131072.tsv	encode	0	1	4194304	704	365	1	0	2783551	2784737
a8e9d5d5-b3c2-437e-8135-3cef24e19635-tooling-smoke/micro/1-zstd-3-131072.tsv	read	0	0	4096	22	0	0	1	116757	117333
a8e9d5d5-b3c2-437e-8135-3cef24e19635-tooling-smoke/micro/1-zstd-3-131072.tsv	read	0	1	4096	22	0	0	1	65995	66434
a8e9d5d5-b3c2-437e-8135-3cef24e19635-tooling-smoke/micro/1-zstd-3-131072.tsv	read	0	2	4096	22	0	0	1	58941	59301
a8e9d5d5-b3c2-437e-8135-3cef24e19635-tooling-smoke/micro/1-zstd-3-131072.tsv	read	0	3	4096	22	0	0	1	58130	58479
a8e9d5d5-b3c2-437e-8135-3cef24e19635-tooling-smoke/micro/1-zstd-3-131072.tsv	read	0	4	4194304	704	0	0	32	4103065	4104474
a8e9d5d5-b3c2-437e-8135-3cef24e19635-tooling-smoke/micro/1-zstd-3-131072.tsv	read	0	5	4194304	704	0	0	32	2247950	2249442
a8e9d5d5-b3c2-437e-8135-3cef24e19635-tooling-smoke/micro/1-zstd-3-131072.tsv	read	0	6	4194304	726	0	0	33	2307038	2308556
a8e9d5d5-b3c2-437e-8135-3cef24e19635-tooling-smoke/micro/1-zstd-3-131072.tsv	read	0	7	4194304	726	0	0	33	2281578	2307396
a8e9d5d5-b3c2-437e-8135-3cef24e19635-tooling-smoke/micro/1-zstd-3-131072.tsv	read	0	8	4194304	726	0	0	33	2260495	2267621
a8e9d5d5-b3c2-437e-8135-3cef24e19635-tooling-smoke/micro/1-zstd-3-131072.tsv	read	0	9	4194304	726	0	0	33	2266377	2267786
a8e9d5d5-b3c2-437e-8135-3cef24e19635-tooling-smoke/micro/1-zstd-3-16384.tsv	encode	0	0	4194304	4864	2607	1	0	7157703	7160396
a8e9d5d5-b3c2-437e-8135-3cef24e19635-tooling-smoke/micro/1-zstd-3-16384.tsv	encode	0	1	4194304	4864	2607	1	0	6138455	6139442
a8e9d5d5-b3c2-437e-8135-3cef24e19635-tooling-smoke/micro/1-zstd-3-16384.tsv	read	0	0	4096	19	0	0	1	92573	93067
a8e9d5d5-b3c2-437e-8135-3cef24e19635-tooling-smoke/micro/1-zstd-3-16384.tsv	read	0	1	4096	19	0	0	1	43370	43800
a8e9d5d5-b3c2-437e-8135-3cef24e19635-tooling-smoke/micro/1-zstd-3-16384.tsv	read	0	2	4096	19	0	0	1	25623	26005
a8e9d5d5-b3c2-437e-8135-3cef24e19635-tooling-smoke/micro/1-zstd-3-16384.tsv	read	0	3	4096	19	0	0	1	23270	23634
a8e9d5d5-b3c2-437e-8135-3cef24e19635-tooling-smoke/micro/1-zstd-3-16384.tsv	read	0	4	4194304	4864	0	0	256	5342059	5370050
a8e9d5d5-b3c2-437e-8135-3cef24e19635-tooling-smoke/micro/1-zstd-3-16384.tsv	read	0	5	4194304	4864	0	0	256	3534769	3536406
a8e9d5d5-b3c2-437e-8135-3cef24e19635-tooling-smoke/micro/1-zstd-3-16384.tsv	read	0	6	4194304	4883	0	0	257	3469765	3471490
a8e9d5d5-b3c2-437e-8135-3cef24e19635-tooling-smoke/micro/1-zstd-3-16384.tsv	read	0	7	4194304	4883	0	0	257	3447995	3449439
a8e9d5d5-b3c2-437e-8135-3cef24e19635-tooling-smoke/micro/1-zstd-3-16384.tsv	read	0	8	4194304	4883	0	0	257	3478308	3479748
a8e9d5d5-b3c2-437e-8135-3cef24e19635-tooling-smoke/micro/1-zstd-3-16384.tsv	read	0	9	4194304	4883	0	0	257	3466104	3467262
a8e9d5d5-b3c2-437e-8135-3cef24e19635-tooling-smoke/micro/1-zstd-3-262144.tsv	encode	0	0	4194304	416	202	1	0	5156200	5158518
a8e9d5d5-b3c2-437e-8135-3cef24e19635-tooling-smoke/micro/1-zstd-3-262144.tsv	encode	0	1	4194304	416	202	1	0	4294091	4294981
a8e9d5d5-b3c2-437e-8135-3cef24e19635-tooling-smoke/micro/1-zstd-3-262144.tsv	read	0	0	4096	26	0	0	1	211665	212402
a8e9d5d5-b3c2-437e-8135-3cef24e19635-tooling-smoke/micro/1-zstd-3-262144.tsv	read	0	1	4096	26	0	0	1	66462	66867
a8e9d5d5-b3c2-437e-8135-3cef24e19635-tooling-smoke/micro/1-zstd-3-262144.tsv	read	0	2	4096	26	0	0	1	66021	66421
a8e9d5d5-b3c2-437e-8135-3cef24e19635-tooling-smoke/micro/1-zstd-3-262144.tsv	read	0	3	4096	26	0	0	1	63696	64053
a8e9d5d5-b3c2-437e-8135-3cef24e19635-tooling-smoke/micro/1-zstd-3-262144.tsv	read	0	4	4194304	416	0	0	16	3434036	3435793
a8e9d5d5-b3c2-437e-8135-3cef24e19635-tooling-smoke/micro/1-zstd-3-262144.tsv	read	0	5	4194304	416	0	0	16	1479533	1481109
a8e9d5d5-b3c2-437e-8135-3cef24e19635-tooling-smoke/micro/1-zstd-3-262144.tsv	read	0	6	4194304	442	0	0	17	1558070	1559080
a8e9d5d5-b3c2-437e-8135-3cef24e19635-tooling-smoke/micro/1-zstd-3-262144.tsv	read	0	7	4194304	442	0	0	17	1510274	1536395
a8e9d5d5-b3c2-437e-8135-3cef24e19635-tooling-smoke/micro/1-zstd-3-262144.tsv	read	0	8	4194304	442	0	0	17	1485157	1486686
a8e9d5d5-b3c2-437e-8135-3cef24e19635-tooling-smoke/micro/1-zstd-3-262144.tsv	read	0	9	4194304	442	0	0	17	1502457	1504134
a8e9d5d5-b3c2-437e-8135-3cef24e19635-tooling-smoke/micro/1-zstd-3-32768.tsv	encode	0	0	4194304	2432	1327	1	0	5696102	5698720
a8e9d5d5-b3c2-437e-8135-3cef24e19635-tooling-smoke/micro/1-zstd-3-32768.tsv	encode	0	1	4194304	2432	1327	1	0	4575171	4575968
a8e9d5d5-b3c2-437e-8135-3cef24e19635-tooling-smoke/micro/1-zstd-3-32768.tsv	read	0	0	4096	19	0	0	1	88961	89487
a8e9d5d5-b3c2-437e-8135-3cef24e19635-tooling-smoke/micro/1-zstd-3-32768.tsv	read	0	1	4096	19	0	0	1	26556	26923
a8e9d5d5-b3c2-437e-8135-3cef24e19635-tooling-smoke/micro/1-zstd-3-32768.tsv	read	0	2	4096	19	0	0	1	25475	25849
a8e9d5d5-b3c2-437e-8135-3cef24e19635-tooling-smoke/micro/1-zstd-3-32768.tsv	read	0	3	4096	19	0	0	1	25407	25767
a8e9d5d5-b3c2-437e-8135-3cef24e19635-tooling-smoke/micro/1-zstd-3-32768.tsv	read	0	4	4194304	2432	0	0	128	4498899	4500436
a8e9d5d5-b3c2-437e-8135-3cef24e19635-tooling-smoke/micro/1-zstd-3-32768.tsv	read	0	5	4194304	2432	0	0	128	2886647	2912813
a8e9d5d5-b3c2-437e-8135-3cef24e19635-tooling-smoke/micro/1-zstd-3-32768.tsv	read	0	6	4194304	2451	0	0	129	2798495	2799887
a8e9d5d5-b3c2-437e-8135-3cef24e19635-tooling-smoke/micro/1-zstd-3-32768.tsv	read	0	7	4194304	2451	0	0	129	2806633	2808020
a8e9d5d5-b3c2-437e-8135-3cef24e19635-tooling-smoke/micro/1-zstd-3-32768.tsv	read	0	8	4194304	2451	0	0	129	2826756	2828185
a8e9d5d5-b3c2-437e-8135-3cef24e19635-tooling-smoke/micro/1-zstd-3-32768.tsv	read	0	9	4194304	2451	0	0	129	2788481	2789842
a8e9d5d5-b3c2-437e-8135-3cef24e19635-tooling-smoke/micro/1-zstd-3-4194304.tsv	encode	0	0	4194304	147	56	1	0	6369586	6372072
a8e9d5d5-b3c2-437e-8135-3cef24e19635-tooling-smoke/micro/1-zstd-3-4194304.tsv	encode	0	1	4194304	147	56	1	0	5566060	5566916
a8e9d5d5-b3c2-437e-8135-3cef24e19635-tooling-smoke/micro/1-zstd-3-4194304.tsv	read	0	0	4096	147	0	0	1	1864046	1864835
a8e9d5d5-b3c2-437e-8135-3cef24e19635-tooling-smoke/micro/1-zstd-3-4194304.tsv	read	0	1	4096	147	0	0	1	1555432	1556406
a8e9d5d5-b3c2-437e-8135-3cef24e19635-tooling-smoke/micro/1-zstd-3-4194304.tsv	read	0	2	4096	147	0	0	1	276086	276908
a8e9d5d5-b3c2-437e-8135-3cef24e19635-tooling-smoke/micro/1-zstd-3-4194304.tsv	read	0	3	4096	147	0	0	1	523441	524429
a8e9d5d5-b3c2-437e-8135-3cef24e19635-tooling-smoke/micro/1-zstd-3-4194304.tsv	read	0	4	4194304	147	0	0	1	2865293	2891409
a8e9d5d5-b3c2-437e-8135-3cef24e19635-tooling-smoke/micro/1-zstd-3-4194304.tsv	read	0	5	4194304	147	0	0	1	1121115	1122648
a8e9d5d5-b3c2-437e-8135-3cef24e19635-tooling-smoke/micro/1-zstd-3-4194304.tsv	read	0	6	4194304	294	0	0	2	1150542	1152013
a8e9d5d5-b3c2-437e-8135-3cef24e19635-tooling-smoke/micro/1-zstd-3-4194304.tsv	read	0	7	4194304	294	0	0	2	1183931	1185266
a8e9d5d5-b3c2-437e-8135-3cef24e19635-tooling-smoke/micro/1-zstd-3-4194304.tsv	read	0	8	4194304	294	0	0	2	1137825	1139241
a8e9d5d5-b3c2-437e-8135-3cef24e19635-tooling-smoke/micro/1-zstd-3-4194304.tsv	read	0	9	4194304	294	0	0	2	1131966	1133426
a8e9d5d5-b3c2-437e-8135-3cef24e19635-tooling-smoke/micro/1-zstd-3-65536.tsv	encode	0	0	4194304	1280	685	1	0	4547953	4551161
a8e9d5d5-b3c2-437e-8135-3cef24e19635-tooling-smoke/micro/1-zstd-3-65536.tsv	encode	0	1	4194304	1280	685	1	0	3444176	3445219
a8e9d5d5-b3c2-437e-8135-3cef24e19635-tooling-smoke/micro/1-zstd-3-65536.tsv	read	0	0	4096	20	0	0	1	124858	125332
a8e9d5d5-b3c2-437e-8135-3cef24e19635-tooling-smoke/micro/1-zstd-3-65536.tsv	read	0	1	4096	20	0	0	1	37287	37697
a8e9d5d5-b3c2-437e-8135-3cef24e19635-tooling-smoke/micro/1-zstd-3-65536.tsv	read	0	2	4096	20	0	0	1	35665	36008
a8e9d5d5-b3c2-437e-8135-3cef24e19635-tooling-smoke/micro/1-zstd-3-65536.tsv	read	0	3	4096	20	0	0	1	35048	35396
a8e9d5d5-b3c2-437e-8135-3cef24e19635-tooling-smoke/micro/1-zstd-3-65536.tsv	read	0	4	4194304	1280	0	0	64	4185680	4187287
a8e9d5d5-b3c2-437e-8135-3cef24e19635-tooling-smoke/micro/1-zstd-3-65536.tsv	read	0	5	4194304	1280	0	0	64	2541565	2543596
a8e9d5d5-b3c2-437e-8135-3cef24e19635-tooling-smoke/micro/1-zstd-3-65536.tsv	read	0	6	4194304	1300	0	0	65	2492673	2521437
a8e9d5d5-b3c2-437e-8135-3cef24e19635-tooling-smoke/micro/1-zstd-3-65536.tsv	read	0	7	4194304	1300	0	0	65	2413494	2415021
a8e9d5d5-b3c2-437e-8135-3cef24e19635-tooling-smoke/micro/1-zstd-3-65536.tsv	read	0	8	4194304	1300	0	0	65	2428318	2430048
a8e9d5d5-b3c2-437e-8135-3cef24e19635-tooling-smoke/micro/1-zstd-3-65536.tsv	read	0	9	4194304	1300	0	0	65	2386972	2388460
a8e9d5d5-b3c2-437e-8135-3cef24e19635-tooling-smoke/micro/1-zstd-fast-131072.tsv	encode	0	0	4194304	704	365	1	0	3349639	3351983
a8e9d5d5-b3c2-437e-8135-3cef24e19635-tooling-smoke/micro/1-zstd-fast-131072.tsv	encode	0	1	4194304	704	365	1	0	2750170	2751696
a8e9d5d5-b3c2-437e-8135-3cef24e19635-tooling-smoke/micro/1-zstd-fast-131072.tsv	read	0	0	4096	22	0	0	1	185462	185962
a8e9d5d5-b3c2-437e-8135-3cef24e19635-tooling-smoke/micro/1-zstd-fast-131072.tsv	read	0	1	4096	22	0	0	1	94536	94930
a8e9d5d5-b3c2-437e-8135-3cef24e19635-tooling-smoke/micro/1-zstd-fast-131072.tsv	read	0	2	4096	22	0	0	1	59016	59363
a8e9d5d5-b3c2-437e-8135-3cef24e19635-tooling-smoke/micro/1-zstd-fast-131072.tsv	read	0	3	4096	22	0	0	1	58198	58545
a8e9d5d5-b3c2-437e-8135-3cef24e19635-tooling-smoke/micro/1-zstd-fast-131072.tsv	read	0	4	4194304	704	0	0	32	3965040	3966401
a8e9d5d5-b3c2-437e-8135-3cef24e19635-tooling-smoke/micro/1-zstd-fast-131072.tsv	read	0	5	4194304	704	0	0	32	2319335	2320617
a8e9d5d5-b3c2-437e-8135-3cef24e19635-tooling-smoke/micro/1-zstd-fast-131072.tsv	read	0	6	4194304	726	0	0	33	2267739	2269019
a8e9d5d5-b3c2-437e-8135-3cef24e19635-tooling-smoke/micro/1-zstd-fast-131072.tsv	read	0	7	4194304	726	0	0	33	2284375	2310214
a8e9d5d5-b3c2-437e-8135-3cef24e19635-tooling-smoke/micro/1-zstd-fast-131072.tsv	read	0	8	4194304	726	0	0	33	2278141	2279623
a8e9d5d5-b3c2-437e-8135-3cef24e19635-tooling-smoke/micro/1-zstd-fast-131072.tsv	read	0	9	4194304	726	0	0	33	2266847	2268220
a8e9d5d5-b3c2-437e-8135-3cef24e19635-tooling-smoke/micro/1-zstd-fast-16384.tsv	encode	0	0	4194304	4864	2607	1	0	5364310	5366535
a8e9d5d5-b3c2-437e-8135-3cef24e19635-tooling-smoke/micro/1-zstd-fast-16384.tsv	encode	0	1	4194304	4864	2607	1	0	4708530	4754483
a8e9d5d5-b3c2-437e-8135-3cef24e19635-tooling-smoke/micro/1-zstd-fast-16384.tsv	read	0	0	4096	19	0	0	1	78683	79169
a8e9d5d5-b3c2-437e-8135-3cef24e19635-tooling-smoke/micro/1-zstd-fast-16384.tsv	read	0	1	4096	19	0	0	1	25022	25369
a8e9d5d5-b3c2-437e-8135-3cef24e19635-tooling-smoke/micro/1-zstd-fast-16384.tsv	read	0	2	4096	19	0	0	1	24266	24610
a8e9d5d5-b3c2-437e-8135-3cef24e19635-tooling-smoke/micro/1-zstd-fast-16384.tsv	read	0	3	4096	19	0	0	1	23198	23533
a8e9d5d5-b3c2-437e-8135-3cef24e19635-tooling-smoke/micro/1-zstd-fast-16384.tsv	read	0	4	4194304	4864	0	0	256	5153762	5154725
a8e9d5d5-b3c2-437e-8135-3cef24e19635-tooling-smoke/micro/1-zstd-fast-16384.tsv	read	0	5	4194304	4864	0	0	256	3491464	3517309
a8e9d5d5-b3c2-437e-8135-3cef24e19635-tooling-smoke/micro/1-zstd-fast-16384.tsv	read	0	6	4194304	4883	0	0	257	3492112	3493368
a8e9d5d5-b3c2-437e-8135-3cef24e19635-tooling-smoke/micro/1-zstd-fast-16384.tsv	read	0	7	4194304	4883	0	0	257	3467308	3469322
a8e9d5d5-b3c2-437e-8135-3cef24e19635-tooling-smoke/micro/1-zstd-fast-16384.tsv	read	0	8	4194304	4883	0	0	257	3426441	3428131
a8e9d5d5-b3c2-437e-8135-3cef24e19635-tooling-smoke/micro/1-zstd-fast-16384.tsv	read	0	9	4194304	4883	0	0	257	3436382	3438048
a8e9d5d5-b3c2-437e-8135-3cef24e19635-tooling-smoke/micro/1-zstd-fast-262144.tsv	encode	0	0	4194304	416	202	1	0	3956094	3958589
a8e9d5d5-b3c2-437e-8135-3cef24e19635-tooling-smoke/micro/1-zstd-fast-262144.tsv	encode	0	1	4194304	416	202	1	0	3312858	3313791
a8e9d5d5-b3c2-437e-8135-3cef24e19635-tooling-smoke/micro/1-zstd-fast-262144.tsv	read	0	0	4096	26	0	0	1	210180	210672
a8e9d5d5-b3c2-437e-8135-3cef24e19635-tooling-smoke/micro/1-zstd-fast-262144.tsv	read	0	1	4096	26	0	0	1	65492	65863
a8e9d5d5-b3c2-437e-8135-3cef24e19635-tooling-smoke/micro/1-zstd-fast-262144.tsv	read	0	2	4096	26	0	0	1	65781	66159
a8e9d5d5-b3c2-437e-8135-3cef24e19635-tooling-smoke/micro/1-zstd-fast-262144.tsv	read	0	3	4096	26	0	0	1	63538	63903
a8e9d5d5-b3c2-437e-8135-3cef24e19635-tooling-smoke/micro/1-zstd-fast-262144.tsv	read	0	4	4194304	416	0	0	16	3119928	3121623
a8e9d5d5-b3c2-437e-8135-3cef24e19635-tooling-smoke/micro/1-zstd-fast-262144.tsv	read	0	5	4194304	416	0	0	16	1487892	1489465
a8e9d5d5-b3c2-437e-8135-3cef24e19635-tooling-smoke/micro/1-zstd-fast-262144.tsv	read	0	6	4194304	442	0	0	17	1493751	1495341
a8e9d5d5-b3c2-437e-8135-3cef24e19635-tooling-smoke/micro/1-zstd-fast-262144.tsv	read	0	7	4194304	442	0	0	17	1512947	1514575
a8e9d5d5-b3c2-437e-8135-3cef24e19635-tooling-smoke/micro/1-zstd-fast-262144.tsv	read	0	8	4194304	442	0	0	17	1505886	1507392
a8e9d5d5-b3c2-437e-8135-3cef24e19635-tooling-smoke/micro/1-zstd-fast-262144.tsv	read	0	9	4194304	442	0	0	17	1505466	1532135
a8e9d5d5-b3c2-437e-8135-3cef24e19635-tooling-smoke/micro/1-zstd-fast-32768.tsv	encode	0	0	4194304	2432	1327	1	0	4216946	4219644
a8e9d5d5-b3c2-437e-8135-3cef24e19635-tooling-smoke/micro/1-zstd-fast-32768.tsv	encode	0	1	4194304	2432	1327	1	0	3561636	3562820
a8e9d5d5-b3c2-437e-8135-3cef24e19635-tooling-smoke/micro/1-zstd-fast-32768.tsv	read	0	0	4096	19	0	0	1	95837	96282
a8e9d5d5-b3c2-437e-8135-3cef24e19635-tooling-smoke/micro/1-zstd-fast-32768.tsv	read	0	1	4096	19	0	0	1	39694	40122
a8e9d5d5-b3c2-437e-8135-3cef24e19635-tooling-smoke/micro/1-zstd-fast-32768.tsv	read	0	2	4096	19	0	0	1	26483	26833
a8e9d5d5-b3c2-437e-8135-3cef24e19635-tooling-smoke/micro/1-zstd-fast-32768.tsv	read	0	3	4096	19	0	0	1	24646	25018
a8e9d5d5-b3c2-437e-8135-3cef24e19635-tooling-smoke/micro/1-zstd-fast-32768.tsv	read	0	4	4194304	2432	0	0	128	4585017	4586534
a8e9d5d5-b3c2-437e-8135-3cef24e19635-tooling-smoke/micro/1-zstd-fast-32768.tsv	read	0	5	4194304	2432	0	0	128	2821609	2823180
a8e9d5d5-b3c2-437e-8135-3cef24e19635-tooling-smoke/micro/1-zstd-fast-32768.tsv	read	0	6	4194304	2451	0	0	129	2813796	2842266
a8e9d5d5-b3c2-437e-8135-3cef24e19635-tooling-smoke/micro/1-zstd-fast-32768.tsv	read	0	7	4194304	2451	0	0	129	2755696	2757196
a8e9d5d5-b3c2-437e-8135-3cef24e19635-tooling-smoke/micro/1-zstd-fast-32768.tsv	read	0	8	4194304	2451	0	0	129	2766168	2767691
a8e9d5d5-b3c2-437e-8135-3cef24e19635-tooling-smoke/micro/1-zstd-fast-32768.tsv	read	0	9	4194304	2451	0	0	129	2753149	2754673
a8e9d5d5-b3c2-437e-8135-3cef24e19635-tooling-smoke/micro/1-zstd-fast-4194304.tsv	encode	0	0	4194304	147	56	1	0	4387522	4401219
a8e9d5d5-b3c2-437e-8135-3cef24e19635-tooling-smoke/micro/1-zstd-fast-4194304.tsv	encode	0	1	4194304	147	56	1	0	3796907	3797640
a8e9d5d5-b3c2-437e-8135-3cef24e19635-tooling-smoke/micro/1-zstd-fast-4194304.tsv	read	0	0	4096	147	0	0	1	1930569	1931475
a8e9d5d5-b3c2-437e-8135-3cef24e19635-tooling-smoke/micro/1-zstd-fast-4194304.tsv	read	0	1	4096	147	0	0	1	1867202	1867875
a8e9d5d5-b3c2-437e-8135-3cef24e19635-tooling-smoke/micro/1-zstd-fast-4194304.tsv	read	0	2	4096	147	0	0	1	296986	297611
a8e9d5d5-b3c2-437e-8135-3cef24e19635-tooling-smoke/micro/1-zstd-fast-4194304.tsv	read	0	3	4096	147	0	0	1	211512	212104
a8e9d5d5-b3c2-437e-8135-3cef24e19635-tooling-smoke/micro/1-zstd-fast-4194304.tsv	read	0	4	4194304	147	0	0	1	2815174	2816548
a8e9d5d5-b3c2-437e-8135-3cef24e19635-tooling-smoke/micro/1-zstd-fast-4194304.tsv	read	0	5	4194304	147	0	0	1	1005339	1006541
a8e9d5d5-b3c2-437e-8135-3cef24e19635-tooling-smoke/micro/1-zstd-fast-4194304.tsv	read	0	6	4194304	294	0	0	2	1173621	1208322
a8e9d5d5-b3c2-437e-8135-3cef24e19635-tooling-smoke/micro/1-zstd-fast-4194304.tsv	read	0	7	4194304	294	0	0	2	1136954	1138307
a8e9d5d5-b3c2-437e-8135-3cef24e19635-tooling-smoke/micro/1-zstd-fast-4194304.tsv	read	0	8	4194304	294	0	0	2	1136244	1137679
a8e9d5d5-b3c2-437e-8135-3cef24e19635-tooling-smoke/micro/1-zstd-fast-4194304.tsv	read	0	9	4194304	294	0	0	2	1134122	1135587
a8e9d5d5-b3c2-437e-8135-3cef24e19635-tooling-smoke/micro/1-zstd-fast-65536.tsv	encode	0	0	4194304	1280	685	1	0	4006726	4009565
a8e9d5d5-b3c2-437e-8135-3cef24e19635-tooling-smoke/micro/1-zstd-fast-65536.tsv	encode	0	1	4194304	1280	685	1	0	3128575	3129509
a8e9d5d5-b3c2-437e-8135-3cef24e19635-tooling-smoke/micro/1-zstd-fast-65536.tsv	read	0	0	4096	20	0	0	1	122656	123161
a8e9d5d5-b3c2-437e-8135-3cef24e19635-tooling-smoke/micro/1-zstd-fast-65536.tsv	read	0	1	4096	20	0	0	1	38033	38400
a8e9d5d5-b3c2-437e-8135-3cef24e19635-tooling-smoke/micro/1-zstd-fast-65536.tsv	read	0	2	4096	20	0	0	1	35263	35635
a8e9d5d5-b3c2-437e-8135-3cef24e19635-tooling-smoke/micro/1-zstd-fast-65536.tsv	read	0	3	4096	20	0	0	1	34896	35280
a8e9d5d5-b3c2-437e-8135-3cef24e19635-tooling-smoke/micro/1-zstd-fast-65536.tsv	read	0	4	4194304	1280	0	0	64	4103507	4105089
a8e9d5d5-b3c2-437e-8135-3cef24e19635-tooling-smoke/micro/1-zstd-fast-65536.tsv	read	0	5	4194304	1280	0	0	64	2523526	2525123
a8e9d5d5-b3c2-437e-8135-3cef24e19635-tooling-smoke/micro/1-zstd-fast-65536.tsv	read	0	6	4194304	1300	0	0	65	2476890	2478405
a8e9d5d5-b3c2-437e-8135-3cef24e19635-tooling-smoke/micro/1-zstd-fast-65536.tsv	read	0	7	4194304	1300	0	0	65	2436370	2462679
a8e9d5d5-b3c2-437e-8135-3cef24e19635-tooling-smoke/micro/1-zstd-fast-65536.tsv	read	0	8	4194304	1300	0	0	65	2446592	2448119
a8e9d5d5-b3c2-437e-8135-3cef24e19635-tooling-smoke/micro/1-zstd-fast-65536.tsv	read	0	9	4194304	1300	0	0	65	2414533	2416047
tests-f2a0b72b/micro/0-fastlz-131072.tsv	encode	0	0	4194304	4194304	0	0	0	51962183	52059820
tests-f2a0b72b/micro/0-fastlz-131072.tsv	encode	0	1	4194304	4194304	0	0	0	47404232	47479296
tests-f2a0b72b/micro/0-fastlz-131072.tsv	read	0	0	4096	4096	0	0	0	4670	5109
tests-f2a0b72b/micro/0-fastlz-131072.tsv	read	0	1	4096	4096	0	0	0	1953	2303
tests-f2a0b72b/micro/0-fastlz-131072.tsv	read	0	2	4096	4096	0	0	0	1824	2205
tests-f2a0b72b/micro/0-fastlz-131072.tsv	read	0	3	4096	4096	0	0	0	1701	2049
tests-f2a0b72b/micro/0-fastlz-131072.tsv	read	0	4	4194304	4194304	0	0	0	870746	872141
tests-f2a0b72b/micro/0-fastlz-131072.tsv	read	0	5	4194304	4194304	0	0	0	790778	792057
tests-f2a0b72b/micro/0-fastlz-131072.tsv	read	0	6	4194304	4194304	0	0	0	749177	750065
tests-f2a0b72b/micro/0-fastlz-131072.tsv	read	0	7	4194304	4194304	0	0	0	713993	715335
tests-f2a0b72b/micro/0-fastlz-131072.tsv	read	0	8	4194304	4194304	0	0	0	725878	726961
tests-f2a0b72b/micro/0-fastlz-131072.tsv	read	0	9	4194304	4194304	0	0	0	723998	725180
tests-f2a0b72b/micro/0-fastlz-16384.tsv	encode	0	0	4194304	4194304	0	0	0	67093429	67222422
tests-f2a0b72b/micro/0-fastlz-16384.tsv	encode	0	1	4194304	4194304	0	0	0	63220926	63277804
tests-f2a0b72b/micro/0-fastlz-16384.tsv	read	0	0	4096	4096	0	0	0	4788	5210
tests-f2a0b72b/micro/0-fastlz-16384.tsv	read	0	1	4096	4096	0	0	0	1774	2092
tests-f2a0b72b/micro/0-fastlz-16384.tsv	read	0	2	4096	4096	0	0	0	1634	1961
tests-f2a0b72b/micro/0-fastlz-16384.tsv	read	0	3	4096	4096	0	0	0	1666	1995
tests-f2a0b72b/micro/0-fastlz-16384.tsv	read	0	4	4194304	4194304	0	0	0	893401	894892
tests-f2a0b72b/micro/0-fastlz-16384.tsv	read	0	5	4194304	4194304	0	0	0	818450	819840
tests-f2a0b72b/micro/0-fastlz-16384.tsv	read	0	6	4194304	4194304	0	0	0	721646	723014
tests-f2a0b72b/micro/0-fastlz-16384.tsv	read	0	7	4194304	4194304	0	0	0	703924	704882
tests-f2a0b72b/micro/0-fastlz-16384.tsv	read	0	8	4194304	4194304	0	0	0	722287	723646
tests-f2a0b72b/micro/0-fastlz-16384.tsv	read	0	9	4194304	4194304	0	0	0	743398	744796
tests-f2a0b72b/micro/0-fastlz-262144.tsv	encode	0	0	4194304	4194304	0	0	0	51247849	51320263
tests-f2a0b72b/micro/0-fastlz-262144.tsv	encode	0	1	4194304	4194304	0	0	0	46795187	46856019
tests-f2a0b72b/micro/0-fastlz-262144.tsv	read	0	0	4096	4096	0	0	0	3647	4056
tests-f2a0b72b/micro/0-fastlz-262144.tsv	read	0	1	4096	4096	0	0	0	2104	2419
tests-f2a0b72b/micro/0-fastlz-262144.tsv	read	0	2	4096	4096	0	0	0	1757	2070
tests-f2a0b72b/micro/0-fastlz-262144.tsv	read	0	3	4096	4096	0	0	0	1679	1976
tests-f2a0b72b/micro/0-fastlz-262144.tsv	read	0	4	4194304	4194304	0	0	0	1696897	1698390
tests-f2a0b72b/micro/0-fastlz-262144.tsv	read	0	5	4194304	4194304	0	0	0	816153	816954
tests-f2a0b72b/micro/0-fastlz-262144.tsv	read	0	6	4194304	4194304	0	0	0	731167	732335
tests-f2a0b72b/micro/0-fastlz-262144.tsv	read	0	7	4194304	4194304	0	0	0	701631	702709
tests-f2a0b72b/micro/0-fastlz-262144.tsv	read	0	8	4194304	4194304	0	0	0	719796	721193
tests-f2a0b72b/micro/0-fastlz-262144.tsv	read	0	9	4194304	4194304	0	0	0	721756	722996
tests-f2a0b72b/micro/0-fastlz-32768.tsv	encode	0	0	4194304	4194304	0	0	0	71421553	71544901
tests-f2a0b72b/micro/0-fastlz-32768.tsv	encode	0	1	4194304	4194304	0	0	0	68560566	68617196
tests-f2a0b72b/micro/0-fastlz-32768.tsv	read	0	0	4096	4096	0	0	0	4637	5056
tests-f2a0b72b/micro/0-fastlz-32768.tsv	read	0	1	4096	4096	0	0	0	1924	2252
tests-f2a0b72b/micro/0-fastlz-32768.tsv	read	0	2	4096	4096	0	0	0	1629	1943
tests-f2a0b72b/micro/0-fastlz-32768.tsv	read	0	3	4096	4096	0	0	0	1580	1910
tests-f2a0b72b/micro/0-fastlz-32768.tsv	read	0	4	4194304	4194304	0	0	0	941877	942722
tests-f2a0b72b/micro/0-fastlz-32768.tsv	read	0	5	4194304	4194304	0	0	0	803295	804722
tests-f2a0b72b/micro/0-fastlz-32768.tsv	read	0	6	4194304	4194304	0	0	0	724446	725787
tests-f2a0b72b/micro/0-fastlz-32768.tsv	read	0	7	4194304	4194304	0	0	0	703010	704337
tests-f2a0b72b/micro/0-fastlz-32768.tsv	read	0	8	4194304	4194304	0	0	0	718937	720303
tests-f2a0b72b/micro/0-fastlz-32768.tsv	read	0	9	4194304	4194304	0	0	0	726644	728215
tests-f2a0b72b/micro/0-fastlz-4194304.tsv	encode	0	0	4194304	4194304	0	0	0	49575383	49639918
tests-f2a0b72b/micro/0-fastlz-4194304.tsv	encode	0	1	4194304	4194304	0	0	0	45230543	45288226
tests-f2a0b72b/micro/0-fastlz-4194304.tsv	read	0	0	4096	4096	0	0	0	4338	4722
tests-f2a0b72b/micro/0-fastlz-4194304.tsv	read	0	1	4096	4096	0	0	0	1601	1922
tests-f2a0b72b/micro/0-fastlz-4194304.tsv	read	0	2	4096	4096	0	0	0	1606	1909
tests-f2a0b72b/micro/0-fastlz-4194304.tsv	read	0	3	4096	4096	0	0	0	1634	1930
tests-f2a0b72b/micro/0-fastlz-4194304.tsv	read	0	4	4194304	4194304	0	0	0	989879	991279
tests-f2a0b72b/micro/0-fastlz-4194304.tsv	read	0	5	4194304	4194304	0	0	0	788134	789552
tests-f2a0b72b/micro/0-fastlz-4194304.tsv	read	0	6	4194304	4194304	0	0	0	732784	734067
tests-f2a0b72b/micro/0-fastlz-4194304.tsv	read	0	7	4194304	4194304	0	0	0	714419	715849
tests-f2a0b72b/micro/0-fastlz-4194304.tsv	read	0	8	4194304	4194304	0	0	0	755655	757335
tests-f2a0b72b/micro/0-fastlz-4194304.tsv	read	0	9	4194304	4194304	0	0	0	739287	740371
tests-f2a0b72b/micro/0-fastlz-65536.tsv	encode	0	0	4194304	4194304	0	0	0	50365648	50439756
tests-f2a0b72b/micro/0-fastlz-65536.tsv	encode	0	1	4194304	4194304	0	0	0	46847628	46913884
tests-f2a0b72b/micro/0-fastlz-65536.tsv	read	0	0	4096	4096	0	0	0	10292	10702
tests-f2a0b72b/micro/0-fastlz-65536.tsv	read	0	1	4096	4096	0	0	0	1865	2206
tests-f2a0b72b/micro/0-fastlz-65536.tsv	read	0	2	4096	4096	0	0	0	1749	2068
tests-f2a0b72b/micro/0-fastlz-65536.tsv	read	0	3	4096	4096	0	0	0	1742	2065
tests-f2a0b72b/micro/0-fastlz-65536.tsv	read	0	4	4194304	4194304	0	0	0	893488	894875
tests-f2a0b72b/micro/0-fastlz-65536.tsv	read	0	5	4194304	4194304	0	0	0	790339	791722
tests-f2a0b72b/micro/0-fastlz-65536.tsv	read	0	6	4194304	4194304	0	0	0	735309	736609
tests-f2a0b72b/micro/0-fastlz-65536.tsv	read	0	7	4194304	4194304	0	0	0	703669	704864
tests-f2a0b72b/micro/0-fastlz-65536.tsv	read	0	8	4194304	4194304	0	0	0	720467	721583
tests-f2a0b72b/micro/0-fastlz-65536.tsv	read	0	9	4194304	4194304	0	0	0	719027	720199
tests-f2a0b72b/micro/0-lz4-131072.tsv	encode	0	0	4194304	4194304	0	0	0	8219315	8222365
tests-f2a0b72b/micro/0-lz4-131072.tsv	encode	0	1	4194304	4194304	0	0	0	4606960	4681222
tests-f2a0b72b/micro/0-lz4-131072.tsv	read	0	0	4096	4096	0	0	0	4373	4806
tests-f2a0b72b/micro/0-lz4-131072.tsv	read	0	1	4096	4096	0	0	0	1771	2073
tests-f2a0b72b/micro/0-lz4-131072.tsv	read	0	2	4096	4096	0	0	0	1588	1890
tests-f2a0b72b/micro/0-lz4-131072.tsv	read	0	3	4096	4096	0	0	0	1585	1880
tests-f2a0b72b/micro/0-lz4-131072.tsv	read	0	4	4194304	4194304	0	0	0	872303	873737
tests-f2a0b72b/micro/0-lz4-131072.tsv	read	0	5	4194304	4194304	0	0	0	813468	814843
tests-f2a0b72b/micro/0-lz4-131072.tsv	read	0	6	4194304	4194304	0	0	0	773857	775105
tests-f2a0b72b/micro/0-lz4-131072.tsv	read	0	7	4194304	4194304	0	0	0	742990	744344
tests-f2a0b72b/micro/0-lz4-131072.tsv	read	0	8	4194304	4194304	0	0	0	751824	752919
tests-f2a0b72b/micro/0-lz4-131072.tsv	read	0	9	4194304	4194304	0	0	0	748298	749447
tests-f2a0b72b/micro/0-lz4-16384.tsv	encode	0	0	4194304	4194304	0	0	0	12794612	12862264
tests-f2a0b72b/micro/0-lz4-16384.tsv	encode	0	1	4194304	4194304	0	0	0	7753021	7754247
tests-f2a0b72b/micro/0-lz4-16384.tsv	read	0	0	4096	4096	0	0	0	4365	4746
tests-f2a0b72b/micro/0-lz4-16384.tsv	read	0	1	4096	4096	0	0	0	1655	1989
tests-f2a0b72b/micro/0-lz4-16384.tsv	read	0	2	4096	4096	0	0	0	1847	2158
tests-f2a0b72b/micro/0-lz4-16384.tsv	read	0	3	4096	4096	0	0	0	1629	1934
tests-f2a0b72b/micro/0-lz4-16384.tsv	read	0	4	4194304	4194304	0	0	0	1390014	1391598
tests-f2a0b72b/micro/0-lz4-16384.tsv	read	0	5	4194304	4194304	0	0	0	825978	827533
tests-f2a0b72b/micro/0-lz4-16384.tsv	read	0	6	4194304	4194304	0	0	0	744378	745887
tests-f2a0b72b/micro/0-lz4-16384.tsv	read	0	7	4194304	4194304	0	0	0	817602	819020
tests-f2a0b72b/micro/0-lz4-16384.tsv	read	0	8	4194304	4194304	0	0	0	727829	729328
tests-f2a0b72b/micro/0-lz4-16384.tsv	read	0	9	4194304	4194304	0	0	0	722031	723565
tests-f2a0b72b/micro/0-lz4-262144.tsv	encode	0	0	4194304	4194304	0	0	0	7470951	7474205
tests-f2a0b72b/micro/0-lz4-262144.tsv	encode	0	1	4194304	4194304	0	0	0	4351950	4353168
tests-f2a0b72b/micro/0-lz4-262144.tsv	read	0	0	4096	4096	0	0	0	3313	3743
tests-f2a0b72b/micro/0-lz4-262144.tsv	read	0	1	4096	4096	0	0	0	1751	2076
tests-f2a0b72b/micro/0-lz4-262144.tsv	read	0	2	4096	4096	0	0	0	1485	1818
tests-f2a0b72b/micro/0-lz4-262144.tsv	read	0	3	4096	4096	0	0	0	1500	1814
tests-f2a0b72b/micro/0-lz4-262144.tsv	read	0	4	4194304	4194304	0	0	0	925262	990923
tests-f2a0b72b/micro/0-lz4-262144.tsv	read	0	5	4194304	4194304	0	0	0	816533	818011
tests-f2a0b72b/micro/0-lz4-262144.tsv	read	0	6	4194304	4194304	0	0	0	772899	773915
tests-f2a0b72b/micro/0-lz4-262144.tsv	read	0	7	4194304	4194304	0	0	0	731102	732593
tests-f2a0b72b/micro/0-lz4-262144.tsv	read	0	8	4194304	4194304	0	0	0	747777	749077
tests-f2a0b72b/micro/0-lz4-262144.tsv	read	0	9	4194304	4194304	0	0	0	738121	739113
tests-f2a0b72b/micro/0-lz4-32768.tsv	encode	0	0	4194304	4194304	0	0	0	9860668	9863862
tests-f2a0b72b/micro/0-lz4-32768.tsv	encode	0	1	4194304	4194304	0	0	0	6787707	6854861
tests-f2a0b72b/micro/0-lz4-32768.tsv	read	0	0	4096	4096	0	0	0	4144	4604
tests-f2a0b72b/micro/0-lz4-32768.tsv	read	0	1	4096	4096	0	0	0	1646	1958
tests-f2a0b72b/micro/0-lz4-32768.tsv	read	0	2	4096	4096	0	0	0	1495	1808
tests-f2a0b72b/micro/0-lz4-32768.tsv	read	0	3	4096	4096	0	0	0	1456	1767
tests-f2a0b72b/micro/0-lz4-32768.tsv	read	0	4	4194304	4194304	0	0	0	914962	916289
tests-f2a0b72b/micro/0-lz4-32768.tsv	read	0	5	4194304	4194304	0	0	0	795474	797247
tests-f2a0b72b/micro/0-lz4-32768.tsv	read	0	6	4194304	4194304	0	0	0	748980	750613
tests-f2a0b72b/micro/0-lz4-32768.tsv	read	0	7	4194304	4194304	0	0	0	756873	758664
tests-f2a0b72b/micro/0-lz4-32768.tsv	read	0	8	4194304	4194304	0	0	0	732728	734231
tests-f2a0b72b/micro/0-lz4-32768.tsv	read	0	9	4194304	4194304	0	0	0	740455	741783
tests-f2a0b72b/micro/0-lz4-4194304.tsv	encode	0	0	4194304	4194304	0	0	0	6445551	6448804
tests-f2a0b72b/micro/0-lz4-4194304.tsv	encode	0	1	4194304	4194304	0	0	0	2061046	2062437
tests-f2a0b72b/micro/0-lz4-4194304.tsv	read	0	0	4096	4096	0	0	0	4177	4566
tests-f2a0b72b/micro/0-lz4-4194304.tsv	read	0	1	4096	4096	0	0	0	1763	2097
tests-f2a0b72b/micro/0-lz4-4194304.tsv	read	0	2	4096	4096	0	0	0	1762	2099
tests-f2a0b72b/micro/0-lz4-4194304.tsv	read	0	3	4096	4096	0	0	0	1626	1954
tests-f2a0b72b/micro/0-lz4-4194304.tsv	read	0	4	4194304	4194304	0	0	0	801309	802648
tests-f2a0b72b/micro/0-lz4-4194304.tsv	read	0	5	4194304	4194304	0	0	0	764585	766088
tests-f2a0b72b/micro/0-lz4-4194304.tsv	read	0	6	4194304	4194304	0	0	0	741162	742773
tests-f2a0b72b/micro/0-lz4-4194304.tsv	read	0	7	4194304	4194304	0	0	0	749261	750561
tests-f2a0b72b/micro/0-lz4-4194304.tsv	read	0	8	4194304	4194304	0	0	0	738289	739746
tests-f2a0b72b/micro/0-lz4-4194304.tsv	read	0	9	4194304	4194304	0	0	0	728498	729651
tests-f2a0b72b/micro/0-lz4-65536.tsv	encode	0	0	4194304	4194304	0	0	0	9018866	9022294
tests-f2a0b72b/micro/0-lz4-65536.tsv	encode	0	1	4194304	4194304	0	0	0	5739893	5829249
tests-f2a0b72b/micro/0-lz4-65536.tsv	read	0	0	4096	4096	0	0	0	10952	11325
tests-f2a0b72b/micro/0-lz4-65536.tsv	read	0	1	4096	4096	0	0	0	1715	2013
tests-f2a0b72b/micro/0-lz4-65536.tsv	read	0	2	4096	4096	0	0	0	1583	1880
tests-f2a0b72b/micro/0-lz4-65536.tsv	read	0	3	4096	4096	0	0	0	2097	2395
tests-f2a0b72b/micro/0-lz4-65536.tsv	read	0	4	4194304	4194304	0	0	0	937305	938659
tests-f2a0b72b/micro/0-lz4-65536.tsv	read	0	5	4194304	4194304	0	0	0	827360	828712
tests-f2a0b72b/micro/0-lz4-65536.tsv	read	0	6	4194304	4194304	0	0	0	771322	772747
tests-f2a0b72b/micro/0-lz4-65536.tsv	read	0	7	4194304	4194304	0	0	0	754312	755740
tests-f2a0b72b/micro/0-lz4-65536.tsv	read	0	8	4194304	4194304	0	0	0	742007	743400
tests-f2a0b72b/micro/0-lz4-65536.tsv	read	0	9	4194304	4194304	0	0	0	740877	742312
tests-f2a0b72b/micro/0-snappy-131072.tsv	encode	0	0	4194304	4194304	0	0	0	6614407	6617523
tests-f2a0b72b/micro/0-snappy-131072.tsv	encode	0	1	4194304	4194304	0	0	0	2766843	2768508
tests-f2a0b72b/micro/0-snappy-131072.tsv	read	0	0	4096	4096	0	0	0	4121	4531
tests-f2a0b72b/micro/0-snappy-131072.tsv	read	0	1	4096	4096	0	0	0	1648	1988
tests-f2a0b72b/micro/0-snappy-131072.tsv	read	0	2	4096	4096	0	0	0	1620	1923
tests-f2a0b72b/micro/0-snappy-131072.tsv	read	0	3	4096	4096	0	0	0	1535	1837
tests-f2a0b72b/micro/0-snappy-131072.tsv	read	0	4	4194304	4194304	0	0	0	850619	851983
tests-f2a0b72b/micro/0-snappy-131072.tsv	read	0	5	4194304	4194304	0	0	0	776710	778094
tests-f2a0b72b/micro/0-snappy-131072.tsv	read	0	6	4194304	4194304	0	0	0	741431	742930
tests-f2a0b72b/micro/0-snappy-131072.tsv	read	0	7	4194304	4194304	0	0	0	729468	730275
tests-f2a0b72b/micro/0-snappy-131072.tsv	read	0	8	4194304	4194304	0	0	0	743711	816305
tests-f2a0b72b/micro/0-snappy-131072.tsv	read	0	9	4194304	4194304	0	0	0	729187	730611
tests-f2a0b72b/micro/0-snappy-16384.tsv	encode	0	0	4194304	4194304	0	0	0	7327907	7331021
tests-f2a0b72b/micro/0-snappy-16384.tsv	encode	0	1	4194304	4194304	0	0	0	3673933	3675140
tests-f2a0b72b/micro/0-snappy-16384.tsv	read	0	0	4096	4096	0	0	0	4473	4937
tests-f2a0b72b/micro/0-snappy-16384.tsv	read	0	1	4096	4096	0	0	0	1691	2014
tests-f2a0b72b/micro/0-snappy-16384.tsv	read	0	2	4096	4096	0	0	0	1472	1783
tests-f2a0b72b/micro/0-snappy-16384.tsv	read	0	3	4096	4096	0	0	0	1431	1741
tests-f2a0b72b/micro/0-snappy-16384.tsv	read	0	4	4194304	4194304	0	0	0	842552	843958
tests-f2a0b72b/micro/0-snappy-16384.tsv	read	0	5	4194304	4194304	0	0	0	790254	859055
tests-f2a0b72b/micro/0-snappy-16384.tsv	read	0	6	4194304	4194304	0	0	0	743384	744962
tests-f2a0b72b/micro/0-snappy-16384.tsv	read	0	7	4194304	4194304	0	0	0	727906	729228
tests-f2a0b72b/micro/0-snappy-16384.tsv	read	0	8	4194304	4194304	0	0	0	731666	733095
tests-f2a0b72b/micro/0-snappy-16384.tsv	read	0	9	4194304	4194304	0	0	0	743869	745241
tests-f2a0b72b/micro/0-snappy-262144.tsv	encode	0	0	4194304	4194304	0	0	0	6613508	6617233
tests-f2a0b72b/micro/0-snappy-262144.tsv	encode	0	1	4194304	4194304	0	0	0	2762355	2763724
tests-f2a0b72b/micro/0-snappy-262144.tsv	read	0	0	4096	4096	0	0	0	4951	5386
tests-f2a0b72b/micro/0-snappy-262144.tsv	read	0	1	4096	4096	0	0	0	1701	2041
tests-f2a0b72b/micro/0-snappy-262144.tsv	read	0	2	4096	4096	0	0	0	1607	1931
tests-f2a0b72b/micro/0-snappy-262144.tsv	read	0	3	4096	4096	0	0	0	1638	1965
tests-f2a0b72b/micro/0-snappy-262144.tsv	read	0	4	4194304	4194304	0	0	0	871312	872711
tests-f2a0b72b/micro/0-snappy-262144.tsv	read	0	5	4194304	4194304	0	0	0	826827	915923
tests-f2a0b72b/micro/0-snappy-262144.tsv	read	0	6	4194304	4194304	0	0	0	744892	746379
tests-f2a0b72b/micro/0-snappy-262144.tsv	read	0	7	4194304	4194304	0	0	0	734932	735724
tests-f2a0b72b/micro/0-snappy-262144.tsv	read	0	8	4194304	4194304	0	0	0	728795	730219
tests-f2a0b72b/micro/0-snappy-262144.tsv	read	0	9	4194304	4194304	0	0	0	727100	728458
tests-f2a0b72b/micro/0-snappy-32768.tsv	encode	0	0	4194304	4194304	0	0	0	7009376	7012334
tests-f2a0b72b/micro/0-snappy-32768.tsv	encode	0	1	4194304	4194304	0	0	0	3453031	3454382
tests-f2a0b72b/micro/0-snappy-32768.tsv	read	0	0	4096	4096	0	0	0	3656	4059
tests-f2a0b72b/micro/0-snappy-32768.tsv	read	0	1	4096	4096	0	0	0	2049	2451
tests-f2a0b72b/micro/0-snappy-32768.tsv	read	0	2	4096	4096	0	0	0	1518	1828
tests-f2a0b72b/micro/0-snappy-32768.tsv	read	0	3	4096	4096	0	0	0	1597	1915
tests-f2a0b72b/micro/0-snappy-32768.tsv	read	0	4	4194304	4194304	0	0	0	863491	865033
tests-f2a0b72b/micro/0-snappy-32768.tsv	read	0	5	4194304	4194304	0	0	0	782990	784387
tests-f2a0b72b/micro/0-snappy-32768.tsv	read	0	6	4194304	4194304	0	0	0	744515	810719
tests-f2a0b72b/micro/0-snappy-32768.tsv	read	0	7	4194304	4194304	0	0	0	719508	720746
tests-f2a0b72b/micro/0-snappy-32768.tsv	read	0	8	4194304	4194304	0	0	0	756754	758162
tests-f2a0b72b/micro/0-snappy-32768.tsv	read	0	9	4194304	4194304	0	0	0	746160	747614
tests-f2a0b72b/micro/0-snappy-4194304.tsv	encode	0	0	4194304	4194304	0	0	0	5894855	5898256
tests-f2a0b72b/micro/0-snappy-4194304.tsv	encode	0	1	4194304	4194304	0	0	0	3694535	3696026
tests-f2a0b72b/micro/0-snappy-4194304.tsv	read	0	0	4096	4096	0	0	0	5131	5519
tests-f2a0b72b/micro/0-snappy-4194304.tsv	read	0	1	4096	4096	0	0	0	1864	2206
tests-f2a0b72b/micro/0-snappy-4194304.tsv	read	0	2	4096	4096	0	0	0	1547	1879
tests-f2a0b72b/micro/0-snappy-4194304.tsv	read	0	3	4096	4096	0	0	0	1566	1902
tests-f2a0b72b/micro/0-snappy-4194304.tsv	read	0	4	4194304	4194304	0	0	0	1056125	1057300
tests-f2a0b72b/micro/0-snappy-4194304.tsv	read	0	5	4194304	4194304	0	0	0	803088	804400
tests-f2a0b72b/micro/0-snappy-4194304.tsv	read	0	6	4194304	4194304	0	0	0	735630	737055
tests-f2a0b72b/micro/0-snappy-4194304.tsv	read	0	7	4194304	4194304	0	0	0	726458	727840
tests-f2a0b72b/micro/0-snappy-4194304.tsv	read	0	8	4194304	4194304	0	0	0	756823	824377
tests-f2a0b72b/micro/0-snappy-4194304.tsv	read	0	9	4194304	4194304	0	0	0	762967	763697
tests-f2a0b72b/micro/0-snappy-65536.tsv	encode	0	0	4194304	4194304	0	0	0	6349267	6352605
tests-f2a0b72b/micro/0-snappy-65536.tsv	encode	0	1	4194304	4194304	0	0	0	2886803	2888484
tests-f2a0b72b/micro/0-snappy-65536.tsv	read	0	0	4096	4096	0	0	0	3391	3785
tests-f2a0b72b/micro/0-snappy-65536.tsv	read	0	1	4096	4096	0	0	0	1792	2104
tests-f2a0b72b/micro/0-snappy-65536.tsv	read	0	2	4096	4096	0	0	0	1582	1894
tests-f2a0b72b/micro/0-snappy-65536.tsv	read	0	3	4096	4096	0	0	0	1851	2196
tests-f2a0b72b/micro/0-snappy-65536.tsv	read	0	4	4194304	4194304	0	0	0	855297	856717
tests-f2a0b72b/micro/0-snappy-65536.tsv	read	0	5	4194304	4194304	0	0	0	787670	789213
tests-f2a0b72b/micro/0-snappy-65536.tsv	read	0	6	4194304	4194304	0	0	0	735001	736602
tests-f2a0b72b/micro/0-snappy-65536.tsv	read	0	7	4194304	4194304	0	0	0	737388	738886
tests-f2a0b72b/micro/0-snappy-65536.tsv	read	0	8	4194304	4194304	0	0	0	766156	831410
tests-f2a0b72b/micro/0-snappy-65536.tsv	read	0	9	4194304	4194304	0	0	0	726470	727791
tests-f2a0b72b/micro/0-zstd-1-131072.tsv	encode	0	0	4194304	4194304	0	0	0	8373063	8376459
tests-f2a0b72b/micro/0-zstd-1-131072.tsv	encode	0	1	4194304	4194304	0	0	0	4873282	4938229
tests-f2a0b72b/micro/0-zstd-1-131072.tsv	read	0	0	4096	4096	0	0	0	4597	4981
tests-f2a0b72b/micro/0-zstd-1-131072.tsv	read	0	1	4096	4096	0	0	0	1663	1957
tests-f2a0b72b/micro/0-zstd-1-131072.tsv	read	0	2	4096	4096	0	0	0	1532	1831
tests-f2a0b72b/micro/0-zstd-1-131072.tsv	read	0	3	4096	4096	0	0	0	1818	2116
tests-f2a0b72b/micro/0-zstd-1-131072.tsv	read	0	4	4194304	4194304	0	0	0	868211	869782
tests-f2a0b72b/micro/0-zstd-1-131072.tsv	read	0	5	4194304	4194304	0	0	0	803083	804595
tests-f2a0b72b/micro/0-zstd-1-131072.tsv	read	0	6	4194304	4194304	0	0	0	763023	764570
tests-f2a0b72b/micro/0-zstd-1-131072.tsv	read	0	7	4194304	4194304	0	0	0	769503	770325
tests-f2a0b72b/micro/0-zstd-1-131072.tsv	read	0	8	4194304	4194304	0	0	0	760097	761339
tests-f2a0b72b/micro/0-zstd-1-131072.tsv	read	0	9	4194304	4194304	0	0	0	755424	756705
tests-f2a0b72b/micro/0-zstd-1-16384.tsv	encode	0	0	4194304	4194304	0	0	0	19622585	19689006
tests-f2a0b72b/micro/0-zstd-1-16384.tsv	encode	0	1	4194304	4194304	0	0	0	15695966	15697619
tests-f2a0b72b/micro/0-zstd-1-16384.tsv	read	0	0	4096	4096	0	0	0	4193	4617
tests-f2a0b72b/micro/0-zstd-1-16384.tsv	read	0	1	4096	4096	0	0	0	1670	1984
tests-f2a0b72b/micro/0-zstd-1-16384.tsv	read	0	2	4096	4096	0	0	0	1500	1848
tests-f2a0b72b/micro/0-zstd-1-16384.tsv	read	0	3	4096	4096	0	0	0	1528	1848
tests-f2a0b72b/micro/0-zstd-1-16384.tsv	read	0	4	4194304	4194304	0	0	0	859195	860661
tests-f2a0b72b/micro/0-zstd-1-16384.tsv	read	0	5	4194304	4194304	0	0	0	795710	797325
tests-f2a0b72b/micro/0-zstd-1-16384.tsv	read	0	6	4194304	4194304	0	0	0	767493	768416
tests-f2a0b72b/micro/0-zstd-1-16384.tsv	read	0	7	4194304	4194304	0	0	0	726693	727999
tests-f2a0b72b/micro/0-zstd-1-16384.tsv	read	0	8	4194304	4194304	0	0	0	736802	737983
tests-f2a0b72b/micro/0-zstd-1-16384.tsv	read	0	9	4194304	4194304	0	0	0	725660	726798
tests-f2a0b72b/micro/0-zstd-1-262144.tsv	encode	0	0	4194304	4194304	0	0	0	8306179	8309946
tests-f2a0b72b/micro/0-zstd-1-262144.tsv	encode	0	1	4194304	4194304	0	0	0	5191205	5295757
tests-f2a0b72b/micro/0-zstd-1-262144.tsv	read	0	0	4096	4096	0	0	0	3536	3947
tests-f2a0b72b/micro/0-zstd-1-262144.tsv	read	0	1	4096	4096	0	0	0	1560	1884
tests-f2a0b72b/micro/0-zstd-1-262144.tsv	read	0	2	4096	4096	0	0	0	1626	1937
tests-f2a0b72b/micro/0-zstd-1-262144.tsv	read	0	3	4096	4096	0	0	0	1637	1951
tests-f2a0b72b/micro/0-zstd-1-262144.tsv	read	0	4	4194304	4194304	0	0	0	918783	920004
tests-f2a0b72b/micro/0-zstd-1-262144.tsv	read	0	5	4194304	4194304	0	0	0	873033	873788
tests-f2a0b72b/micro/0-zstd-1-262144.tsv	read	0	6	4194304	4194304	0	0	0	771944	773122
tests-f2a0b72b/micro/0-zstd-1-262144.tsv	read	0	7	4194304	4194304	0	0	0	754022	755213
tests-f2a0b72b/micro/0-zstd-1-262144.tsv	read	0	8	4194304	4194304	0	0	0	760662	762056
tests-f2a0b72b/micro/0-zstd-1-262144.tsv	read	0	9	4194304	4194304	0	0	0	756979	758336
tests-f2a0b72b/micro/0-zstd-1-32768.tsv	encode	0	0	4194304	4194304	0	0	0	15500746	15570911
tests-f2a0b72b/micro/0-zstd-1-32768.tsv	encode	0	1	4194304	4194304	0	0	0	11046438	11047983
tests-f2a0b72b/micro/0-zstd-1-32768.tsv	read	0	0	4096	4096	0	0	0	3456	3840
tests-f2a0b72b/micro/0-zstd-1-32768.tsv	read	0	1	4096	4096	0	0	0	1628	1963
tests-f2a0b72b/micro/0-zstd-1-32768.tsv	read	0	2	4096	4096	0	0	0	1797	2158
tests-f2a0b72b/micro/0-zstd-1-32768.tsv	read	0	3	4096	4096	0	0	0	1472	1804
tests-f2a0b72b/micro/0-zstd-1-32768.tsv	read	0	4	4194304	4194304	0	0	0	1333048	1334247
tests-f2a0b72b/micro/0-zstd-1-32768.tsv	read	0	5	4194304	4194304	0	0	0	805102	806084
tests-f2a0b72b/micro/0-zstd-1-32768.tsv	read	0	6	4194304	4194304	0	0	0	770973	772161
tests-f2a0b72b/micro/0-zstd-1-32768.tsv	read	0	7	4194304	4194304	0	0	0	830649	831664
tests-f2a0b72b/micro/0-zstd-1-32768.tsv	read	0	8	4194304	4194304	0	0	0	733241	734323
tests-f2a0b72b/micro/0-zstd-1-32768.tsv	read	0	9	4194304	4194304	0	0	0	726010	727063
tests-f2a0b72b/micro/0-zstd-1-4194304.tsv	encode	0	0	4194304	4194304	0	0	0	7841835	7845668
tests-f2a0b72b/micro/0-zstd-1-4194304.tsv	encode	0	1	4194304	4194304	0	0	0	3840815	3842494
tests-f2a0b72b/micro/0-zstd-1-4194304.tsv	read	0	0	4096	4096	0	0	0	4391	4794
tests-f2a0b72b/micro/0-zstd-1-4194304.tsv	read	0	1	4096	4096	0	0	0	1839	2157
tests-f2a0b72b/micro/0-zstd-1-4194304.tsv	read	0	2	4096	4096	0	0	0	1677	2024
tests-f2a0b72b/micro/0-zstd-1-4194304.tsv	read	0	3	4096	4096	0	0	0	1433	1733
tests-f2a0b72b/micro/0-zstd-1-4194304.tsv	read	0	4	4194304	4194304	0	0	0	993197	994344
tests-f2a0b72b/micro/0-zstd-1-4194304.tsv	read	0	5	4194304	4194304	0	0	0	783574	848969
tests-f2a0b72b/micro/0-zstd-1-4194304.tsv	read	0	6	4194304	4194304	0	0	0	749884	751128
tests-f2a0b72b/micro/0-zstd-1-4194304.tsv	read	0	7	4194304	4194304	0	0	0	745748	767709
tests-f2a0b72b/micro/0-zstd-1-4194304.tsv	read	0	8	4194304	4194304	0	0	0	745941	746999
tests-f2a0b72b/micro/0-zstd-1-4194304.tsv	read	0	9	4194304	4194304	0	0	0	733320	734393
tests-f2a0b72b/micro/0-zstd-1-65536.tsv	encode	0	0	4194304	4194304	0	0	0	10210411	10214111
tests-f2a0b72b/micro/0-zstd-1-65536.tsv	encode	0	1	4194304	4194304	0	0	0	6989887	7068167
tests-f2a0b72b/micro/0-zstd-1-65536.tsv	read	0	0	4096	4096	0	0	0	10535	10971
tests-f2a0b72b/micro/0-zstd-1-65536.tsv	read	0	1	4096	4096	0	0	0	1729	2066
tests-f2a0b72b/micro/0-zstd-1-65536.tsv	read	0	2	4096	4096	0	0	0	1841	2151
tests-f2a0b72b/micro/0-zstd-1-65536.tsv	read	0	3	4096	4096	0	0	0	1494	1797
tests-f2a0b72b/micro/0-zstd-1-65536.tsv	read	0	4	4194304	4194304	0	0	0	932456	933970
tests-f2a0b72b/micro/0-zstd-1-65536.tsv	read	0	5	4194304	4194304	0	0	0	815055	816401
tests-f2a0b72b/micro/0-zstd-1-65536.tsv	read	0	6	4194304	4194304	0	0	0	773983	775386
tests-f2a0b72b/micro/0-zstd-1-65536.tsv	read	0	7	4194304	4194304	0	0	0	753426	754209
tests-f2a0b72b/micro/0-zstd-1-65536.tsv	read	0	8	4194304	4194304	0	0	0	753279	755013
tests-f2a0b72b/micro/0-zstd-1-65536.tsv	read	0	9	4194304	4194304	0	0	0	747884	749269
tests-f2a0b72b/micro/0-zstd-3-131072.tsv	encode	0	0	4194304	4194304	0	0	0	9850652	9853984
tests-f2a0b72b/micro/0-zstd-3-131072.tsv	encode	0	1	4194304	4194304	0	0	0	6046557	6112536
tests-f2a0b72b/micro/0-zstd-3-131072.tsv	read	0	0	4096	4096	0	0	0	4369	4784
tests-f2a0b72b/micro/0-zstd-3-131072.tsv	read	0	1	4096	4096	0	0	0	1901	2240
tests-f2a0b72b/micro/0-zstd-3-131072.tsv	read	0	2	4096	4096	0	0	0	1633	1942
tests-f2a0b72b/micro/0-zstd-3-131072.tsv	read	0	3	4096	4096	0	0	0	1490	1804
tests-f2a0b72b/micro/0-zstd-3-131072.tsv	read	0	4	4194304	4194304	0	0	0	868039	869430
tests-f2a0b72b/micro/0-zstd-3-131072.tsv	read	0	5	4194304	4194304	0	0	0	786343	787737
tests-f2a0b72b/micro/0-zstd-3-131072.tsv	read	0	6	4194304	4194304	0	0	0	753777	755138
tests-f2a0b72b/micro/0-zstd-3-131072.tsv	read	0	7	4194304	4194304	0	0	0	733004	734432
tests-f2a0b72b/micro/0-zstd-3-131072.tsv	read	0	8	4194304	4194304	0	0	0	755537	756993
tests-f2a0b72b/micro/0-zstd-3-131072.tsv	read	0	9	4194304	4194304	0	0	0	753578	754585
tests-f2a0b72b/micro/0-zstd-3-16384.tsv	encode	0	0	4194304	4194304	0	0	0	26185995	26254619
tests-f2a0b72b/micro/0-zstd-3-16384.tsv	encode	0	1	4194304	4194304	0	0	0	22472841	22530872
tests-f2a0b72b/micro/0-zstd-3-16384.tsv	read	0	0	4096	4096	0	0	0	4190	4595
tests-f2a0b72b/micro/0-zstd-3-16384.tsv	read	0	1	4096	4096	0	0	0	1632	1923
tests-f2a0b72b/micro/0-zstd-3-16384.tsv	read	0	2	4096	4096	0	0	0	1778	2069
tests-f2a0b72b/micro/0-zstd-3-16384.tsv	read	0	3	4096	4096	0	0	0	1532	1826
tests-f2a0b72b/micro/0-zstd-3-16384.tsv	read	0	4	4194304	4194304	0	0	0	835977	837258
tests-f2a0b72b/micro/0-zstd-3-16384.tsv	read	0	5	4194304	4194304	0	0	0	768122	769477
tests-f2a0b72b/micro/0-zstd-3-16384.tsv	read	0	6	4194304	4194304	0	0	0	750986	751703
tests-f2a0b72b/micro/0-zstd-3-16384.tsv	read	0	7	4194304	4194304	0	0	0	716010	717455
tests-f2a0b72b/micro/0-zstd-3-16384.tsv	read	0	8	4194304	4194304	0	0	0	741185	742511
tests-f2a0b72b/micro/0-zstd-3-16384.tsv	read	0	9	4194304	4194304	0	0	0	726878	728181
tests-f2a0b72b/micro/0-zstd-3-262144.tsv	encode	0	0	4194304	4194304	0	0	0	9499769	9503091
tests-f2a0b72b/micro/0-zstd-3-262144.tsv	encode	0	1	4194304	4194304	0	0	0	6387174	6454869
tests-f2a0b72b/micro/0-zstd-3-262144.tsv	read	0	0	4096	4096	0	0	0	3362	3764
tests-f2a0b72b/micro/0-zstd-3-262144.tsv	read	0	1	4096	4096	0	0	0	1813	2155
tests-f2a0b72b/micro/0-zstd-3-262144.tsv	read	0	2	4096	4096	0	0	0	1735	2037
tests-f2a0b72b/micro/0-zstd-3-262144.tsv	read	0	3	4096	4096	0	0	0	1501	1808
tests-f2a0b72b/micro/0-zstd-3-262144.tsv	read	0	4	4194304	4194304	0	0	0	889280	890785
tests-f2a0b72b/micro/0-zstd-3-262144.tsv	read	0	5	4194304	4194304	0	0	0	775629	777008
tests-f2a0b72b/micro/0-zstd-3-262144.tsv	read	0	6	4194304	4194304	0	0	0	741004	742331
tests-f2a0b72b/micro/0-zstd-3-262144.tsv	read	0	7	4194304	4194304	0	0	0	736056	737458
tests-f2a0b72b/micro/0-zstd-3-262144.tsv	read	0	8	4194304	4194304	0	0	0	742755	744121
tests-f2a0b72b/micro/0-zstd-3-262144.tsv	read	0	9	4194304	4194304	0	0	0	730978	732396
tests-f2a0b72b/micro/0-zstd-3-32768.tsv	encode	0	0	4194304	4194304	0	0	0	19944407	20020154
tests-f2a0b72b/micro/0-zstd-3-32768.tsv	encode	0	1	4194304	4194304	0	0	0	16554641	16556514
tests-f2a0b72b/micro/0-zstd-3-32768.tsv	read	0	0	4096	4096	0	0	0	4442	4886
tests-f2a0b72b/micro/0-zstd-3-32768.tsv	read	0	1	4096	4096	0	0	0	2018	2354
tests-f2a0b72b/micro/0-zstd-3-32768.tsv	read	0	2	4096	4096	0	0	0	1581	1915
tests-f2a0b72b/micro/0-zstd-3-32768.tsv	read	0	3	4096	4096	0	0	0	1589	1898
tests-f2a0b72b/micro/0-zstd-3-32768.tsv	read	0	4	4194304	4194304	0	0	0	905583	907114
tests-f2a0b72b/micro/0-zstd-3-32768.tsv	read	0	5	4194304	4194304	0	0	0	778621	780045
tests-f2a0b72b/micro/0-zstd-3-32768.tsv	read	0	6	4194304	4194304	0	0	0	732680	734097
tests-f2a0b72b/micro/0-zstd-3-32768.tsv	read	0	7	4194304	4194304	0	0	0	743621	744459
tests-f2a0b72b/micro/0-zstd-3-32768.tsv	read	0	8	4194304	4194304	0	0	0	745621	766308
tests-f2a0b72b/micro/0-zstd-3-32768.tsv	read	0	9	4194304	4194304	0	0	0	725278	726609
tests-f2a0b72b/micro/0-zstd-3-4194304.tsv	encode	0	0	4194304	4194304	0	0	0	10046277	10049690
tests-f2a0b72b/micro/0-zstd-3-4194304.tsv	encode	0	1	4194304	4194304	0	0	0	5481630	5550179
tests-f2a0b72b/micro/0-zstd-3-4194304.tsv	read	0	0	4096	4096	0	0	0	4566	4995
tests-f2a0b72b/micro/0-zstd-3-4194304.tsv	read	0	1	4096	4096	0	0	0	1544	1876
tests-f2a0b72b/micro/0-zstd-3-4194304.tsv	read	0	2	4096	4096	0	0	0	1878	2218
tests-f2a0b72b/micro/0-zstd-3-4194304.tsv	read	0	3	4096	4096	0	0	0	1455	1816
tests-f2a0b72b/micro/0-zstd-3-4194304.tsv	read	0	4	4194304	4194304	0	0	0	1002079	1003597
tests-f2a0b72b/micro/0-zstd-3-4194304.tsv	read	0	5	4194304	4194304	0	0	0	818706	820170
tests-f2a0b72b/micro/0-zstd-3-4194304.tsv	read	0	6	4194304	4194304	0	0	0	738082	739416
tests-f2a0b72b/micro/0-zstd-3-4194304.tsv	read	0	7	4194304	4194304	0	0	0	713942	715338
tests-f2a0b72b/micro/0-zstd-3-4194304.tsv	read	0	8	4194304	4194304	0	0	0	728802	730038
tests-f2a0b72b/micro/0-zstd-3-4194304.tsv	read	0	9	4194304	4194304	0	0	0	728606	729985
tests-f2a0b72b/micro/0-zstd-3-65536.tsv	encode	0	0	4194304	4194304	0	0	0	12416940	12487806
tests-f2a0b72b/micro/0-zstd-3-65536.tsv	encode	0	1	4194304	4194304	0	0	0	9281492	9282868
tests-f2a0b72b/micro/0-zstd-3-65536.tsv	read	0	0	4096	4096	0	0	0	9966	10352
tests-f2a0b72b/micro/0-zstd-3-65536.tsv	read	0	1	4096	4096	0	0	0	1947	2305
tests-f2a0b72b/micro/0-zstd-3-65536.tsv	read	0	2	4096	4096	0	0	0	1532	1878
tests-f2a0b72b/micro/0-zstd-3-65536.tsv	read	0	3	4096	4096	0	0	0	1583	1921
tests-f2a0b72b/micro/0-zstd-3-65536.tsv	read	0	4	4194304	4194304	0	0	0	886049	887537
tests-f2a0b72b/micro/0-zstd-3-65536.tsv	read	0	5	4194304	4194304	0	0	0	770861	772208
tests-f2a0b72b/micro/0-zstd-3-65536.tsv	read	0	6	4194304	4194304	0	0	0	731014	732493
tests-f2a0b72b/micro/0-zstd-3-65536.tsv	read	0	7	4194304	4194304	0	0	0	727452	728852
tests-f2a0b72b/micro/0-zstd-3-65536.tsv	read	0	8	4194304	4194304	0	0	0	746092	747375
tests-f2a0b72b/micro/0-zstd-3-65536.tsv	read	0	9	4194304	4194304	0	0	0	727331	728706
tests-f2a0b72b/micro/0-zstd-fast-131072.tsv	encode	0	0	4194304	4194304	0	0	0	7771421	7774548
tests-f2a0b72b/micro/0-zstd-fast-131072.tsv	encode	0	1	4194304	4194304	0	0	0	4243961	4245331
tests-f2a0b72b/micro/0-zstd-fast-131072.tsv	read	0	0	4096	4096	0	0	0	4407	4818
tests-f2a0b72b/micro/0-zstd-fast-131072.tsv	read	0	1	4096	4096	0	0	0	1725	2076
tests-f2a0b72b/micro/0-zstd-fast-131072.tsv	read	0	2	4096	4096	0	0	0	1600	1931
tests-f2a0b72b/micro/0-zstd-fast-131072.tsv	read	0	3	4096	4096	0	0	0	1719	2073
tests-f2a0b72b/micro/0-zstd-fast-131072.tsv	read	0	4	4194304	4194304	0	0	0	873324	938263
tests-f2a0b72b/micro/0-zstd-fast-131072.tsv	read	0	5	4194304	4194304	0	0	0	780272	781608
tests-f2a0b72b/micro/0-zstd-fast-131072.tsv	read	0	6	4194304	4194304	0	0	0	766185	767547
tests-f2a0b72b/micro/0-zstd-fast-131072.tsv	read	0	7	4194304	4194304	0	0	0	745856	747253
tests-f2a0b72b/micro/0-zstd-fast-131072.tsv	read	0	8	4194304	4194304	0	0	0	736466	737830
tests-f2a0b72b/micro/0-zstd-fast-131072.tsv	read	0	9	4194304	4194304	0	0	0	733710	735167
tests-f2a0b72b/micro/0-zstd-fast-16384.tsv	encode	0	0	4194304	4194304	0	0	0	14098091	14162269
tests-f2a0b72b/micro/0-zstd-fast-16384.tsv	encode	0	1	4194304	4194304	0	0	0	10281236	10282740
tests-f2a0b72b/micro/0-zstd-fast-16384.tsv	read	0	0	4096	4096	0	0	0	3359	3727
tests-f2a0b72b/micro/0-zstd-fast-16384.tsv	read	0	1	4096	4096	0	0	0	1878	2181
tests-f2a0b72b/micro/0-zstd-fast-16384.tsv	read	0	2	4096	4096	0	0	0	1500	1823
tests-f2a0b72b/micro/0-zstd-fast-16384.tsv	read	0	3	4096	4096	0	0	0	1573	1868
tests-f2a0b72b/micro/0-zstd-fast-16384.tsv	read	0	4	4194304	4194304	0	0	0	882407	883655
tests-f2a0b72b/micro/0-zstd-fast-16384.tsv	read	0	5	4194304	4194304	0	0	0	807936	809178
tests-f2a0b72b/micro/0-zstd-fast-16384.tsv	read	0	6	4194304	4194304	0	0	0	764400	765461
tests-f2a0b72b/micro/0-zstd-fast-16384.tsv	read	0	7	4194304	4194304	0	0	0	742629	743637
tests-f2a0b72b/micro/0-zstd-fast-16384.tsv	read	0	8	4194304	4194304	0	0	0	746683	747755
tests-f2a0b72b/micro/0-zstd-fast-16384.tsv	read	0	9	4194304	4194304	0	0	0	735466	736767
tests-f2a0b72b/micro/0-zstd-fast-262144.tsv	encode	0	0	4194304	4194304	0	0	0	7627931	7631492
tests-f2a0b72b/micro/0-zstd-fast-262144.tsv	encode	0	1	4194304	4194304	0	0	0	4521237	4522558
tests-f2a0b72b/micro/0-zstd-fast-262144.tsv	read	0	0	4096	4096	0	0	0	7402	7817
tests-f2a0b72b/micro/0-zstd-fast-262144.tsv	read	0	1	4096	4096	0	0	0	1658	1980
tests-f2a0b72b/micro/0-zstd-fast-262144.tsv	read	0	2	4096	4096	0	0	0	1589	1908
tests-f2a0b72b/micro/0-zstd-fast-262144.tsv	read	0	3	4096	4096	0	0	0	1568	1886
tests-f2a0b72b/micro/0-zstd-fast-262144.tsv	read	0	4	4194304	4194304	0	0	0	921237	983218
tests-f2a0b72b/micro/0-zstd-fast-262144.tsv	read	0	5	4194304	4194304	0	0	0	803530	804670
tests-f2a0b72b/micro/0-zstd-fast-262144.tsv	read	0	6	4194304	4194304	0	0	0	757668	759087
tests-f2a0b72b/micro/0-zstd-fast-262144.tsv	read	0	7	4194304	4194304	0	0	0	733735	734614
tests-f2a0b72b/micro/0-zstd-fast-262144.tsv	read	0	8	4194304	4194304	0	0	0	769580	770706
tests-f2a0b72b/micro/0-zstd-fast-262144.tsv	read	0	9	4194304	4194304	0	0	0	745458	746562
tests-f2a0b72b/micro/0-zstd-fast-32768.tsv	encode	0	0	4194304	4194304	0	0	0	10791122	10794680
tests-f2a0b72b/micro/0-zstd-fast-32768.tsv	encode	0	1	4194304	4194304	0	0	0	6173647	6238537
tests-f2a0b72b/micro/0-zstd-fast-32768.tsv	read	0	0	4096	4096	0	0	0	9756	10167
tests-f2a0b72b/micro/0-zstd-fast-32768.tsv	read	0	1	4096	4096	0	0	0	1860	2176
tests-f2a0b72b/micro/0-zstd-fast-32768.tsv	read	0	2	4096	4096	0	0	0	1605	1920
tests-f2a0b72b/micro/0-zstd-fast-32768.tsv	read	0	3	4096	4096	0	0	0	1593	1908
tests-f2a0b72b/micro/0-zstd-fast-32768.tsv	read	0	4	4194304	4194304	0	0	0	1385451	1386931
tests-f2a0b72b/micro/0-zstd-fast-32768.tsv	read	0	5	4194304	4194304	0	0	0	817081	817922
tests-f2a0b72b/micro/0-zstd-fast-32768.tsv	read	0	6	4194304	4194304	0	0	0	760398	761722
tests-f2a0b72b/micro/0-zstd-fast-32768.tsv	read	0	7	4194304	4194304	0	0	0	842080	843649
tests-f2a0b72b/micro/0-zstd-fast-32768.tsv	read	0	8	4194304	4194304	0	0	0	756495	758098
tests-f2a0b72b/micro/0-zstd-fast-32768.tsv	read	0	9	4194304	4194304	0	0	0	764706	766224
tests-f2a0b72b/micro/0-zstd-fast-4194304.tsv	encode	0	0	4194304	4194304	0	0	0	7332083	7335273
tests-f2a0b72b/micro/0-zstd-fast-4194304.tsv	encode	0	1	4194304	4194304	0	0	0	3210090	3211864
tests-f2a0b72b/micro/0-zstd-fast-4194304.tsv	read	0	0	4096	4096	0	0	0	3797	4190
tests-f2a0b72b/micro/0-zstd-fast-4194304.tsv	read	0	1	4096	4096	0	0	0	1701	2031
tests-f2a0b72b/micro/0-zstd-fast-4194304.tsv	read	0	2	4096	4096	0	0	0	1484	1839
tests-f2a0b72b/micro/0-zstd-fast-4194304.tsv	read	0	3	4096	4096	0	0	0	1586	1920
tests-f2a0b72b/micro/0-zstd-fast-4194304.tsv	read	0	4	4194304	4194304	0	0	0	980202	981456
tests-f2a0b72b/micro/0-zstd-fast-4194304.tsv	read	0	5	4194304	4194304	0	0	0	787431	788751
tests-f2a0b72b/micro/0-zstd-fast-4194304.tsv	read	0	6	4194304	4194304	0	0	0	763765	827137
tests-f2a0b72b/micro/0-zstd-fast-4194304.tsv	read	0	7	4194304	4194304	0	0	0	751010	752334
tests-f2a0b72b/micro/0-zstd-fast-4194304.tsv	read	0	8	4194304	4194304	0	0	0	779615	780952
tests-f2a0b72b/micro/0-zstd-fast-4194304.tsv	read	0	9	4194304	4194304	0	0	0	756319	757682
tests-f2a0b72b/micro/0-zstd-fast-65536.tsv	encode	0	0	4194304	4194304	0	0	0	9408290	9411943
tests-f2a0b72b/micro/0-zstd-fast-65536.tsv	encode	0	1	4194304	4194304	0	0	0	5738060	5818424
tests-f2a0b72b/micro/0-zstd-fast-65536.tsv	read	0	0	4096	4096	0	0	0	9733	10143
tests-f2a0b72b/micro/0-zstd-fast-65536.tsv	read	0	1	4096	4096	0	0	0	1787	2116
tests-f2a0b72b/micro/0-zstd-fast-65536.tsv	read	0	2	4096	4096	0	0	0	1592	1895
tests-f2a0b72b/micro/0-zstd-fast-65536.tsv	read	0	3	4096	4096	0	0	0	1574	1878
tests-f2a0b72b/micro/0-zstd-fast-65536.tsv	read	0	4	4194304	4194304	0	0	0	935554	937074
tests-f2a0b72b/micro/0-zstd-fast-65536.tsv	read	0	5	4194304	4194304	0	0	0	845304	846908
tests-f2a0b72b/micro/0-zstd-fast-65536.tsv	read	0	6	4194304	4194304	0	0	0	753933	755331
tests-f2a0b72b/micro/0-zstd-fast-65536.tsv	read	0	7	4194304	4194304	0	0	0	717702	719075
tests-f2a0b72b/micro/0-zstd-fast-65536.tsv	read	0	8	4194304	4194304	0	0	0	733362	734896
tests-f2a0b72b/micro/0-zstd-fast-65536.tsv	read	0	9	4194304	4194304	0	0	0	743057	744574
tests-f2a0b72b/micro/1-fastlz-131072.tsv	encode	0	0	4194304	16736	429	1	0	11832325	11835833
tests-f2a0b72b/micro/1-fastlz-131072.tsv	encode	0	1	4194304	16736	429	1	0	11184233	11245652
tests-f2a0b72b/micro/1-fastlz-131072.tsv	read	0	0	4096	523	0	0	1	424484	424968
tests-f2a0b72b/micro/1-fastlz-131072.tsv	read	0	1	4096	523	0	0	1	345200	345610
tests-f2a0b72b/micro/1-fastlz-131072.tsv	read	0	2	4096	523	0	0	1	345583	345987
tests-f2a0b72b/micro/1-fastlz-131072.tsv	read	0	3	4096	523	0	0	1	344425	344830
tests-f2a0b72b/micro/1-fastlz-131072.tsv	read	0	4	4194304	16736	0	0	32	13063209	13064644
tests-f2a0b72b/micro/1-fastlz-131072.tsv	read	0	5	4194304	16736	0	0	32	11124687	11126673
tests-f2a0b72b/micro/1-fastlz-131072.tsv	read	0	6	4194304	17259	0	0	33	11544564	11546105
tests-f2a0b72b/micro/1-fastlz-131072.tsv	read	0	7	4194304	17259	0	0	33	11496924	11551984
tests-f2a0b72b/micro/1-fastlz-131072.tsv	read	0	8	4194304	17259	0	0	33	11565864	11568038
tests-f2a0b72b/micro/1-fastlz-131072.tsv	read	0	9	4194304	17259	0	0	33	11769748	11771926
tests-f2a0b72b/micro/1-fastlz-16384.tsv	encode	0	0	4194304	50176	3119	1	0	12667758	12671028
tests-f2a0b72b/micro/1-fastlz-16384.tsv	encode	0	1	4194304	50176	3119	1	0	12403827	12467526
tests-f2a0b72b/micro/1-fastlz-16384.tsv	read	0	0	4096	196	0	0	1	94662	95131
tests-f2a0b72b/micro/1-fastlz-16384.tsv	read	0	1	4096	196	0	0	1	55728	56065
tests-f2a0b72b/micro/1-fastlz-16384.tsv	read	0	2	4096	196	0	0	1	55825	56136
tests-f2a0b72b/micro/1-fastlz-16384.tsv	read	0	3	4096	196	0	0	1	54788	55101
tests-f2a0b72b/micro/1-fastlz-16384.tsv	read	0	4	4194304	50176	0	0	256	12941580	12943609
tests-f2a0b72b/micro/1-fastlz-16384.tsv	read	0	5	4194304	50176	0	0	256	11462443	11464376
tests-f2a0b72b/micro/1-fastlz-16384.tsv	read	0	6	4194304	50372	0	0	257	11603596	11605241
tests-f2a0b72b/micro/1-fastlz-16384.tsv	read	0	7	4194304	50372	0	0	257	11450334	11502552
tests-f2a0b72b/micro/1-fastlz-16384.tsv	read	0	8	4194304	50372	0	0	257	11464205	11466007
tests-f2a0b72b/micro/1-fastlz-16384.tsv	read	0	9	4194304	50372	0	0	257	11475806	11477592
tests-f2a0b72b/micro/1-fastlz-262144.tsv	encode	0	0	4194304	16592	234	1	0	11318427	11386270
tests-f2a0b72b/micro/1-fastlz-262144.tsv	encode	0	1	4194304	16592	234	1	0	10850366	10851446
tests-f2a0b72b/micro/1-fastlz-262144.tsv	read	0	0	4096	1037	0	0	1	710485	710912
tests-f2a0b72b/micro/1-fastlz-262144.tsv	read	0	1	4096	1037	0	0	1	663206	663610
tests-f2a0b72b/micro/1-fastlz-262144.tsv	read	0	2	4096	1037	0	0	1	678770	679269
tests-f2a0b72b/micro/1-fastlz-262144.tsv	read	0	3	4096	1037	0	0	1	659523	659950
tests-f2a0b72b/micro/1-fastlz-262144.tsv	read	0	4	4194304	16592	0	0	16	12956565	12958814
tests-f2a0b72b/micro/1-fastlz-262144.tsv	read	0	5	4194304	16592	0	0	16	11489447	11491190
tests-f2a0b72b/micro/1-fastlz-262144.tsv	read	0	6	4194304	17629	0	0	17	11784638	11838956
tests-f2a0b72b/micro/1-fastlz-262144.tsv	read	0	7	4194304	17629	0	0	17	11719980	11721290
tests-f2a0b72b/micro/1-fastlz-262144.tsv	read	0	8	4194304	17629	0	0	17	11708030	11709922
tests-f2a0b72b/micro/1-fastlz-262144.tsv	read	0	9	4194304	17629	0	0	17	11718401	11720268
tests-f2a0b72b/micro/1-fastlz-32768.tsv	encode	0	0	4194304	49280	1583	1	0	10093578	10096742
tests-f2a0b72b/micro/1-fastlz-32768.tsv	encode	0	1	4194304	49280	1583	1	0	9356459	9424061
tests-f2a0b72b/micro/1-fastlz-32768.tsv	read	0	0	4096	385	0	0	1	112361	112758
tests-f2a0b72b/micro/1-fastlz-32768.tsv	read	0	1	4096	385	0	0	1	90130	90481
tests-f2a0b72b/micro/1-fastlz-32768.tsv	read	0	2	4096	385	0	0	1	91783	92135
tests-f2a0b72b/micro/1-fastlz-32768.tsv	read	0	3	4096	385	0	0	1	90281	90633
tests-f2a0b72b/micro/1-fastlz-32768.tsv	read	0	4	4194304	49280	0	0	128	12967906	12970070
tests-f2a0b72b/micro/1-fastlz-32768.tsv	read	0	5	4194304	49280	0	0	128	11324359	11326373
tests-f2a0b72b/micro/1-fastlz-32768.tsv	read	0	6	4194304	49665	0	0	129	11268466	11269964
tests-f2a0b72b/micro/1-fastlz-32768.tsv	read	0	7	4194304	49665	0	0	129	11349157	11404651
tests-f2a0b72b/micro/1-fastlz-32768.tsv	read	0	8	4194304	49665	0	0	129	11262249	11263981
tests-f2a0b72b/micro/1-fastlz-32768.tsv	read	0	9	4194304	49665	0	0	129	11363780	11365515
tests-f2a0b72b/micro/1-fastlz-4194304.tsv	encode	0	0	4194304	16458	58	1	0	10932382	10935601
tests-f2a0b72b/micro/1-fastlz-4194304.tsv	encode	0	1	4194304	16458	58	1	0	10342319	10409415
tests-f2a0b72b/micro/1-fastlz-4194304.tsv	read	0	0	4096	16458	0	0	1	11668714	11669958
tests-f2a0b72b/micro/1-fastlz-4194304.tsv	read	0	1	4096	16458	0	0	1	10763497	10764670
tests-f2a0b72b/micro/1-fastlz-4194304.tsv	read	0	2	4096	16458	0	0	1	10420167	10421054
tests-f2a0b72b/micro/1-fastlz-4194304.tsv	read	0	3	4096	16458	0	0	1	10452720	10505865
tests-f2a0b72b/micro/1-fastlz-4194304.tsv	read	0	4	4194304	16458	0	0	1	12711759	12713841
tests-f2a0b72b/micro/1-fastlz-4194304.tsv	read	0	5	4194304	16458	0	0	1	11231661	11233569
tests-f2a0b72b/micro/1-fastlz-4194304.tsv	read	0	6	4194304	32916	0	0	2	21645878	21647743
tests-f2a0b72b/micro/1-fastlz-4194304.tsv	read	0	7	4194304	32916	0	0	2	21582352	21636675
tests-f2a0b72b/micro/1-fastlz-4194304.tsv	read	0	8	4194304	32916	0	0	2	21488625	21498610
tests-f2a0b72b/micro/1-fastlz-4194304.tsv	read	0	9	4194304	32916	0	0	2	21467215	21521542
tests-f2a0b72b/micro/1-fastlz-65536.tsv	encode	0	0	4194304	17024	815	1	0	12353957	12418861
tests-f2a0b72b/micro/1-fastlz-65536.tsv	encode	0	1	4194304	17024	815	1	0	11671508	11672776
tests-f2a0b72b/micro/1-fastlz-65536.tsv	read	0	0	4096	266	0	0	1	206546	206982
tests-f2a0b72b/micro/1-fastlz-65536.tsv	read	0	1	4096	266	0	0	1	171632	171966
tests-f2a0b72b/micro/1-fastlz-65536.tsv	read	0	2	4096	266	0	0	1	171478	171807
tests-f2a0b72b/micro/1-fastlz-65536.tsv	read	0	3	4096	266	0	0	1	170420	170746
tests-f2a0b72b/micro/1-fastlz-65536.tsv	read	0	4	4194304	17024	0	0	64	12718787	12720718
tests-f2a0b72b/micro/1-fastlz-65536.tsv	read	0	5	4194304	17024	0	0	64	11369577	11371482
tests-f2a0b72b/micro/1-fastlz-65536.tsv	read	0	6	4194304	17290	0	0	65	11406675	11408207
tests-f2a0b72b/micro/1-fastlz-65536.tsv	read	0	7	4194304	17290	0	0	65	11356799	11413108
tests-f2a0b72b/micro/1-fastlz-65536.tsv	read	0	8	4194304	17290	0	0	65	11370018	11371889
tests-f2a0b72b/micro/1-fastlz-65536.tsv	read	0	9	4194304	17290	0	0	65	11315918	11317709
tests-f2a0b72b/micro/1-lz4-131072.tsv	encode	0	0	4194304	16768	429	1	0	3036727	3039850
tests-f2a0b72b/micro/1-lz4-131072.tsv	encode	0	1	4194304	16768	429	1	0	2489279	2490084
tests-f2a0b72b/micro/1-lz4-131072.tsv	read	0	0	4096	524	0	0	1	432869	433762
tests-f2a0b72b/micro/1-lz4-131072.tsv	read	0	1	4096	524	0	0	1	88107	88502
tests-f2a0b72b/micro/1-lz4-131072.tsv	read	0	2	4096	524	0	0	1	43365	43752
tests-f2a0b72b/micro/1-lz4-131072.tsv	read	0	3	4096	524	0	0	1	42737	43116
tests-f2a0b72b/micro/1-lz4-131072.tsv	read	0	4	4194304	16768	0	0	32	3306145	3307167
tests-f2a0b72b/micro/1-lz4-131072.tsv	read	0	5	4194304	16768	0	0	32	1796051	1798035
tests-f2a0b72b/micro/1-lz4-131072.tsv	read	0	6	4194304	17292	0	0	33	1815857	1817494
tests-f2a0b72b/micro/1-lz4-131072.tsv	read	0	7	4194304	17292	0	0	33	1846665	1938164
tests-f2a0b72b/micro/1-lz4-131072.tsv	read	0	8	4194304	17292	0	0	33	1810786	1812097
tests-f2a0b72b/micro/1-lz4-131072.tsv	read	0	9	4194304	17292	0	0	33	1796100	1797545
tests-f2a0b72b/micro/1-lz4-16384.tsv	encode	0	0	4194304	19200	2607	1	0	3319488	3322983
tests-f2a0b72b/micro/1-lz4-16384.tsv	encode	0	1	4194304	19200	2607	1	0	2780276	2781241
tests-f2a0b72b/micro/1-lz4-16384.tsv	read	0	0	4096	75	0	0	1	40173	40609
tests-f2a0b72b/micro/1-lz4-16384.tsv	read	0	1	4096	75	0	0	1	19451	19754
tests-f2a0b72b/micro/1-lz4-16384.tsv	read	0	2	4096	75	0	0	1	20419	20739
tests-f2a0b72b/micro/1-lz4-16384.tsv	read	0	3	4096	75	0	0	1	18767	19106
tests-f2a0b72b/micro/1-lz4-16384.tsv	read	0	4	4194304	19200	0	0	256	3641970	3644151
tests-f2a0b72b/micro/1-lz4-16384.tsv	read	0	5	4194304	19200	0	0	256	2194177	2195794
tests-f2a0b72b/micro/1-lz4-16384.tsv	read	0	6	4194304	19275	0	0	257	2162573	2231323
tests-f2a0b72b/micro/1-lz4-16384.tsv	read	0	7	4194304	19275	0	0	257	2110426	2112297
tests-f2a0b72b/micro/1-lz4-16384.tsv	read	0	8	4194304	19275	0	0	257	2054267	2055769
tests-f2a0b72b/micro/1-lz4-16384.tsv	read	0	9	4194304	19275	0	0	257	2094324	2095861
tests-f2a0b72b/micro/1-lz4-262144.tsv	encode	0	0	4194304	16608	234	1	0	2994219	2997721
tests-f2a0b72b/micro/1-lz4-262144.tsv	encode	0	1	4194304	16608	234	1	0	2399223	2399942
tests-f2a0b72b/micro/1-lz4-262144.tsv	read	0	0	4096	1038	0	0	1	176769	177185
tests-f2a0b72b/micro/1-lz4-262144.tsv	read	0	1	4096	1038	0	0	1	83555	83900
tests-f2a0b72b/micro/1-lz4-262144.tsv	read	0	2	4096	1038	0	0	1	82994	83340
tests-f2a0b72b/micro/1-lz4-262144.tsv	read	0	3	4096	1038	0	0	1	84100	84455
tests-f2a0b72b/micro/1-lz4-262144.tsv	read	0	4	4194304	16608	0	0	16	3366194	3368016
tests-f2a0b72b/micro/1-lz4-262144.tsv	read	0	5	4194304	16608	0	0	16	1842802	1844494
tests-f2a0b72b/micro/1-lz4-262144.tsv	read	0	6	4194304	17646	0	0	17	1854944	1945044
tests-f2a0b72b/micro/1-lz4-262144.tsv	read	0	7	4194304	17646	0	0	17	1832721	1833719
tests-f2a0b72b/micro/1-lz4-262144.tsv	read	0	8	4194304	17646	0	0	17	1810433	1811989
tests-f2a0b72b/micro/1-lz4-262144.tsv	read	0	9	4194304	17646	0	0	17	1812247	1813543
tests-f2a0b72b/micro/1-lz4-32768.tsv	encode	0	0	4194304	17792	1583	1	0	2976861	2979516
tests-f2a0b72b/micro/1-lz4-32768.tsv	encode	0	1	4194304	17792	1583	1	0	2423919	2424714
tests-f2a0b72b/micro/1-lz4-32768.tsv	read	0	0	4096	139	0	0	1	58639	59098
tests-f2a0b72b/micro/1-lz4-32768.tsv	read	0	1	4096	139	0	0	1	31490	31822
tests-f2a0b72b/micro/1-lz4-32768.tsv	read	0	2	4096	139	0	0	1	31653	31992
tests-f2a0b72b/micro/1-lz4-32768.tsv	read	0	3	4096	139	0	0	1	31185	31532
tests-f2a0b72b/micro/1-lz4-32768.tsv	read	0	4	4194304	17792	0	0	128	4620028	4622015
tests-f2a0b72b/micro/1-lz4-32768.tsv	read	0	5	4194304	17792	0	0	128	2884336	2955391
tests-f2a0b72b/micro/1-lz4-32768.tsv	read	0	6	4194304	17931	0	0	129	2848453	2850325
tests-f2a0b72b/micro/1-lz4-32768.tsv	read	0	7	4194304	17931	0	0	129	2844222	2846185
tests-f2a0b72b/micro/1-lz4-32768.tsv	read	0	8	4194304	17931	0	0	129	2855469	2856704
tests-f2a0b72b/micro/1-lz4-32768.tsv	read	0	9	4194304	17931	0	0	129	2735494	2737202
tests-f2a0b72b/micro/1-lz4-4194304.tsv	encode	0	0	4194304	16459	58	1	0	2869506	2872069
tests-f2a0b72b/micro/1-lz4-4194304.tsv	encode	0	1	4194304	16459	58	1	0	2364798	2365717
tests-f2a0b72b/micro/1-lz4-4194304.tsv	read	0	0	4096	16459	0	0	1	2532380	2533431
tests-f2a0b72b/micro/1-lz4-4194304.tsv	read	0	1	4096	16459	0	0	1	1245195	1246096
tests-f2a0b72b/micro/1-lz4-4194304.tsv	read	0	2	4096	16459	0	0	1	1214423	1215207
tests-f2a0b72b/micro/1-lz4-4194304.tsv	read	0	3	4096	16459	0	0	1	1235885	1305658
tests-f2a0b72b/micro/1-lz4-4194304.tsv	read	0	4	4194304	16459	0	0	1	3525714	3527312
tests-f2a0b72b/micro/1-lz4-4194304.tsv	read	0	5	4194304	16459	0	0	1	2024411	2025827
tests-f2a0b72b/micro/1-lz4-4194304.tsv	read	0	6	4194304	32918	0	0	2	3230222	3231287
tests-f2a0b72b/micro/1-lz4-4194304.tsv	read	0	7	4194304	32918	0	0	2	3278451	3279261
tests-f2a0b72b/micro/1-lz4-4194304.tsv	read	0	8	4194304	32918	0	0	2	3153161	3154915
tests-f2a0b72b/micro/1-lz4-4194304.tsv	read	0	9	4194304	32918	0	0	2	3158785	3160502
tests-f2a0b72b/micro/1-lz4-65536.tsv	encode	0	0	4194304	17088	815	1	0	3041544	3044935
tests-f2a0b72b/micro/1-lz4-65536.tsv	encode	0	1	4194304	17088	815	1	0	2491843	2493040
tests-f2a0b72b/micro/1-lz4-65536.tsv	read	0	0	4096	267	0	0	1	69861	70318
tests-f2a0b72b/micro/1-lz4-65536.tsv	read	0	1	4096	267	0	0	1	26070	26418
tests-f2a0b72b/micro/1-lz4-65536.tsv	read	0	2	4096	267	0	0	1	25661	25978
tests-f2a0b72b/micro/1-lz4-65536.tsv	read	0	3	4096	267	0	0	1	25542	25863
tests-f2a0b72b/micro/1-lz4-65536.tsv	read	0	4	4194304	17088	0	0	64	3324124	3325992
tests-f2a0b72b/micro/1-lz4-65536.tsv	read	0	5	4194304	17088	0	0	64	1884589	1886182
tests-f2a0b72b/micro/1-lz4-65536.tsv	read	0	6	4194304	17355	0	0	65	1857038	1922768
tests-f2a0b72b/micro/1-lz4-65536.tsv	read	0	7	4194304	17355	0	0	65	1793956	1795436
tests-f2a0b72b/micro/1-lz4-65536.tsv	read	0	8	4194304	17355	0	0	65	1847834	1849276
tests-f2a0b72b/micro/1-lz4-65536.tsv	read	0	9	4194304	17355	0	0	65	1788103	1789640
tests-f2a0b72b/micro/1-snappy-131072.tsv	encode	0	0	4194304	196832	429	1	0	4666036	4669344
tests-f2a0b72b/micro/1-snappy-131072.tsv	encode	0	1	4194304	196832	429	1	0	3563468	3564370
tests-f2a0b72b/micro/1-snappy-131072.tsv	read	0	0	4096	6151	0	0	1	239597	240163
tests-f2a0b72b/micro/1-snappy-131072.tsv	read	0	1	4096	6151	0	0	1	162254	162640
tests-f2a0b72b/micro/1-snappy-131072.tsv	read	0	2	4096	6151	0	0	1	202603	203026
tests-f2a0b72b/micro/1-snappy-131072.tsv	read	0	3	4096	6151	0	0	1	176386	205159
tests-f2a0b72b/micro/1-snappy-131072.tsv	read	0	4	4194304	196832	0	0	32	7149584	7222656
tests-f2a0b72b/micro/1-snappy-131072.tsv	read	0	5	4194304	196832	0	0	32	5635575	5637331
tests-f2a0b72b/micro/1-snappy-131072.tsv	read	0	6	4194304	202983	0	0	33	5713906	5715597
tests-f2a0b72b/micro/1-snappy-131072.tsv	read	0	7	4194304	202983	0	0	33	5576866	5578163
tests-f2a0b72b/micro/1-snappy-131072.tsv	read	0	8	4194304	202983	0	0	33	5528949	5530806
tests-f2a0b72b/micro/1-snappy-131072.tsv	read	0	9	4194304	202983	0	0	33	5612705	5614501
tests-f2a0b72b/micro/1-snappy-16384.tsv	encode	0	0	4194304	197888	3119	1	0	4694527	4698081
tests-f2a0b72b/micro/1-snappy-16384.tsv	encode	0	1	4194304	197888	3119	1	0	4022969	4023937
tests-f2a0b72b/micro/1-snappy-16384.tsv	read	0	0	4096	773	0	0	1	56056	56504
tests-f2a0b72b/micro/1-snappy-16384.tsv	read	0	1	4096	773	0	0	1	36007	36358
tests-f2a0b72b/micro/1-snappy-16384.tsv	read	0	2	4096	773	0	0	1	36572	36921
tests-f2a0b72b/micro/1-snappy-16384.tsv	read	0	3	4096	773	0	0	1	35119	35476
tests-f2a0b72b/micro/1-snappy-16384.tsv	read	0	4	4194304	197888	0	0	256	7780301	7850078
tests-f2a0b72b/micro/1-snappy-16384.tsv	read	0	5	4194304	197888	0	0	256	6053844	6055110
tests-f2a0b72b/micro/1-snappy-16384.tsv	read	0	6	4194304	198661	0	0	257	5971779	5973327
tests-f2a0b72b/micro/1-snappy-16384.tsv	read	0	7	4194304	198661	0	0	257	6057422	6058547
tests-f2a0b72b/micro/1-snappy-16384.tsv	read	0	8	4194304	198661	0	0	257	6014844	6016765
tests-f2a0b72b/micro/1-snappy-16384.tsv	read	0	9	4194304	198661	0	0	257	6181958	6183532
tests-f2a0b72b/micro/1-snappy-262144.tsv	encode	0	0	4194304	196784	234	1	0	4238164	4241562
tests-f2a0b72b/micro/1-snappy-262144.tsv	encode	0	1	4194304	196784	234	1	0	3452381	3453550
tests-f2a0b72b/micro/1-snappy-262144.tsv	read	0	0	4096	12299	0	0	1	425237	425780
tests-f2a0b72b/micro/1-snappy-262144.tsv	read	0	1	4096	12299	0	0	1	332109	332526
tests-f2a0b72b/micro/1-snappy-262144.tsv	read	0	2	4096	12299	0	0	1	330178	330572
tests-f2a0b72b/micro/1-snappy-262144.tsv	read	0	3	4096	12299	0	0	1	329640	330043
tests-f2a0b72b/micro/1-snappy-262144.tsv	read	0	4	4194304	196784	0	0	16	7044823	7117241
tests-f2a0b72b/micro/1-snappy-262144.tsv	read	0	5	4194304	196784	0	0	16	5492618	5494446
tests-f2a0b72b/micro/1-snappy-262144.tsv	read	0	6	4194304	209083	0	0	17	5845798	5847761
tests-f2a0b72b/micro/1-snappy-262144.tsv	read	0	7	4194304	209083	0	0	17	5819096	5820822
tests-f2a0b72b/micro/1-snappy-262144.tsv	read	0	8	4194304	209083	0	0	17	5892563	5894371
tests-f2a0b72b/micro/1-snappy-262144.tsv	read	0	9	4194304	209083	0	0	17	5838779	5840515
tests-f2a0b72b/micro/1-snappy-32768.tsv	encode	0	0	4194304	197248	1583	1	0	4780198	4783966
tests-f2a0b72b/micro/1-snappy-32768.tsv	encode	0	1	4194304	197248	1583	1	0	3840033	3841340
tests-f2a0b72b/micro/1-snappy-32768.tsv	read	0	0	4096	1541	0	0	1	71695	72111
tests-f2a0b72b/micro/1-snappy-32768.tsv	read	0	1	4096	1541	0	0	1	50603	50965
tests-f2a0b72b/micro/1-snappy-32768.tsv	read	0	2	4096	1541	0	0	1	51073	51429
tests-f2a0b72b/micro/1-snappy-32768.tsv	read	0	3	4096	1541	0	0	1	50353	50703
tests-f2a0b72b/micro/1-snappy-32768.tsv	read	0	4	4194304	197248	0	0	128	7689552	7777921
tests-f2a0b72b/micro/1-snappy-32768.tsv	read	0	5	4194304	197248	0	0	128	6090134	6092070
tests-f2a0b72b/micro/1-snappy-32768.tsv	read	0	6	4194304	198789	0	0	129	6029305	6031318
tests-f2a0b72b/micro/1-snappy-32768.tsv	read	0	7	4194304	198789	0	0	129	5869415	5870768
tests-f2a0b72b/micro/1-snappy-32768.tsv	read	0	8	4194304	198789	0	0	129	5791339	5793146
tests-f2a0b72b/micro/1-snappy-32768.tsv	read	0	9	4194304	198789	0	0	129	5911020	5912595
tests-f2a0b72b/micro/1-snappy-4194304.tsv	encode	0	0	4194304	196740	58	1	0	3830131	3833248
tests-f2a0b72b/micro/1-snappy-4194304.tsv	encode	0	1	4194304	196740	58	1	0	3323163	3324006
tests-f2a0b72b/micro/1-snappy-4194304.tsv	read	0	0	4096	196740	0	0	1	6363203	6490719
tests-f2a0b72b/micro/1-snappy-4194304.tsv	read	0	1	4096	196740	0	0	1	4880319	4881433
tests-f2a0b72b/micro/1-snappy-4194304.tsv	read	0	2	4096	196740	0	0	1	4841161	4842008
tests-f2a0b72b/micro/1-snappy-4194304.tsv	read	0	3	4096	196740	0	0	1	4886587	4887352
tests-f2a0b72b/micro/1-snappy-4194304.tsv	read	0	4	4194304	196740	0	0	1	7533396	7536316
tests-f2a0b72b/micro/1-snappy-4194304.tsv	read	0	5	4194304	196740	0	0	1	6778487	6780510
tests-f2a0b72b/micro/1-snappy-4194304.tsv	read	0	6	4194304	393480	0	0	2	11092600	11094245
tests-f2a0b72b/micro/1-snappy-4194304.tsv	read	0	7	4194304	393480	0	0	2	10580548	10700608
tests-f2a0b72b/micro/1-snappy-4194304.tsv	read	0	8	4194304	393480	0	0	2	10567237	10568471
tests-f2a0b72b/micro/1-snappy-4194304.tsv	read	0	9	4194304	393480	0	0	2	10606889	10608366
tests-f2a0b72b/micro/1-snappy-65536.tsv	encode	0	0	4194304	196928	815	1	0	4689518	4693137
tests-f2a0b72b/micro/1-snappy-65536.tsv	encode	0	1	4194304	196928	815	1	0	3588101	3589060
tests-f2a0b72b/micro/1-snappy-65536.tsv	read	0	0	4096	3077	0	0	1	130780	131241
tests-f2a0b72b/micro/1-snappy-65536.tsv	read	0	1	4096	3077	0	0	1	106946	107321
tests-f2a0b72b/micro/1-snappy-65536.tsv	read	0	2	4096	3077	0	0	1	88392	88733
tests-f2a0b72b/micro/1-snappy-65536.tsv	read	0	3	4096	3077	0	0	1	88409	88767
tests-f2a0b72b/micro/1-snappy-65536.tsv	read	0	4	4194304	196928	0	0	64	7324883	7412636
tests-f2a0b72b/micro/1-snappy-65536.tsv	read	0	5	4194304	196928	0	0	64	5697398	5699168
tests-f2a0b72b/micro/1-snappy-65536.tsv	read	0	6	4194304	200005	0	0	65	5761312	5762478
tests-f2a0b72b/micro/1-snappy-65536.tsv	read	0	7	4194304	200005	0	0	65	5561016	5562603
tests-f2a0b72b/micro/1-snappy-65536.tsv	read	0	8	4194304	200005	0	0	65	5567967	5568779
tests-f2a0b72b/micro/1-snappy-65536.tsv	read	0	9	4194304	200005	0	0	65	5531719	5533378
tests-f2a0b72b/micro/1-zstd-1-131072.tsv	encode	0	0	4194304	704	365	1	0	3521623	3524688
tests-f2a0b72b/micro/1-zstd-1-131072.tsv	encode	0	1	4194304	704	365	1	0	2915349	2916309
tests-f2a0b72b/micro/1-zstd-1-131072.tsv	read	0	0	4096	22	0	0	1	162608	163125
tests-f2a0b72b/micro/1-zstd-1-131072.tsv	read	0	1	4096	22	0	0	1	70609	70985
tests-f2a0b72b/micro/1-zstd-1-131072.tsv	read	0	2	4096	22	0	0	1	61377	61742
tests-f2a0b72b/micro/1-zstd-1-131072.tsv	read	0	3	4096	22	0	0	1	60512	60894
tests-f2a0b72b/micro/1-zstd-1-131072.tsv	read	0	4	4194304	704	0	0	32	4015639	4107370
tests-f2a0b72b/micro/1-zstd-1-131072.tsv	read	0	5	4194304	704	0	0	32	2414782	2416738
tests-f2a0b72b/micro/1-zstd-1-131072.tsv	read	0	6	4194304	726	0	0	33	2322868	2324610
tests-f2a0b72b/micro/1-zstd-1-131072.tsv	read	0	7	4194304	726	0	0	33	2375759	2377503
tests-f2a0b72b/micro/1-zstd-1-131072.tsv	read	0	8	4194304	726	0	0	33	2461175	2462881
tests-f2a0b72b/micro/1-zstd-1-131072.tsv	read	0	9	4194304	726	0	0	33	2350888	2352643
tests-f2a0b72b/micro/1-zstd-1-16384.tsv	encode	0	0	4194304	4864	2607	1	0	6477633	6480894
tests-f2a0b72b/micro/1-zstd-1-16384.tsv	encode	0	1	4194304	4864	2607	1	0	5561759	5648638
tests-f2a0b72b/micro/1-zstd-1-16384.tsv	read	0	0	4096	19	0	0	1	81120	81638
tests-f2a0b72b/micro/1-zstd-1-16384.tsv	read	0	1	4096	19	0	0	1	26060	26445
tests-f2a0b72b/micro/1-zstd-1-16384.tsv	read	0	2	4096	19	0	0	1	26293	26640
tests-f2a0b72b/micro/1-zstd-1-16384.tsv	read	0	3	4096	19	0	0	1	24624	24961
tests-f2a0b72b/micro/1-zstd-1-16384.tsv	read	0	4	4194304	4864	0	0	256	5233178	5235360
tests-f2a0b72b/micro/1-zstd-1-16384.tsv	read	0	5	4194304	4864	0	0	256	3721680	3723534
tests-f2a0b72b/micro/1-zstd-1-16384.tsv	read	0	6	4194304	4883	0	0	257	3665535	3667344
tests-f2a0b72b/micro/1-zstd-1-16384.tsv	read	0	7	4194304	4883	0	0	257	3604955	3606822
tests-f2a0b72b/micro/1-zstd-1-16384.tsv	read	0	8	4194304	4883	0	0	257	3691653	3693570
tests-f2a0b72b/micro/1-zstd-1-16384.tsv	read	0	9	4194304	4883	0	0	257	3572110	3574031
tests-f2a0b72b/micro/1-zstd-1-262144.tsv	encode	0	0	4194304	416	202	1	0	4029843	4032992
tests-f2a0b72b/micro/1-zstd-1-262144.tsv	encode	0	1	4194304	416	202	1	0	3414240	3415272
tests-f2a0b72b/micro/1-zstd-1-262144.tsv	read	0	0	4096	26	0	0	1	498222	499334
tests-f2a0b72b/micro/1-zstd-1-262144.tsv	read	0	1	4096	26	0	0	1	72172	72585
tests-f2a0b72b/micro/1-zstd-1-262144.tsv	read	0	2	4096	26	0	0	1	66005	66420
tests-f2a0b72b/micro/1-zstd-1-262144.tsv	read	0	3	4096	26	0	0	1	63707	64091
tests-f2a0b72b/micro/1-zstd-1-262144.tsv	read	0	4	4194304	416	0	0	16	2905245	2907100
tests-f2a0b72b/micro/1-zstd-1-262144.tsv	read	0	5	4194304	416	0	0	16	1510686	1581858
tests-f2a0b72b/micro/1-zstd-1-262144.tsv	read	0	6	4194304	442	0	0	17	1559769	1561597
tests-f2a0b72b/micro/1-zstd-1-262144.tsv	read	0	7	4194304	442	0	0	17	1550147	1551735
tests-f2a0b72b/micro/1-zstd-1-262144.tsv	read	0	8	4194304	442	0	0	17	1535735	1537394
tests-f2a0b72b/micro/1-zstd-1-262144.tsv	read	0	9	4194304	442	0	0	17	1478083	1479572
tests-f2a0b72b/micro/1-zstd-1-32768.tsv	encode	0	0	4194304	2432	1327	1	0	4299161	4302338
tests-f2a0b72b/micro/1-zstd-1-32768.tsv	encode	0	1	4194304	2432	1327	1	0	3686963	3688011
tests-f2a0b72b/micro/1-zstd-1-32768.tsv	read	0	0	4096	19	0	0	1	92108	92631
tests-f2a0b72b/micro/1-zstd-1-32768.tsv	read	0	1	4096	19	0	0	1	27810	28167
tests-f2a0b72b/micro/1-zstd-1-32768.tsv	read	0	2	4096	19	0	0	1	26678	27062
tests-f2a0b72b/micro/1-zstd-1-32768.tsv	read	0	3	4096	19	0	0	1	26200	26563
tests-f2a0b72b/micro/1-zstd-1-32768.tsv	read	0	4	4194304	2432	0	0	128	4446181	4516671
tests-f2a0b72b/micro/1-zstd-1-32768.tsv	read	0	5	4194304	2432	0	0	128	3027223	3029038
tests-f2a0b72b/micro/1-zstd-1-32768.tsv	read	0	6	4194304	2451	0	0	129	2933692	2935420
tests-f2a0b72b/micro/1-zstd-1-32768.tsv	read	0	7	4194304	2451	0	0	129	2874493	2876415
tests-f2a0b72b/micro/1-zstd-1-32768.tsv	read	0	8	4194304	2451	0	0	129	2842995	2844902
tests-f2a0b72b/micro/1-zstd-1-32768.tsv	read	0	9	4194304	2451	0	0	129	2855187	2857012
tests-f2a0b72b/micro/1-zstd-1-4194304.tsv	encode	0	0	4194304	147	56	1	0	4481164	4484140
tests-f2a0b72b/micro/1-zstd-1-4194304.tsv	encode	0	1	4194304	147	56	1	0	3950513	3951472
tests-f2a0b72b/micro/1-zstd-1-4194304.tsv	read	0	0	4096	147	0	0	1	1665420	1666334
tests-f2a0b72b/micro/1-zstd-1-4194304.tsv	read	0	1	4096	147	0	0	1	278529	279596
tests-f2a0b72b/micro/1-zstd-1-4194304.tsv	read	0	2	4096	147	0	0	1	218687	219667
tests-f2a0b72b/micro/1-zstd-1-4194304.tsv	read	0	3	4096	147	0	0	1	216222	217344
tests-f2a0b72b/micro/1-zstd-1-4194304.tsv	read	0	4	4194304	147	0	0	1	2546225	2609220
tests-f2a0b72b/micro/1-zstd-1-4194304.tsv	read	0	5	4194304	147	0	0	1	1331238	1332994
tests-f2a0b72b/micro/1-zstd-1-4194304.tsv	read	0	6	4194304	294	0	0	2	1165017	1166718
tests-f2a0b72b/micro/1-zstd-1-4194304.tsv	read	0	7	4194304	294	0	0	2	1170917	1172486
tests-f2a0b72b/micro/1-zstd-1-4194304.tsv	read	0	8	4194304	294	0	0	2	1166329	1167951
tests-f2a0b72b/micro/1-zstd-1-4194304.tsv	read	0	9	4194304	294	0	0	2	1148759	1150347
tests-f2a0b72b/micro/1-zstd-1-65536.tsv	encode	0	0	4194304	1280	685	1	0	3934277	3937329
tests-f2a0b72b/micro/1-zstd-1-65536.tsv	encode	0	1	4194304	1280	685	1	0	3224884	3225929
tests-f2a0b72b/micro/1-zstd-1-65536.tsv	read	0	0	4096	20	0	0	1	117845	118397
tests-f2a0b72b/micro/1-zstd-1-65536.tsv	read	0	1	4096	20	0	0	1	37857	38243
tests-f2a0b72b/micro/1-zstd-1-65536.tsv	read	0	2	4096	20	0	0	1	35834	36165
tests-f2a0b72b/micro/1-zstd-1-65536.tsv	read	0	3	4096	20	0	0	1	35187	35550
tests-f2a0b72b/micro/1-zstd-1-65536.tsv	read	0	4	4194304	1280	0	0	64	4013907	4088690
tests-f2a0b72b/micro/1-zstd-1-65536.tsv	read	0	5	4194304	1280	0	0	64	2569856	2571775
tests-f2a0b72b/micro/1-zstd-1-65536.tsv	read	0	6	4194304	1300	0	0	65	2651579	2653356
tests-f2a0b72b/micro/1-zstd-1-65536.tsv	read	0	7	4194304	1300	0	0	65	2518508	2519653
tests-f2a0b72b/micro/1-zstd-1-65536.tsv	read	0	8	4194304	1300	0	0	65	2510584	2512254
tests-f2a0b72b/micro/1-zstd-1-65536.tsv	read	0	9	4194304	1300	0	0	65	2487558	2489285
tests-f2a0b72b/micro/1-zstd-3-131072.tsv	encode	0	0	4194304	704	365	1	0	3801965	3805057
tests-f2a0b72b/micro/1-zstd-3-131072.tsv	encode	0	1	4194304	704	365	1	0	3005851	3006852
tests-f2a0b72b/micro/1-zstd-3-131072.tsv	read	0	0	4096	22	0	0	1	134039	134581
tests-f2a0b72b/micro/1-zstd-3-131072.tsv	read	0	1	4096	22	0	0	1	67871	68253
tests-f2a0b72b/micro/1-zstd-3-131072.tsv	read	0	2	4096	22	0	0	1	59203	59565
tests-f2a0b72b/micro/1-zstd-3-131072.tsv	read	0	3	4096	22	0	0	1	58542	58889
tests-f2a0b72b/micro/1-zstd-3-131072.tsv	read	0	4	4194304	704	0	0	32	4253621	4255556
tests-f2a0b72b/micro/1-zstd-3-131072.tsv	read	0	5	4194304	704	0	0	32	2466663	2534813
tests-f2a0b72b/micro/1-zstd-3-131072.tsv	read	0	6	4194304	726	0	0	33	2376583	2378351
tests-f2a0b72b/micro/1-zstd-3-131072.tsv	read	0	7	4194304	726	0	0	33	2358899	2360721
tests-f2a0b72b/micro/1-zstd-3-131072.tsv	read	0	8	4194304	726	0	0	33	2397477	2399215
tests-f2a0b72b/micro/1-zstd-3-131072.tsv	read	0	9	4194304	726	0	0	33	2358296	2359925
tests-f2a0b72b/micro/1-zstd-3-16384.tsv	encode	0	0	4194304	4864	2607	1	0	7065139	7068103
tests-f2a0b72b/micro/1-zstd-3-16384.tsv	encode	0	1	4194304	4864	2607	1	0	6249247	6313900
tests-f2a0b72b/micro/1-zstd-3-16384.tsv	read	0	0	4096	19	0	0	1	93573	94042
tests-f2a0b72b/micro/1-zstd-3-16384.tsv	read	0	1	4096	19	0	0	1	27997	28346
tests-f2a0b72b/micro/1-zstd-3-16384.tsv	read	0	2	4096	19	0	0	1	27540	27875
tests-f2a0b72b/micro/1-zstd-3-16384.tsv	read	0	3	4096	19	0	0	1	25722	26055
tests-f2a0b72b/micro/1-zstd-3-16384.tsv	read	0	4	4194304	4864	0	0	256	5434813	5436384
tests-f2a0b72b/micro/1-zstd-3-16384.tsv	read	0	5	4194304	4864	0	0	256	3825527	3826878
tests-f2a0b72b/micro/1-zstd-3-16384.tsv	read	0	6	4194304	4883	0	0	257	3680811	3682621
tests-f2a0b72b/micro/1-zstd-3-16384.tsv	read	0	7	4194304	4883	0	0	257	3614884	3616562
tests-f2a0b72b/micro/1-zstd-3-16384.tsv	read	0	8	4194304	4883	0	0	257	3646967	3648549
tests-f2a0b72b/micro/1-zstd-3-16384.tsv	read	0	9	4194304	4883	0	0	257	3579778	3581491
tests-f2a0b72b/micro/1-zstd-3-262144.tsv	encode	0	0	4194304	416	202	1	0	5623129	5626479
tests-f2a0b72b/micro/1-zstd-3-262144.tsv	encode	0	1	4194304	416	202	1	0	4527096	4528309
tests-f2a0b72b/micro/1-zstd-3-262144.tsv	read	0	0	4096	26	0	0	1	198105	198715
tests-f2a0b72b/micro/1-zstd-3-262144.tsv	read	0	1	4096	26	0	0	1	66061	66488
tests-f2a0b72b/micro/1-zstd-3-262144.tsv	read	0	2	4096	26	0	0	1	63726	64086
tests-f2a0b72b/micro/1-zstd-3-262144.tsv	read	0	3	4096	26	0	0	1	63334	63691
tests-f2a0b72b/micro/1-zstd-3-262144.tsv	read	0	4	4194304	416	0	0	16	3302957	3373303
tests-f2a0b72b/micro/1-zstd-3-262144.tsv	read	0	5	4194304	416	0	0	16	1512405	1514082
tests-f2a0b72b/micro/1-zstd-3-262144.tsv	read	0	6	4194304	442	0	0	17	1520095	1521775
tests-f2a0b72b/micro/1-zstd-3-262144.tsv	read	0	7	4194304	442	0	0	17	1515167	1516781
tests-f2a0b72b/micro/1-zstd-3-262144.tsv	read	0	8	4194304	442	0	0	17	1514052	1515412
tests-f2a0b72b/micro/1-zstd-3-262144.tsv	read	0	9	4194304	442	0	0	17	1480193	1481823
tests-f2a0b72b/micro/1-zstd-3-32768.tsv	encode	0	0	4194304	2432	1327	1	0	5919364	5922566
tests-f2a0b72b/micro/1-zstd-3-32768.tsv	encode	0	1	4194304	2432	1327	1	0	4712688	4713988
tests-f2a0b72b/micro/1-zstd-3-32768.tsv	read	0	0	4096	19	0	0	1	84271	84807
tests-f2a0b72b/micro/1-zstd-3-32768.tsv	read	0	1	4096	19	0	0	1	27258	27599
tests-f2a0b72b/micro/1-zstd-3-32768.tsv	read	0	2	4096	19	0	0	1	26713	27056
tests-f2a0b72b/micro/1-zstd-3-32768.tsv	read	0	3	4096	19	0	0	1	25334	25657
tests-f2a0b72b/micro/1-zstd-3-32768.tsv	read	0	4	4194304	2432	0	0	128	4489357	4554655
tests-f2a0b72b/micro/1-zstd-3-32768.tsv	read	0	5	4194304	2432	0	0	128	2860187	2861927
tests-f2a0b72b/micro/1-zstd-3-32768.tsv	read	0	6	4194304	2451	0	0	129	2861575	2863411
tests-f2a0b72b/micro/1-zstd-3-32768.tsv	read	0	7	4194304	2451	0	0	129	2880494	2881662
tests-f2a0b72b/micro/1-zstd-3-32768.tsv	read	0	8	4194304	2451	0	0	129	2831207	2832943
tests-f2a0b72b/micro/1-zstd-3-32768.tsv	read	0	9	4194304	2451	0	0	129	2870606	2872344
tests-f2a0b72b/micro/1-zstd-3-4194304.tsv	encode	0	0	4194304	147	56	1	0	6631022	6634212
tests-f2a0b72b/micro/1-zstd-3-4194304.tsv	encode	0	1	4194304	147	56	1	0	5823749	5884248
tests-f2a0b72b/micro/1-zstd-3-4194304.tsv	read	0	0	4096	147	0	0	1	1625546	1626484
tests-f2a0b72b/micro/1-zstd-3-4194304.tsv	read	0	1	4096	147	0	0	1	269317	270241
tests-f2a0b72b/micro/1-zstd-3-4194304.tsv	read	0	2	4096	147	0	0	1	217208	218041
tests-f2a0b72b/micro/1-zstd-3-4194304.tsv	read	0	3	4096	147	0	0	1	215436	216128
tests-f2a0b72b/micro/1-zstd-3-4194304.tsv	read	0	4	4194304	147	0	0	1	2276322	2277970
tests-f2a0b72b/micro/1-zstd-3-4194304.tsv	read	0	5	4194304	147	0	0	1	1001893	1003292
tests-f2a0b72b/micro/1-zstd-3-4194304.tsv	read	0	6	4194304	294	0	0	2	1157977	1159575
tests-f2a0b72b/micro/1-zstd-3-4194304.tsv	read	0	7	4194304	294	0	0	2	1154848	1156483
tests-f2a0b72b/micro/1-zstd-3-4194304.tsv	read	0	8	4194304	294	0	0	2	1159519	1161084
tests-f2a0b72b/micro/1-zstd-3-4194304.tsv	read	0	9	4194304	294	0	0	2	1153897	1155374
tests-f2a0b72b/micro/1-zstd-3-65536.tsv	encode	0	0	4194304	1280	685	1	0	4829376	4832644
tests-f2a0b72b/micro/1-zstd-3-65536.tsv	encode	0	1	4194304	1280	685	1	0	3589504	3590634
tests-f2a0b72b/micro/1-zstd-3-65536.tsv	read	0	0	4096	20	0	0	1	117147	117666
tests-f2a0b72b/micro/1-zstd-3-65536.tsv	read	0	1	4096	20	0	0	1	38100	38444
tests-f2a0b72b/micro/1-zstd-3-65536.tsv	read	0	2	4096	20	0	0	1	36014	36356
tests-f2a0b72b/micro/1-zstd-3-65536.tsv	read	0	3	4096	20	0	0	1	35249	35598
tests-f2a0b72b/micro/1-zstd-3-65536.tsv	read	0	4	4194304	1280	0	0	64	4028490	4030417
tests-f2a0b72b/micro/1-zstd-3-65536.tsv	read	0	5	4194304	1280	0	0	64	2500708	2569153
tests-f2a0b72b/micro/1-zstd-3-65536.tsv	read	0	6	4194304	1300	0	0	65	2532280	2534134
tests-f2a0b72b/micro/1-zstd-3-65536.tsv	read	0	7	4194304	1300	0	0	65	2545867	2547774
tests-f2a0b72b/micro/1-zstd-3-65536.tsv	read	0	8	4194304	1300	0	0	65	2511459	2513291
tests-f2a0b72b/micro/1-zstd-3-65536.tsv	read	0	9	4194304	1300	0	0	65	2563513	2565485
tests-f2a0b72b/micro/1-zstd-fast-131072.tsv	encode	0	0	4194304	704	365	1	0	3435311	3438691
tests-f2a0b72b/micro/1-zstd-fast-131072.tsv	encode	0	1	4194304	704	365	1	0	2811974	2812967
tests-f2a0b72b/micro/1-zstd-fast-131072.tsv	read	0	0	4096	22	0	0	1	155805	156279
tests-f2a0b72b/micro/1-zstd-fast-131072.tsv	read	0	1	4096	22	0	0	1	68117	68488
tests-f2a0b72b/micro/1-zstd-fast-131072.tsv	read	0	2	4096	22	0	0	1	59068	59461
tests-f2a0b72b/micro/1-zstd-fast-131072.tsv	read	0	3	4096	22	0	0	1	58987	59352
tests-f2a0b72b/micro/1-zstd-fast-131072.tsv	read	0	4	4194304	704	0	0	32	4005637	4007603
tests-f2a0b72b/micro/1-zstd-fast-131072.tsv	read	0	5	4194304	704	0	0	32	2385680	2469314
tests-f2a0b72b/micro/1-zstd-fast-131072.tsv	read	0	6	4194304	726	0	0	33	2399145	2401044
tests-f2a0b72b/micro/1-zstd-fast-131072.tsv	read	0	7	4194304	726	0	0	33	2396501	2398185
tests-f2a0b72b/micro/1-zstd-fast-131072.tsv	read	0	8	4194304	726	0	0	33	2391002	2392504
tests-f2a0b72b/micro/1-zstd-fast-131072.tsv	read	0	9	4194304	726	0	0	33	2317925	2319617
tests-f2a0b72b/micro/1-zstd-fast-16384.tsv	encode	0	0	4194304	4864	2607	1	0	5500275	5503195
tests-f2a0b72b/micro/1-zstd-fast-16384.tsv	encode	0	1	4194304	4864	2607	1	0	4915318	4916363
tests-f2a0b72b/micro/1-zstd-fast-16384.tsv	read	0	0	4096	19	0	0	1	85533	86013
tests-f2a0b72b/micro/1-zstd-fast-16384.tsv	read	0	1	4096	19	0	0	1	26752	27111
tests-f2a0b72b/micro/1-zstd-fast-16384.tsv	read	0	2	4096	19	0	0	1	26662	27020
tests-f2a0b72b/micro/1-zstd-fast-16384.tsv	read	0	3	4096	19	0	0	1	35334	99813
tests-f2a0b72b/micro/1-zstd-fast-16384.tsv	read	0	4	4194304	4864	0	0	256	5263074	5264289
tests-f2a0b72b/micro/1-zstd-fast-16384.tsv	read	0	5	4194304	4864	0	0	256	3610889	3612871
tests-f2a0b72b/micro/1-zstd-fast-16384.tsv	read	0	6	4194304	4883	0	0	257	3586421	3588306
tests-f2a0b72b/micro/1-zstd-fast-16384.tsv	read	0	7	4194304	4883	0	0	257	3569824	3571732
tests-f2a0b72b/micro/1-zstd-fast-16384.tsv	read	0	8	4194304	4883	0	0	257	3563798	3565604
tests-f2a0b72b/micro/1-zstd-fast-16384.tsv	read	0	9	4194304	4883	0	0	257	3558149	3559982
tests-f2a0b72b/micro/1-zstd-fast-262144.tsv	encode	0	0	4194304	416	202	1	0	4030809	4034500
tests-f2a0b72b/micro/1-zstd-fast-262144.tsv	encode	0	1	4194304	416	202	1	0	3380564	3381680
tests-f2a0b72b/micro/1-zstd-fast-262144.tsv	read	0	0	4096	26	0	0	1	208871	209665
tests-f2a0b72b/micro/1-zstd-fast-262144.tsv	read	0	1	4096	26	0	0	1	66958	67360
tests-f2a0b72b/micro/1-zstd-fast-262144.tsv	read	0	2	4096	26	0	0	1	64422	64795
tests-f2a0b72b/micro/1-zstd-fast-262144.tsv	read	0	3	4096	26	0	0	1	65531	65929
tests-f2a0b72b/micro/1-zstd-fast-262144.tsv	read	0	4	4194304	416	0	0	16	3005089	3006875
tests-f2a0b72b/micro/1-zstd-fast-262144.tsv	read	0	5	4194304	416	0	0	16	1530990	1609428
tests-f2a0b72b/micro/1-zstd-fast-262144.tsv	read	0	6	4194304	442	0	0	17	1849448	1851327
tests-f2a0b72b/micro/1-zstd-fast-262144.tsv	read	0	7	4194304	442	0	0	17	1489364	1491199
tests-f2a0b72b/micro/1-zstd-fast-262144.tsv	read	0	8	4194304	442	0	0	17	1499763	1501603
tests-f2a0b72b/micro/1-zstd-fast-262144.tsv	read	0	9	4194304	442	0	0	17	1483231	1484831
tests-f2a0b72b/micro/1-zstd-fast-32768.tsv	encode	0	0	4194304	2432	1327	1	0	4636106	4639320
tests-f2a0b72b/micro/1-zstd-fast-32768.tsv	encode	0	1	4194304	2432	1327	1	0	3589839	3590947
tests-f2a0b72b/micro/1-zstd-fast-32768.tsv	read	0	0	4096	19	0	0	1	96927	97412
tests-f2a0b72b/micro/1-zstd-fast-32768.tsv	read	0	1	4096	19	0	0	1	27909	28289
tests-f2a0b72b/micro/1-zstd-fast-32768.tsv	read	0	2	4096	19	0	0	1	26136	26498
tests-f2a0b72b/micro/1-zstd-fast-32768.tsv	read	0	3	4096	19	0	0	1	25511	25857
tests-f2a0b72b/micro/1-zstd-fast-32768.tsv	read	0	4	4194304	2432	0	0	128	4498355	4571357
tests-f2a0b72b/micro/1-zstd-fast-32768.tsv	read	0	5	4194304	2432	0	0	128	2870682	2872470
tests-f2a0b72b/micro/1-zstd-fast-32768.tsv	read	0	6	4194304	2451	0	0	129	2895838	2897568
tests-f2a0b72b/micro/1-zstd-fast-32768.tsv	read	0	7	4194304	2451	0	0	129	2799789	2801357
tests-f2a0b72b/micro/1-zstd-fast-32768.tsv	read	0	8	4194304	2451	0	0	129	2799039	2800491
tests-f2a0b72b/micro/1-zstd-fast-32768.tsv	read	0	9	4194304	2451	0	0	129	2841342	2842756
tests-f2a0b72b/micro/1-zstd-fast-4194304.tsv	encode	0	0	4194304	147	56	1	0	4513398	4516739
tests-f2a0b72b/micro/1-zstd-fast-4194304.tsv	encode	0	1	4194304	147	56	1	0	3960272	3961539
tests-f2a0b72b/micro/1-zstd-fast-4194304.tsv	read	0	0	4096	147	0	0	1	1765029	1765907
tests-f2a0b72b/micro/1-zstd-fast-4194304.tsv	read	0	1	4096	147	0	0	1	306236	307216
tests-f2a0b72b/micro/1-zstd-fast-4194304.tsv	read	0	2	4096	147	0	0	1	217714	218345
tests-f2a0b72b/micro/1-zstd-fast-4194304.tsv	read	0	3	4096	147	0	0	1	215755	216425
tests-f2a0b72b/micro/1-zstd-fast-4194304.tsv	read	0	4	4194304	147	0	0	1	2597330	2681450
tests-f2a0b72b/micro/1-zstd-fast-4194304.tsv	read	0	5	4194304	147	0	0	1	1014547	1016198
tests-f2a0b72b/micro/1-zstd-fast-4194304.tsv	read	0	6	4194304	294	0	0	2	1180412	1182100
tests-f2a0b72b/micro/1-zstd-fast-4194304.tsv	read	0	7	4194304	294	0	0	2	1168866	1170521
tests-f2a0b72b/micro/1-zstd-fast-4194304.tsv	read	0	8	4194304	294	0	0	2	1186805	1187879
tests-f2a0b72b/micro/1-zstd-fast-4194304.tsv	read	0	9	4194304	294	0	0	2	1175803	1177524
tests-f2a0b72b/micro/1-zstd-fast-65536.tsv	encode	0	0	4194304	1280	685	1	0	3942205	3946268
tests-f2a0b72b/micro/1-zstd-fast-65536.tsv	encode	0	1	4194304	1280	685	1	0	3315449	3316561
tests-f2a0b72b/micro/1-zstd-fast-65536.tsv	read	0	0	4096	20	0	0	1	123580	124103
tests-f2a0b72b/micro/1-zstd-fast-65536.tsv	read	0	1	4096	20	0	0	1	38877	39272
tests-f2a0b72b/micro/1-zstd-fast-65536.tsv	read	0	2	4096	20	0	0	1	36772	37136
tests-f2a0b72b/micro/1-zstd-fast-65536.tsv	read	0	3	4096	20	0	0	1	36180	36573
tests-f2a0b72b/micro/1-zstd-fast-65536.tsv	read	0	4	4194304	1280	0	0	64	4178299	4259026
tests-f2a0b72b/micro/1-zstd-fast-65536.tsv	read	0	5	4194304	1280	0	0	64	2673315	2675212
tests-f2a0b72b/micro/1-zstd-fast-65536.tsv	read	0	6	4194304	1300	0	0	65	2628331	2629292
tests-f2a0b72b/micro/1-zstd-fast-65536.tsv	read	0	7	4194304	1300	0	0	65	2550367	2551953
tests-f2a0b72b/micro/1-zstd-fast-65536.tsv	read	0	8	4194304	1300	0	0	65	2609864	2611635
tests-f2a0b72b/micro/1-zstd-fast-65536.tsv	read	0	9	4194304	1300	0	0	65	2499813	2501510
